﻿<NewDataSet><xs:schema id="NewDataSet" xmlns="" xmlns:xs="http://www.w3.org/2001/XMLSchema" xmlns:msdata="urn:schemas-microsoft-com:xml-msdata" xmlns:msprop="urn:schemas-microsoft-com:xml-msprop"><xs:element name="NewDataSet" msdata:IsDataSet="true" msdata:MainDataTable="FCFO" msdata:UseCurrentLocale="true"><xs:complexType><xs:choice minOccurs="0" maxOccurs="unbounded"><xs:element name="FCFO" msprop:_x0023__x0023_SQLFetch="00:00:00.0318738" msprop:_x0040_SQL="  SELECT * FROM FCFO (NOLOCK)   WHERE CODCFO IN (SELECT CODCFO FROM MCNT (NOLOCK) WHERE CODCOLIGADA = 51 AND IDPRJ = 1  &#xD;&#xA;                                              UNION&#xD;&#xA;                                              SELECT CODCLIENTE FROM MPRJ (NOLOCK) WHERE CODCOLIGADA = 51 AND IDPRJ = 1)&#xD;&#xA;                            AND CODCOLIGADA IN (0, 51)  "><xs:complexType><xs:sequence><xs:element name="CODCOLIGADA" type="xs:short" minOccurs="0" /><xs:element name="CODCFO" type="xs:string" minOccurs="0" /><xs:element name="NOMEFANTASIA" type="xs:string" minOccurs="0" /><xs:element name="NOME" type="xs:string" minOccurs="0" /><xs:element name="CGCCFO" type="xs:string" minOccurs="0" /><xs:element name="INSCRESTADUAL" type="xs:string" minOccurs="0" /><xs:element name="PAGREC" type="xs:short" minOccurs="0" /><xs:element name="RUA" type="xs:string" minOccurs="0" /><xs:element name="NUMERO" type="xs:string" minOccurs="0" /><xs:element name="COMPLEMENTO" type="xs:string" minOccurs="0" /><xs:element name="BAIRRO" type="xs:string" minOccurs="0" /><xs:element name="CIDADE" type="xs:string" minOccurs="0" /><xs:element name="CODETD" type="xs:string" minOccurs="0" /><xs:element name="CEP" type="xs:string" minOccurs="0" /><xs:element name="TELEFONE" type="xs:string" minOccurs="0" /><xs:element name="RUAPGTO" type="xs:string" minOccurs="0" /><xs:element name="NUMEROPGTO" type="xs:string" minOccurs="0" /><xs:element name="COMPLEMENTOPGTO" type="xs:string" minOccurs="0" /><xs:element name="BAIRROPGTO" type="xs:string" minOccurs="0" /><xs:element name="CIDADEPGTO" type="xs:string" minOccurs="0" /><xs:element name="CODETDPGTO" type="xs:string" minOccurs="0" /><xs:element name="CEPPGTO" type="xs:string" minOccurs="0" /><xs:element name="TELEFONEPGTO" type="xs:string" minOccurs="0" /><xs:element name="RUAENTREGA" type="xs:string" minOccurs="0" /><xs:element name="NUMEROENTREGA" type="xs:string" minOccurs="0" /><xs:element name="COMPLEMENTREGA" type="xs:string" minOccurs="0" /><xs:element name="BAIRROENTREGA" type="xs:string" minOccurs="0" /><xs:element name="CIDADEENTREGA" type="xs:string" minOccurs="0" /><xs:element name="CODETDENTREGA" type="xs:string" minOccurs="0" /><xs:element name="CEPENTREGA" type="xs:string" minOccurs="0" /><xs:element name="TELEFONEENTREGA" type="xs:string" minOccurs="0" /><xs:element name="FAX" type="xs:string" minOccurs="0" /><xs:element name="TELEX" type="xs:string" minOccurs="0" /><xs:element name="EMAIL" type="xs:string" minOccurs="0" /><xs:element name="CONTATO" type="xs:string" minOccurs="0" /><xs:element name="CODTCF" type="xs:string" minOccurs="0" /><xs:element name="ATIVO" type="xs:short" minOccurs="0" /><xs:element name="LIMITECREDITO" type="xs:decimal" minOccurs="0" /><xs:element name="VALORULTIMOLAN" type="xs:decimal" minOccurs="0" /><xs:element name="TIPOINSCRCNAB" type="xs:short" minOccurs="0" /><xs:element name="SIMBMOEDAINDEX" type="xs:string" minOccurs="0" /><xs:element name="DATAULTALTERACAO" type="xs:dateTime" minOccurs="0" /><xs:element name="DATACRIACAO" type="xs:dateTime" minOccurs="0" /><xs:element name="DATAULTMOVIMENTO" type="xs:dateTime" minOccurs="0" /><xs:element name="CONTEVENTOCONTAB" type="xs:short" minOccurs="0" /><xs:element name="CAMPOLIVRE" type="xs:string" minOccurs="0" /><xs:element name="CAMPOALFAOP1" type="xs:string" minOccurs="0" /><xs:element name="CAMPOALFAOP2" type="xs:string" minOccurs="0" /><xs:element name="CAMPOALFAOP3" type="xs:string" minOccurs="0" /><xs:element name="VALOROP1" type="xs:decimal" minOccurs="0" /><xs:element name="VALOROP2" type="xs:decimal" minOccurs="0" /><xs:element name="VALOROP3" type="xs:decimal" minOccurs="0" /><xs:element name="DATAOP1" type="xs:dateTime" minOccurs="0" /><xs:element name="DATAOP2" type="xs:dateTime" minOccurs="0" /><xs:element name="DATAOP3" type="xs:dateTime" minOccurs="0" /><xs:element name="CODTRA" type="xs:string" minOccurs="0" /><xs:element name="CHAPA" type="xs:string" minOccurs="0" /><xs:element name="STATUSCOTACAO" type="xs:string" minOccurs="0" /><xs:element name="DTINICATIVIDADES" type="xs:dateTime" minOccurs="0" /><xs:element name="PATRIMONIO" type="xs:decimal" minOccurs="0" /><xs:element name="NUMFUNCIONARIOS" type="xs:int" minOccurs="0" /><xs:element name="CODCOLCHAVESESTRANG" type="xs:short" minOccurs="0" /><xs:element name="CODCOLTCF" type="xs:short" minOccurs="0" /><xs:element name="FAXDEDICADO" type="xs:short" minOccurs="0" /><xs:element name="CODMUNICIPIO" type="xs:string" minOccurs="0" /><xs:element name="CODCOLCONTAGER" type="xs:short" minOccurs="0" /><xs:element name="CODCONTAGER" type="xs:string" minOccurs="0" /><xs:element name="FORMAPAGAMENTO" type="xs:short" minOccurs="0" /><xs:element name="IDENTPORCNPJ" type="xs:short" minOccurs="0" /><xs:element name="INSCRMUNICIPAL" type="xs:string" minOccurs="0" /><xs:element name="PESSOAFISOUJUR" type="xs:string" minOccurs="0" /><xs:element name="CONTATOPGTO" type="xs:string" minOccurs="0" /><xs:element name="CONTATOENTREGA" type="xs:string" minOccurs="0" /><xs:element name="PAIS" type="xs:string" minOccurs="0" /><xs:element name="PAISPAGTO" type="xs:string" minOccurs="0" /><xs:element name="PAISENTREGA" type="xs:string" minOccurs="0" /><xs:element name="ULTIMODOCUMENTO" type="xs:string" minOccurs="0" /><xs:element name="CONTRIBUINTE" type="xs:short" minOccurs="0" /><xs:element name="CFOIMOB" type="xs:short" minOccurs="0" /><xs:element name="TIPODOC" type="xs:string" minOccurs="0" /><xs:element name="CODFINALIDADE" type="xs:short" minOccurs="0" /><xs:element name="AGRUPCOB" type="xs:string" minOccurs="0" /><xs:element name="CODCARGO" type="xs:string" minOccurs="0" /><xs:element name="CODVINCULO" type="xs:string" minOccurs="0" /><xs:element name="ENDCOBC" type="xs:string" minOccurs="0" /><xs:element name="CIDENTIDADE" type="xs:string" minOccurs="0" /><xs:element name="CI_ORGAO" type="xs:string" minOccurs="0" /><xs:element name="CI_UF" type="xs:string" minOccurs="0" /><xs:element name="CODPROF" type="xs:int" minOccurs="0" /><xs:element name="CODPAGTOGPS" type="xs:string" minOccurs="0" /><xs:element name="FAXENTREGA" type="xs:string" minOccurs="0" /><xs:element name="EMAILENTREGA" type="xs:string" minOccurs="0" /><xs:element name="FAXPGTO" type="xs:string" minOccurs="0" /><xs:element name="EMAILPGTO" type="xs:string" minOccurs="0" /><xs:element name="SATISFACAO" type="xs:int" minOccurs="0" /><xs:element name="VALFRETE" type="xs:decimal" minOccurs="0" /><xs:element name="TPTOMADOR" type="xs:short" minOccurs="0" /><xs:element name="CONTRIBUINTEISS" type="xs:short" minOccurs="0" /><xs:element name="NUMDEPENDENTES" type="xs:int" minOccurs="0" /><xs:element name="EMPRESA" type="xs:string" minOccurs="0" /><xs:element name="ESTADOCIVIL" type="xs:string" minOccurs="0" /><xs:element name="CODCOLCXA" type="xs:short" minOccurs="0" /><xs:element name="CODCXA" type="xs:string" minOccurs="0" /><xs:element name="PRODUTORRURAL" type="xs:string" minOccurs="0" /><xs:element name="USUARIOALTERACAO" type="xs:string" minOccurs="0" /><xs:element name="SUFRAMA" type="xs:string" minOccurs="0" /><xs:element name="CODMUNICIPIOPGTO" type="xs:string" minOccurs="0" /><xs:element name="CODMUNICIPIOENTREGA" type="xs:string" minOccurs="0" /><xs:element name="ORGAOPUBLICO" type="xs:short" minOccurs="0" /><xs:element name="TELEFONECOMERCIAL" type="xs:string" minOccurs="0" /><xs:element name="CAIXAPOSTAL" type="xs:string" minOccurs="0" /><xs:element name="CAIXAPOSTALENTREGA" type="xs:string" minOccurs="0" /><xs:element name="CAIXAPOSTALPAGAMENTO" type="xs:string" minOccurs="0" /><xs:element name="CATEGORIAAUTONOMO" type="xs:short" minOccurs="0" /><xs:element name="CBOAUTONOMO" type="xs:string" minOccurs="0" /><xs:element name="CIAUTONOMO" type="xs:string" minOccurs="0" /><xs:element name="IDCFO" type="xs:int" minOccurs="0" /><xs:element name="CODIGOINSS" type="xs:string" minOccurs="0" /><xs:element name="VROUTRASDEDUCOESIRRF" type="xs:decimal" minOccurs="0" /><xs:element name="CODRECEITA" type="xs:string" minOccurs="0" /><xs:element name="CEI" type="xs:string" minOccurs="0" /><xs:element name="OPTANTEPELOSIMPLES" type="xs:short" minOccurs="0" /><xs:element name="TIPORUA" type="xs:short" minOccurs="0" /><xs:element name="TIPOBAIRRO" type="xs:short" minOccurs="0" /><xs:element name="REGIMEISS" type="xs:string" minOccurs="0" /><xs:element name="RETENCAOISS" type="xs:short" minOccurs="0" /><xs:element name="DTNASCIMENTO" type="xs:dateTime" minOccurs="0" /><xs:element name="USUARIOCRIACAO" type="xs:string" minOccurs="0" /><xs:element name="TIPOOPCOMBUSTIVEL" type="xs:short" minOccurs="0" /><xs:element name="INSCRESTADUALST" type="xs:string" minOccurs="0" /><xs:element name="LOCALIDADE" type="xs:string" minOccurs="0" /><xs:element name="LOCALIDADEPGTO" type="xs:string" minOccurs="0" /><xs:element name="LOCALIDADEENTREGA" type="xs:string" minOccurs="0" /><xs:element name="TIPORUAPGTO" type="xs:short" minOccurs="0" /><xs:element name="TIPORUAENTREGA" type="xs:short" minOccurs="0" /><xs:element name="TIPOBAIRROPGTO" type="xs:short" minOccurs="0" /><xs:element name="TIPOBAIRROENTREGA" type="xs:short" minOccurs="0" /><xs:element name="PORTE" type="xs:short" minOccurs="0" /><xs:element name="RAMOATIV" type="xs:int" minOccurs="0" /><xs:element name="NIT" type="xs:string" minOccurs="0" /><xs:element name="CEPCAIXAPOSTAL" type="xs:string" minOccurs="0" /><xs:element name="NUMDIASATRASO" type="xs:int" minOccurs="0" /><xs:element name="IDPAIS" type="xs:short" minOccurs="0" /><xs:element name="IDPAISPGTO" type="xs:short" minOccurs="0" /><xs:element name="IDPAISENTREGA" type="xs:short" minOccurs="0" /><xs:element name="TIPOCONTRIBUINTEINSS" type="xs:short" minOccurs="0" /><xs:element name="NACIONALIDADE" type="xs:short" minOccurs="0" /><xs:element name="CODCOLCFOFISCAL" type="xs:short" minOccurs="0" /><xs:element name="IDCFOFISCAL" type="xs:int" minOccurs="0" /><xs:element name="EMAILFISCAL" type="xs:string" minOccurs="0" /><xs:element name="CALCULAAVP" type="xs:short" minOccurs="0" /><xs:element name="CODUSUARIOACESSO" type="xs:string" minOccurs="0" /><xs:element name="RECCREATEDBY" type="xs:string" minOccurs="0" /><xs:element name="RECCREATEDON" type="xs:dateTime" minOccurs="0" /><xs:element name="RECMODIFIEDBY" type="xs:string" minOccurs="0" /><xs:element name="RECMODIFIEDON" type="xs:dateTime" minOccurs="0" /><xs:element name="IDINTEGRACAO" type="xs:string" minOccurs="0" /><xs:element name="USARCUMULATRETENCAOPAGAR" type="xs:short" minOccurs="0" /><xs:element name="NIF" type="xs:string" minOccurs="0" /><xs:element name="SITUACAONIF" type="xs:short" minOccurs="0" /><xs:element name="TIPORENDIMENTO" type="xs:string" minOccurs="0" /><xs:element name="FORMATRIBUTACAO" type="xs:string" minOccurs="0" /><xs:element name="INDNATRET" type="xs:string" minOccurs="0" /><xs:element name="TPLOTACAO_OLD" type="xs:string" minOccurs="0" /><xs:element name="DOCUMENTOESTRANGEIRO" type="xs:string" minOccurs="0" /><xs:element name="INOVAR_AUTO" type="xs:int" minOccurs="0" /><xs:element name="FILIALFINANCEIRA" type="xs:int" minOccurs="0" /><xs:element name="TOMADORFOLHA" type="xs:short" minOccurs="0" /><xs:element name="CNAEPREP" type="xs:string" minOccurs="0" /><xs:element name="PERCENTACIDTRAB" type="xs:decimal" minOccurs="0" /><xs:element name="CODCOLFORMULA" type="xs:short" minOccurs="0" /><xs:element name="FORMULAVALDEDUCAOVARIAVEL" type="xs:string" minOccurs="0" /><xs:element name="APLICFORMULA" type="xs:string" minOccurs="0" /><xs:element name="CODCFOCOLINTEGRACAO" type="xs:short" minOccurs="0" /><xs:element name="CODCFOINTEGRACAO" type="xs:string" minOccurs="0" /><xs:element name="DIGVERIFICDEBAUTOMATICO" type="xs:string" minOccurs="0" /><xs:element name="CODLOJA" type="xs:string" minOccurs="0" /><xs:element name="CODFILIALINTEGRACAO" type="xs:short" minOccurs="0" /><xs:element name="CODEXTERNO" type="xs:string" minOccurs="0" /><xs:element name="TIPOCLIENTE" type="xs:string" minOccurs="0" /><xs:element name="CONSIDERAFILIALOBRA" type="xs:short" minOccurs="0" /><xs:element name="CODFILIALOBRA" type="xs:short" minOccurs="0" /><xs:element name="TIPOCONTROLEPONTO" type="xs:short" minOccurs="0" /><xs:element name="FAP" type="xs:decimal" minOccurs="0" /><xs:element name="CODCOLIGADAFILIALOBRA" type="xs:short" minOccurs="0" /><xs:element name="OBRAPROPRIA" type="xs:short" minOccurs="0" /><xs:element name="ENTIDADEEXECUTORAPAA" type="xs:short" minOccurs="0" /><xs:element name="CODCATEGORIAESOCIAL" type="xs:int" minOccurs="0" /><xs:element name="APOSENTADOOUPENSIONISTA" type="xs:int" minOccurs="0" /><xs:element name="CNPJRURAL" type="xs:string" minOccurs="0" /><xs:element name="CODIGOCAEPF" type="xs:string" minOccurs="0" /><xs:element name="ISENTOTRIBUTOS" type="xs:short" minOccurs="0" /><xs:element name="SOCIOCOOPERADO" type="xs:short" minOccurs="0" /><xs:element name="IDNATRENDIMENTO" type="xs:int" minOccurs="0" /></xs:sequence></xs:complexType></xs:element></xs:choice></xs:complexType></xs:element></xs:schema></NewDataSet>