﻿<NewDataSet><xs:schema id="NewDataSet" xmlns="" xmlns:xs="http://www.w3.org/2001/XMLSchema" xmlns:msdata="urn:schemas-microsoft-com:xml-msdata" xmlns:msprop="urn:schemas-microsoft-com:xml-msprop"><xs:element name="NewDataSet" msdata:IsDataSet="true" msdata:MainDataTable="GMOEDA" msdata:UseCurrentLocale="true"><xs:complexType><xs:choice minOccurs="0" maxOccurs="unbounded"><xs:element name="GMOEDA" msprop:_x0023__x0023_SQLFetch="00:00:00" msprop:_x0040_SQL="  SELECT * FROM GMOEDA (NOLOCK)   "><xs:complexType><xs:sequence><xs:element name="SIMBOLO" type="xs:string" minOccurs="0" /><xs:element name="DESCRICAO" type="xs:string" minOccurs="0" /><xs:element name="INTEIROSINGULAR" type="xs:string" minOccurs="0" /><xs:element name="INTEIROPLURAL" type="xs:string" minOccurs="0" /><xs:element name="FRACSINGULAR" type="xs:string" minOccurs="0" /><xs:element name="FRACPLURAL" type="xs:string" minOccurs="0" /><xs:element name="NUMCASASDECIMAIS" type="xs:short" minOccurs="0" /><xs:element name="DEFASAGEM" type="xs:int" minOccurs="0" /><xs:element name="TIPO" type="xs:string" minOccurs="0" /><xs:element name="SIMBOLOREFDEFAULT" type="xs:string" minOccurs="0" /><xs:element name="RECCREATEDBY" type="xs:string" minOccurs="0" /><xs:element name="RECCREATEDON" type="xs:dateTime" minOccurs="0" /><xs:element name="RECMODIFIEDBY" type="xs:string" minOccurs="0" /><xs:element name="RECMODIFIEDON" type="xs:dateTime" minOccurs="0" /><xs:element name="IDINTEGRACAO" type="xs:string" minOccurs="0" /></xs:sequence></xs:complexType></xs:element></xs:choice></xs:complexType></xs:element></xs:schema><GMOEDA><SIMBOLO>CAP</SIMBOLO><DESCRICAO>TITULO DE CAPITALIZAÇÃO</DESCRICAO><NUMCASASDECIMAIS>5</NUMCASASDECIMAIS><DEFASAGEM>0</DEFASAGEM><TIPO>I</TIPO></GMOEDA><GMOEDA><SIMBOLO>CDB</SIMBOLO><DESCRICAO>Certificado de Depósito Bancário</DESCRICAO><NUMCASASDECIMAIS>5</NUMCASASDECIMAIS><DEFASAGEM>0</DEFASAGEM><TIPO>I</TIPO></GMOEDA><GMOEDA><SIMBOLO>CDI</SIMBOLO><DESCRICAO>Selic</DESCRICAO><NUMCASASDECIMAIS>9</NUMCASASDECIMAIS><DEFASAGEM>0</DEFASAGEM><TIPO>I</TIPO></GMOEDA><GMOEDA><SIMBOLO>CUB</SIMBOLO><DESCRICAO>CUB</DESCRICAO><NUMCASASDECIMAIS>4</NUMCASASDECIMAIS><DEFASAGEM>0</DEFASAGEM><TIPO>I</TIPO></GMOEDA><GMOEDA><SIMBOLO>Cz$</SIMBOLO><DESCRICAO>Czar</DESCRICAO><INTEIROSINGULAR>Czar</INTEIROSINGULAR><INTEIROPLURAL>Czares</INTEIROPLURAL><FRACSINGULAR>Centar</FRACSINGULAR><FRACPLURAL>Centares</FRACPLURAL><NUMCASASDECIMAIS>4</NUMCASASDECIMAIS><DEFASAGEM>0</DEFASAGEM><TIPO>M</TIPO><SIMBOLOREFDEFAULT>R$</SIMBOLOREFDEFAULT></GMOEDA><GMOEDA><SIMBOLO>ESPECCEF</SIMBOLO><DESCRICAO>Fundo Especial - CEF</DESCRICAO><NUMCASASDECIMAIS>9</NUMCASASDECIMAIS><DEFASAGEM>0</DEFASAGEM><TIPO>I</TIPO></GMOEDA><GMOEDA><SIMBOLO>EURO</SIMBOLO><DESCRICAO>EURO</DESCRICAO><NUMCASASDECIMAIS>4</NUMCASASDECIMAIS><DEFASAGEM>0</DEFASAGEM><TIPO>M</TIPO><SIMBOLOREFDEFAULT>R$</SIMBOLOREFDEFAULT></GMOEDA><GMOEDA><SIMBOLO>EXECUCEF</SIMBOLO><DESCRICAO>Fundo Executivo - CEF</DESCRICAO><NUMCASASDECIMAIS>9</NUMCASASDECIMAIS><DEFASAGEM>0</DEFASAGEM><TIPO>I</TIPO></GMOEDA><GMOEDA><SIMBOLO>FGTS</SIMBOLO><DESCRICAO>AtualizaþÒo Saldo FGTS</DESCRICAO><NUMCASASDECIMAIS>4</NUMCASASDECIMAIS><DEFASAGEM>0</DEFASAGEM><TIPO>I</TIPO></GMOEDA><GMOEDA><SIMBOLO>IGP</SIMBOLO><DESCRICAO>índice Geral de Preços</DESCRICAO><NUMCASASDECIMAIS>4</NUMCASASDECIMAIS><DEFASAGEM>0</DEFASAGEM><TIPO>I</TIPO></GMOEDA><GMOEDA><SIMBOLO>IGP-M</SIMBOLO><DESCRICAO>IGP-M</DESCRICAO><NUMCASASDECIMAIS>4</NUMCASASDECIMAIS><DEFASAGEM>0</DEFASAGEM><TIPO>I</TIPO><RECCREATEDBY>Janilson</RECCREATEDBY><RECCREATEDON>2017-05-24T16:48:03-03:00</RECCREATEDON><RECMODIFIEDBY>Janilson</RECMODIFIEDBY><RECMODIFIEDON>2017-05-24T16:48:03-03:00</RECMODIFIEDON></GMOEDA><GMOEDA><SIMBOLO>IGPM</SIMBOLO><DESCRICAO>IGPM</DESCRICAO><NUMCASASDECIMAIS>4</NUMCASASDECIMAIS><DEFASAGEM>0</DEFASAGEM><TIPO>I</TIPO></GMOEDA><GMOEDA><SIMBOLO>INCC</SIMBOLO><DESCRICAO>INCC</DESCRICAO><NUMCASASDECIMAIS>3</NUMCASASDECIMAIS><DEFASAGEM>0</DEFASAGEM><TIPO>I</TIPO></GMOEDA><GMOEDA><SIMBOLO>INPC</SIMBOLO><DESCRICAO>INPC</DESCRICAO><NUMCASASDECIMAIS>4</NUMCASASDECIMAIS><DEFASAGEM>0</DEFASAGEM><TIPO>I</TIPO></GMOEDA><GMOEDA><SIMBOLO>INVESCEF</SIMBOLO><DESCRICAO>Fundo Investidor - CEF</DESCRICAO><NUMCASASDECIMAIS>9</NUMCASASDECIMAIS><DEFASAGEM>0</DEFASAGEM><TIPO>I</TIPO></GMOEDA><GMOEDA><SIMBOLO>IPCA</SIMBOLO><DESCRICAO>IPCA</DESCRICAO><NUMCASASDECIMAIS>2</NUMCASASDECIMAIS><DEFASAGEM>0</DEFASAGEM><TIPO>I</TIPO><RECCREATEDBY>mariana.santos</RECCREATEDBY><RECCREATEDON>2019-11-08T17:14:07-03:00</RECCREATEDON><RECMODIFIEDBY>mariana.santos</RECMODIFIEDBY><RECMODIFIEDON>2019-11-08T17:14:07-03:00</RECMODIFIEDON></GMOEDA><GMOEDA><SIMBOLO>PERSONCEF</SIMBOLO><DESCRICAO>Fundo Personal - CEF</DESCRICAO><NUMCASASDECIMAIS>9</NUMCASASDECIMAIS><DEFASAGEM>0</DEFASAGEM><TIPO>I</TIPO></GMOEDA><GMOEDA><SIMBOLO>POUPANÇA</SIMBOLO><DESCRICAO>POUPANÇA </DESCRICAO><NUMCASASDECIMAIS>5</NUMCASASDECIMAIS><DEFASAGEM>0</DEFASAGEM><TIPO>I</TIPO></GMOEDA><GMOEDA><SIMBOLO>R$</SIMBOLO><DESCRICAO>Real</DESCRICAO><INTEIROSINGULAR>real</INTEIROSINGULAR><INTEIROPLURAL>reais</INTEIROPLURAL><FRACSINGULAR>centavo</FRACSINGULAR><FRACPLURAL>centavos</FRACPLURAL><NUMCASASDECIMAIS>4</NUMCASASDECIMAIS><DEFASAGEM>0</DEFASAGEM><TIPO>M</TIPO><SIMBOLOREFDEFAULT>R$</SIMBOLOREFDEFAULT><RECMODIFIEDBY>marcelo.silva</RECMODIFIEDBY><RECMODIFIEDON>2018-06-11T09:16:46-03:00</RECMODIFIEDON></GMOEDA><GMOEDA><SIMBOLO>SOBERCEF</SIMBOLO><DESCRICAO>Fundo Soberano - CEF</DESCRICAO><NUMCASASDECIMAIS>9</NUMCASASDECIMAIS><DEFASAGEM>0</DEFASAGEM><TIPO>I</TIPO></GMOEDA><GMOEDA><SIMBOLO>TORRECEF</SIMBOLO><DESCRICAO>Fundo Torre Almirante II</DESCRICAO><NUMCASASDECIMAIS>9</NUMCASASDECIMAIS><DEFASAGEM>0</DEFASAGEM><TIPO>I</TIPO></GMOEDA><GMOEDA><SIMBOLO>UFIR</SIMBOLO><DESCRICAO>UFIR</DESCRICAO><INTEIROSINGULAR>UFIR</INTEIROSINGULAR><INTEIROPLURAL>UFIR</INTEIROPLURAL><NUMCASASDECIMAIS>4</NUMCASASDECIMAIS><DEFASAGEM>0</DEFASAGEM><TIPO>M</TIPO><SIMBOLOREFDEFAULT>R$</SIMBOLOREFDEFAULT></GMOEDA><GMOEDA><SIMBOLO>UMB</SIMBOLO><DESCRICAO>UMBND</DESCRICAO><NUMCASASDECIMAIS>6</NUMCASASDECIMAIS><TIPO>I</TIPO></GMOEDA><GMOEDA><SIMBOLO>URTJLP</SIMBOLO><DESCRICAO>URTJLP</DESCRICAO><NUMCASASDECIMAIS>6</NUMCASASDECIMAIS><DEFASAGEM>0</DEFASAGEM><TIPO>I</TIPO></GMOEDA><GMOEDA><SIMBOLO>US$</SIMBOLO><DESCRICAO>Dolar</DESCRICAO><INTEIROSINGULAR>d¾lar</INTEIROSINGULAR><INTEIROPLURAL>d¾lares</INTEIROPLURAL><FRACSINGULAR>cent</FRACSINGULAR><FRACPLURAL>cents</FRACPLURAL><NUMCASASDECIMAIS>4</NUMCASASDECIMAIS><DEFASAGEM>0</DEFASAGEM><TIPO>M</TIPO><SIMBOLOREFDEFAULT>US$</SIMBOLOREFDEFAULT><RECMODIFIEDBY>marcelo.silva</RECMODIFIEDBY><RECMODIFIEDON>2016-07-12T10:52:04-03:00</RECMODIFIEDON></GMOEDA><GMOEDA><SIMBOLO>UTI</SIMBOLO><DESCRICAO>UTI</DESCRICAO><NUMCASASDECIMAIS>4</NUMCASASDECIMAIS><DEFASAGEM>0</DEFASAGEM><TIPO>M</TIPO><SIMBOLOREFDEFAULT>R$</SIMBOLOREFDEFAULT></GMOEDA></NewDataSet>