﻿<NewDataSet><xs:schema id="NewDataSet" xmlns="" xmlns:xs="http://www.w3.org/2001/XMLSchema" xmlns:msdata="urn:schemas-microsoft-com:xml-msdata" xmlns:msprop="urn:schemas-microsoft-com:xml-msprop"><xs:element name="NewDataSet" msdata:IsDataSet="true" msdata:MainDataTable="GPLAN" msdata:UseCurrentLocale="true"><xs:complexType><xs:choice minOccurs="0" maxOccurs="unbounded"><xs:element name="GPLAN" msprop:_x0023__x0023_SQLFetch="00:00:00.0156145" msprop:_x0040_SQL="  SELECT * FROM GPLAN (NOLOCK)   WHERE (CODCOLIGADA = 51) AND &#xD;&#xA;                                     (CODAPLIC = 'M') AND &#xD;&#xA;                                     (IDPLAN IN (SELECT IDPLAN FROM MISM (nolock) ))  "><xs:complexType><xs:sequence><xs:element name="CODCOLIGADA" type="xs:short" minOccurs="0" /><xs:element name="IDPLAN" type="xs:int" minOccurs="0" /><xs:element name="CODAPLIC" type="xs:string" minOccurs="0" /><xs:element name="PLANNOME" type="xs:string" minOccurs="0" /><xs:element name="PLANIMAGE" type="xs:base64Binary" minOccurs="0" /><xs:element name="IDGRUPO" type="xs:short" minOccurs="0" /><xs:element name="NIVEL" type="xs:short" minOccurs="0" /><xs:element name="DTULTALTERACAO" type="xs:dateTime" minOccurs="0" /><xs:element name="USRULTALTERACAO" type="xs:string" minOccurs="0" /><xs:element name="OBSERVACAO" type="xs:string" minOccurs="0" /><xs:element name="PLANNET" type="xs:short" minOccurs="0" /><xs:element name="IDPLANPAI" type="xs:int" minOccurs="0" /><xs:element name="PLANNETDATA" type="xs:base64Binary" minOccurs="0" /><xs:element name="GUID" type="xs:string" minOccurs="0" /><xs:element name="VERSAO" type="xs:string" minOccurs="0" /><xs:element name="CONTROLE" type="xs:short" minOccurs="0" /><xs:element name="RECCREATEDBY" type="xs:string" minOccurs="0" /><xs:element name="RECCREATEDON" type="xs:dateTime" minOccurs="0" /><xs:element name="RECMODIFIEDBY" type="xs:string" minOccurs="0" /><xs:element name="RECMODIFIEDON" type="xs:dateTime" minOccurs="0" /></xs:sequence></xs:complexType></xs:element></xs:choice></xs:complexType></xs:element></xs:schema></NewDataSet>