﻿<NewDataSet><xs:schema id="NewDataSet" xmlns="" xmlns:xs="http://www.w3.org/2001/XMLSchema" xmlns:msdata="urn:schemas-microsoft-com:xml-msdata" xmlns:msprop="urn:schemas-microsoft-com:xml-msprop"><xs:element name="NewDataSet" msdata:IsDataSet="true" msdata:MainDataTable="MBIMMODELO" msdata:UseCurrentLocale="true"><xs:complexType><xs:choice minOccurs="0" maxOccurs="unbounded"><xs:element name="MBIMMODELO" msprop:_x0023__x0023_SQLFetch="00:00:00" msprop:_x0040_SQL="  SELECT * FROM MBIMMODELO (NOLOCK)   WHERE (CODCOLIGADA = 51 AND IDPRJ = 1)  "><xs:complexType><xs:sequence><xs:element name="CODCOLIGADA" type="xs:short" minOccurs="0" /><xs:element name="IDPRJ" type="xs:int" minOccurs="0" /><xs:element name="IDMODELO" type="xs:int" minOccurs="0" /><xs:element name="IDARQUIVO" type="xs:string" minOccurs="0" /><xs:element name="NOMEARQUIVO" type="xs:string" minOccurs="0" /><xs:element name="IDTIPOMODELO" type="xs:int" minOccurs="0" /><xs:element name="IDOBRA" type="xs:int" minOccurs="0" /><xs:element name="DESCRICAO" type="xs:string" minOccurs="0" /><xs:element name="RECCREATEDBY" type="xs:string" minOccurs="0" /><xs:element name="RECCREATEDON" type="xs:dateTime" minOccurs="0" /><xs:element name="RECMODIFIEDBY" type="xs:string" minOccurs="0" /><xs:element name="RECMODIFIEDON" type="xs:dateTime" minOccurs="0" /><xs:element name="EDITADOPOR" type="xs:string" minOccurs="0" /><xs:element name="IMAGEM" type="xs:base64Binary" minOccurs="0" /><xs:element name="IDARQUIVOWEXBIM" type="xs:string" minOccurs="0" /><xs:element name="VERSAOARQUIVO" type="xs:string" minOccurs="0" /><xs:element name="CAMPOCODTRF" type="xs:string" minOccurs="0" /><xs:element name="TAMANHO" type="xs:int" minOccurs="0" /><xs:element name="IDTEMPLATE" type="xs:int" minOccurs="0" /><xs:element name="ATIVO" type="xs:boolean" minOccurs="0" /></xs:sequence></xs:complexType></xs:element></xs:choice></xs:complexType></xs:element></xs:schema></NewDataSet>