﻿<NewDataSet><xs:schema id="NewDataSet" xmlns="" xmlns:xs="http://www.w3.org/2001/XMLSchema" xmlns:msdata="urn:schemas-microsoft-com:xml-msdata" xmlns:msprop="urn:schemas-microsoft-com:xml-msprop"><xs:element name="NewDataSet" msdata:IsDataSet="true" msdata:MainDataTable="MBIMAPARENCIA" msdata:UseCurrentLocale="true"><xs:complexType><xs:choice minOccurs="0" maxOccurs="unbounded"><xs:element name="MBIMAPARENCIA" msprop:_x0023__x0023_SQLFetch="00:00:00.0156322" msprop:_x0040_SQL="  SELECT * FROM MBIMAPARENCIA (NOLOCK)   "><xs:complexType><xs:sequence><xs:element name="IDAPARENCIA" type="xs:int" minOccurs="0" /><xs:element name="DSCAPARENCIA" type="xs:string" minOccurs="0" /><xs:element name="COR" type="xs:int" minOccurs="0" /><xs:element name="TRANSPARENCIA" type="xs:int" minOccurs="0" /><xs:element name="RECCREATEDBY" type="xs:string" minOccurs="0" /><xs:element name="RECCREATEDON" type="xs:dateTime" minOccurs="0" /><xs:element name="RECMODIFIEDBY" type="xs:string" minOccurs="0" /><xs:element name="RECMODIFIEDON" type="xs:dateTime" minOccurs="0" /></xs:sequence></xs:complexType></xs:element></xs:choice></xs:complexType></xs:element></xs:schema><MBIMAPARENCIA><IDAPARENCIA>1</IDAPARENCIA><DSCAPARENCIA>Opaco</DSCAPARENCIA><COR>0</COR><TRANSPARENCIA>0</TRANSPARENCIA></MBIMAPARENCIA><MBIMAPARENCIA><IDAPARENCIA>2</IDAPARENCIA><DSCAPARENCIA>Invisível</DSCAPARENCIA><COR>0</COR><TRANSPARENCIA>100</TRANSPARENCIA></MBIMAPARENCIA><MBIMAPARENCIA><IDAPARENCIA>1000</IDAPARENCIA><DSCAPARENCIA>Verde</DSCAPARENCIA><COR>65280</COR><TRANSPARENCIA>90</TRANSPARENCIA></MBIMAPARENCIA><MBIMAPARENCIA><IDAPARENCIA>1001</IDAPARENCIA><DSCAPARENCIA>Vermelho</DSCAPARENCIA><COR>16711680</COR><TRANSPARENCIA>90</TRANSPARENCIA></MBIMAPARENCIA><MBIMAPARENCIA><IDAPARENCIA>1002</IDAPARENCIA><DSCAPARENCIA>Azul</DSCAPARENCIA><COR>255</COR><TRANSPARENCIA>90</TRANSPARENCIA></MBIMAPARENCIA><MBIMAPARENCIA><IDAPARENCIA>1003</IDAPARENCIA><DSCAPARENCIA>Amarelo</DSCAPARENCIA><COR>16776960</COR><TRANSPARENCIA>90</TRANSPARENCIA></MBIMAPARENCIA></NewDataSet>