﻿<NewDataSet><xs:schema id="NewDataSet" xmlns="" xmlns:xs="http://www.w3.org/2001/XMLSchema" xmlns:msdata="urn:schemas-microsoft-com:xml-msdata" xmlns:msprop="urn:schemas-microsoft-com:xml-msprop"><xs:element name="NewDataSet" msdata:IsDataSet="true" msdata:MainDataTable="MCENARIO" msdata:UseCurrentLocale="true"><xs:complexType><xs:choice minOccurs="0" maxOccurs="unbounded"><xs:element name="MCENARIO" msprop:_x0023__x0023_SQLFetch="00:00:00" msprop:_x0040_SQL="  SELECT * FROM MCENARIO (NOLOCK)   WHERE (CODCOLIGADA = 51 AND IDPRJ = 1)  "><xs:complexType><xs:sequence><xs:element name="CODCOLIGADA" type="xs:short" minOccurs="0" /><xs:element name="IDPRJ" type="xs:int" minOccurs="0" /><xs:element name="IDCENARIO" type="xs:int" minOccurs="0" /><xs:element name="DESCRICAO" type="xs:string" minOccurs="0" /><xs:element name="NOME" type="xs:string" minOccurs="0" /><xs:element name="ATIVO" type="xs:int" minOccurs="0" /><xs:element name="RECCREATEDBY" type="xs:string" minOccurs="0" /><xs:element name="RECCREATEDON" type="xs:dateTime" minOccurs="0" /><xs:element name="RECMODIFIEDBY" type="xs:string" minOccurs="0" /><xs:element name="RECMODIFIEDON" type="xs:dateTime" minOccurs="0" /></xs:sequence></xs:complexType></xs:element></xs:choice></xs:complexType></xs:element></xs:schema><MCENARIO><CODCOLIGADA>51</CODCOLIGADA><IDPRJ>1</IDPRJ><IDCENARIO>0</IDCENARIO><DESCRICAO>Principal</DESCRICAO><NOME>Principal</NOME><ATIVO>1</ATIVO><RECCREATEDBY>gabriel.lara</RECCREATEDBY><RECCREATEDON>2022-06-28T15:45:11-03:00</RECCREATEDON><RECMODIFIEDBY>gabriel.lara</RECMODIFIEDBY><RECMODIFIEDON>2022-06-28T15:45:11-03:00</RECMODIFIEDON></MCENARIO><MCENARIO><CODCOLIGADA>51</CODCOLIGADA><IDPRJ>1</IDPRJ><IDCENARIO>1</IDCENARIO><DESCRICAO>Cenário - 1</DESCRICAO><NOME>Cenário - 1</NOME><ATIVO>0</ATIVO><RECCREATEDBY>gabriel.lara</RECCREATEDBY><RECCREATEDON>2022-06-28T15:45:11-03:00</RECCREATEDON><RECMODIFIEDBY>gabriel.lara</RECMODIFIEDBY><RECMODIFIEDON>2022-06-28T15:45:11-03:00</RECMODIFIEDON></MCENARIO><MCENARIO><CODCOLIGADA>51</CODCOLIGADA><IDPRJ>1</IDPRJ><IDCENARIO>2</IDCENARIO><DESCRICAO>Cenário - 2</DESCRICAO><NOME>Cenário - 2</NOME><ATIVO>0</ATIVO><RECCREATEDBY>gabriel.lara</RECCREATEDBY><RECCREATEDON>2022-06-28T15:45:11-03:00</RECCREATEDON><RECMODIFIEDBY>gabriel.lara</RECMODIFIEDBY><RECMODIFIEDON>2022-06-28T15:45:11-03:00</RECMODIFIEDON></MCENARIO><MCENARIO><CODCOLIGADA>51</CODCOLIGADA><IDPRJ>1</IDPRJ><IDCENARIO>3</IDCENARIO><DESCRICAO>Cenário - 3</DESCRICAO><NOME>Cenário - 3</NOME><ATIVO>0</ATIVO><RECCREATEDBY>gabriel.lara</RECCREATEDBY><RECCREATEDON>2022-06-28T15:45:11-03:00</RECCREATEDON><RECMODIFIEDBY>gabriel.lara</RECMODIFIEDBY><RECMODIFIEDON>2022-06-28T15:45:11-03:00</RECMODIFIEDON></MCENARIO><MCENARIO><CODCOLIGADA>51</CODCOLIGADA><IDPRJ>1</IDPRJ><IDCENARIO>4</IDCENARIO><DESCRICAO>Cenário - 4</DESCRICAO><NOME>Cenário - 4</NOME><ATIVO>0</ATIVO><RECCREATEDBY>gabriel.lara</RECCREATEDBY><RECCREATEDON>2022-06-28T15:45:11-03:00</RECCREATEDON><RECMODIFIEDBY>gabriel.lara</RECMODIFIEDBY><RECMODIFIEDON>2022-06-28T15:45:11-03:00</RECMODIFIEDON></MCENARIO></NewDataSet>