﻿<NewDataSet><xs:schema id="NewDataSet" xmlns="" xmlns:xs="http://www.w3.org/2001/XMLSchema" xmlns:msdata="urn:schemas-microsoft-com:xml-msdata" xmlns:msprop="urn:schemas-microsoft-com:xml-msprop"><xs:element name="NewDataSet" msdata:IsDataSet="true" msdata:MainDataTable="MCMPDESC" msdata:UseCurrentLocale="true"><xs:complexType><xs:choice minOccurs="0" maxOccurs="unbounded"><xs:element name="MCMPDESC" msprop:_x0023__x0023_SQLFetch="00:00:00.0312544" msprop:_x0040_SQL="  SELECT * FROM MCMPDESC (NOLOCK)   WHERE (CODCOLIGADA = 51 AND IDPRJ = 1)  "><xs:complexType><xs:sequence><xs:element name="CODCOLIGADA" type="xs:short" minOccurs="0" /><xs:element name="IDPRJ" type="xs:int" minOccurs="0" /><xs:element name="IDCMP" type="xs:int" minOccurs="0" /><xs:element name="DESCRICAOCOMPLETA" type="xs:string" minOccurs="0" /><xs:element name="RECCREATEDBY" type="xs:string" minOccurs="0" /><xs:element name="RECCREATEDON" type="xs:dateTime" minOccurs="0" /><xs:element name="RECMODIFIEDBY" type="xs:string" minOccurs="0" /><xs:element name="RECMODIFIEDON" type="xs:dateTime" minOccurs="0" /></xs:sequence></xs:complexType></xs:element></xs:choice></xs:complexType></xs:element></xs:schema><MCMPDESC><CODCOLIGADA>51</CODCOLIGADA><IDPRJ>1</IDPRJ><IDCMP>558018</IDCMP><DESCRICAOCOMPLETA>CAIXA DE SABAO/GORDURA PRE-MOLDADA D=60CM CAP.180L SEM TAMPA</DESCRICAOCOMPLETA><RECCREATEDBY>daniel.machado</RECCREATEDBY><RECCREATEDON>2022-08-09T11:58:07-03:00</RECCREATEDON><RECMODIFIEDBY>danilo.custodio</RECMODIFIEDBY><RECMODIFIEDON>2023-07-06T15:24:10-03:00</RECMODIFIEDON></MCMPDESC><MCMPDESC><CODCOLIGADA>51</CODCOLIGADA><IDPRJ>1</IDPRJ><IDCMP>558122</IDCMP><DESCRICAOCOMPLETA>PINGADEIRA EM CHAPA GALVANIZADA N°26 L=34CM</DESCRICAOCOMPLETA><RECCREATEDBY>gabriel.lara</RECCREATEDBY><RECCREATEDON>2019-05-28T16:41:35-03:00</RECCREATEDON><RECMODIFIEDBY>gabriel.lara</RECMODIFIEDBY><RECMODIFIEDON>2023-03-24T14:12:22-03:00</RECMODIFIEDON></MCMPDESC><MCMPDESC><CODCOLIGADA>51</CODCOLIGADA><IDPRJ>1</IDPRJ><IDCMP>558123</IDCMP><DESCRICAOCOMPLETA>RUFO EM CHAPA GALVANIZADA D=29,5CM # 26</DESCRICAOCOMPLETA><RECCREATEDBY>gabriel.lara</RECCREATEDBY><RECCREATEDON>2019-07-25T12:37:23-03:00</RECCREATEDON><RECMODIFIEDBY>gabriel.lara</RECMODIFIEDBY><RECMODIFIEDON>2023-03-24T14:12:22-03:00</RECMODIFIEDON></MCMPDESC><MCMPDESC><CODCOLIGADA>51</CODCOLIGADA><IDPRJ>1</IDPRJ><IDCMP>558124</IDCMP><DESCRICAOCOMPLETA>CALHA EM CHAPA GALVANIZADA N°26 D=55CM</DESCRICAOCOMPLETA><RECCREATEDBY>gabriel.lara</RECCREATEDBY><RECCREATEDON>2019-05-28T17:36:28-03:00</RECCREATEDON><RECMODIFIEDBY>gabriel.lara</RECMODIFIEDBY><RECMODIFIEDON>2023-03-24T14:12:22-03:00</RECMODIFIEDON></MCMPDESC><MCMPDESC><CODCOLIGADA>51</CODCOLIGADA><IDPRJ>1</IDPRJ><IDCMP>558137</IDCMP><DESCRICAOCOMPLETA>EXTINTORES E SINALIZACAO INCENDIO - GUARITA 1 / SAGUAO / ADM / AREA TEC. / ARS / SUBS</DESCRICAOCOMPLETA><RECCREATEDBY>Cristina.dias</RECCREATEDBY><RECCREATEDON>2023-06-19T09:03:59-03:00</RECCREATEDON><RECMODIFIEDBY>danilo.custodio</RECMODIFIEDBY><RECMODIFIEDON>2023-07-25T15:39:09-03:00</RECMODIFIEDON></MCMPDESC><MCMPDESC><CODCOLIGADA>51</CODCOLIGADA><IDPRJ>1</IDPRJ><IDCMP>559837</IDCMP><DESCRICAOCOMPLETA>JANELA EM ALUMINIO DE CORRER 2 FOLHAS MOVEIS VIDRO LISO INCOLOR 3MM 134,5 X 104,5 CM REG.3</DESCRICAOCOMPLETA><RECCREATEDBY>wagner.prado</RECCREATEDBY><RECCREATEDON>2022-03-25T08:42:00-03:00</RECCREATEDON><RECMODIFIEDBY>wagner.prado</RECMODIFIEDBY><RECMODIFIEDON>2023-07-25T13:49:56-03:00</RECMODIFIEDON></MCMPDESC><MCMPDESC><CODCOLIGADA>51</CODCOLIGADA><IDPRJ>1</IDPRJ><IDCMP>559877</IDCMP><DESCRICAOCOMPLETA>LAVATORIO EM LOUCA BRANCA SEMI ENCAIXE</DESCRICAOCOMPLETA><RECCREATEDBY>daniel.machado</RECCREATEDBY><RECCREATEDON>2022-07-18T15:50:42-03:00</RECCREATEDON><RECMODIFIEDBY>gabriel.lara</RECMODIFIEDBY><RECMODIFIEDON>2023-03-24T14:12:22-03:00</RECMODIFIEDON></MCMPDESC><MCMPDESC><CODCOLIGADA>51</CODCOLIGADA><IDPRJ>1</IDPRJ><IDCMP>559878</IDCMP><DESCRICAOCOMPLETA>BANCADA EM GRANITO BRANCO DALLAS SECA E=2CM C/ TESTEIRA H=10CM  163 X 60CM - NBR 15844
</DESCRICAOCOMPLETA><RECCREATEDBY>wagner.prado</RECCREATEDBY><RECCREATEDON>2022-03-30T16:10:37-03:00</RECCREATEDON><RECMODIFIEDBY>wagner.prado</RECMODIFIEDBY><RECMODIFIEDON>2023-04-24T08:38:08-03:00</RECMODIFIEDON></MCMPDESC><MCMPDESC><CODCOLIGADA>51</CODCOLIGADA><IDPRJ>1</IDPRJ><IDCMP>559879</IDCMP><DESCRICAOCOMPLETA>BANCADA EM GRANITO BRANCO DALLAS SECA E=2CM C/ TESTEIRA H=10CM 260 X 60 CM - NBR 15844

</DESCRICAOCOMPLETA><RECCREATEDBY>ketellen.costa</RECCREATEDBY><RECCREATEDON>2022-04-01T09:03:49-03:00</RECCREATEDON><RECMODIFIEDBY>wagner.prado</RECMODIFIEDBY><RECMODIFIEDON>2023-04-24T08:37:16-03:00</RECMODIFIEDON></MCMPDESC><MCMPDESC><CODCOLIGADA>51</CODCOLIGADA><IDPRJ>1</IDPRJ><IDCMP>559880</IDCMP><DESCRICAOCOMPLETA>BANCADA EM GRANITO BRANCO DALLAS SECA E=2CM C/ TESTEIRA H=10CM 100,5 X 60 CM - NBR 15844
</DESCRICAOCOMPLETA><RECCREATEDBY>ketellen.costa</RECCREATEDBY><RECCREATEDON>2022-04-01T08:54:22-03:00</RECCREATEDON><RECMODIFIEDBY>wagner.prado</RECMODIFIEDBY><RECMODIFIEDON>2023-04-24T08:36:31-03:00</RECMODIFIEDON></MCMPDESC><MCMPDESC><CODCOLIGADA>51</CODCOLIGADA><IDPRJ>1</IDPRJ><IDCMP>559881</IDCMP><DESCRICAOCOMPLETA>BANCADA EM GRANITO BRANCO DALLAS SECA E=2CM C/ TESTEIRA H=10CM 450 X 90 CM - NBR 15844
</DESCRICAOCOMPLETA><RECCREATEDBY>wagner.prado</RECCREATEDBY><RECCREATEDON>2022-03-30T16:11:39-03:00</RECCREATEDON><RECMODIFIEDBY>wagner.prado</RECMODIFIEDBY><RECMODIFIEDON>2023-04-24T08:34:40-03:00</RECMODIFIEDON></MCMPDESC><MCMPDESC><CODCOLIGADA>51</CODCOLIGADA><IDPRJ>1</IDPRJ><IDCMP>559882</IDCMP><DESCRICAOCOMPLETA>BANCADA EM GRANITO BRANCO DALLAS SECA E=2CM C/ TESTEIRA H=10CM  392 X 60 CM - NBR 15844
</DESCRICAOCOMPLETA><RECCREATEDBY>ketellen.costa</RECCREATEDBY><RECCREATEDON>2022-04-01T10:01:13-03:00</RECCREATEDON><RECMODIFIEDBY>gabriel.lara</RECMODIFIEDBY><RECMODIFIEDON>2023-03-24T14:12:22-03:00</RECMODIFIEDON></MCMPDESC><MCMPDESC><CODCOLIGADA>51</CODCOLIGADA><IDPRJ>1</IDPRJ><IDCMP>559902</IDCMP><DESCRICAOCOMPLETA>TUBOS, CONEXOES E TORNEIRA EDIFICIO GARAGEM- TERREO</DESCRICAOCOMPLETA><RECCREATEDBY>Cristina.dias</RECCREATEDBY><RECCREATEDON>2023-06-16T13:17:33-03:00</RECCREATEDON><RECMODIFIEDBY>Cristina.dias</RECMODIFIEDBY><RECMODIFIEDON>2023-06-28T11:07:39-03:00</RECMODIFIEDON></MCMPDESC><MCMPDESC><CODCOLIGADA>51</CODCOLIGADA><IDPRJ>1</IDPRJ><IDCMP>559973</IDCMP><DESCRICAOCOMPLETA>INSTALACOES ELETRICAS E ILUMINACAO EDIFICIO GARAGEM- TERREO</DESCRICAOCOMPLETA><RECCREATEDBY>Cristina.dias</RECCREATEDBY><RECCREATEDON>2023-07-03T09:46:55-03:00</RECCREATEDON><RECMODIFIEDBY>danilo.custodio</RECMODIFIEDBY><RECMODIFIEDON>2023-07-25T15:57:49-03:00</RECMODIFIEDON></MCMPDESC><MCMPDESC><CODCOLIGADA>51</CODCOLIGADA><IDPRJ>1</IDPRJ><IDCMP>559995</IDCMP><DESCRICAOCOMPLETA>TUBOS E CONEXOES ESGOTO/DRENAGEM EDIFICIO GARAGEM- TERREO</DESCRICAOCOMPLETA><RECCREATEDBY>Cristina.dias</RECCREATEDBY><RECCREATEDON>2023-06-16T13:17:33-03:00</RECCREATEDON><RECMODIFIEDBY>danilo.custodio</RECMODIFIEDBY><RECMODIFIEDON>2023-07-06T14:43:30-03:00</RECMODIFIEDON></MCMPDESC><MCMPDESC><CODCOLIGADA>51</CODCOLIGADA><IDPRJ>1</IDPRJ><IDCMP>560084</IDCMP><DESCRICAOCOMPLETA>REVESTIMENTO CERAMICO PISCINA 10 X 10 CM - BOLD - CONFORME PROJETO</DESCRICAOCOMPLETA><RECCREATEDBY>wagner.prado</RECCREATEDBY><RECCREATEDON>2021-12-06T14:16:24-03:00</RECCREATEDON><RECMODIFIEDBY>gabriel.lara</RECMODIFIEDBY><RECMODIFIEDON>2023-03-24T14:12:23-03:00</RECMODIFIEDON></MCMPDESC><MCMPDESC><CODCOLIGADA>51</CODCOLIGADA><IDPRJ>1</IDPRJ><IDCMP>560625</IDCMP><DESCRICAOCOMPLETA>PINGADEIRA EM CHAPA GALVANIZADA N°26 L=34CM</DESCRICAOCOMPLETA><RECCREATEDBY>gabriel.lara</RECCREATEDBY><RECCREATEDON>2019-07-25T12:19:47-03:00</RECCREATEDON><RECMODIFIEDBY>gabriel.lara</RECMODIFIEDBY><RECMODIFIEDON>2023-03-24T14:12:23-03:00</RECMODIFIEDON></MCMPDESC><MCMPDESC><CODCOLIGADA>51</CODCOLIGADA><IDPRJ>1</IDPRJ><IDCMP>560946</IDCMP><DESCRICAOCOMPLETA>SOLEIRA EM GRANITO CINZA CORUMBA 350,05 X 22 CM</DESCRICAOCOMPLETA><RECCREATEDBY>wagner.prado</RECCREATEDBY><RECCREATEDON>2022-12-21T08:53:34-03:00</RECCREATEDON><RECMODIFIEDBY>gabriel.lara</RECMODIFIEDBY><RECMODIFIEDON>2023-03-24T14:12:23-03:00</RECMODIFIEDON></MCMPDESC><MCMPDESC><CODCOLIGADA>51</CODCOLIGADA><IDPRJ>1</IDPRJ><IDCMP>560948</IDCMP><DESCRICAOCOMPLETA>SOLEIRA EM GRANITO CINZA CORUMBA 220,00 X 22 CM</DESCRICAOCOMPLETA><RECCREATEDBY>wagner.prado</RECCREATEDBY><RECCREATEDON>2022-12-21T08:53:34-03:00</RECCREATEDON><RECMODIFIEDBY>gabriel.lara</RECMODIFIEDBY><RECMODIFIEDON>2023-03-24T14:12:23-03:00</RECMODIFIEDON></MCMPDESC><MCMPDESC><CODCOLIGADA>51</CODCOLIGADA><IDPRJ>1</IDPRJ><IDCMP>560952</IDCMP><DESCRICAOCOMPLETA>SOLEIRA EM GRANITO CINZA CORUMBA 330 X 22 CM</DESCRICAOCOMPLETA><RECCREATEDBY>wagner.prado</RECCREATEDBY><RECCREATEDON>2022-12-21T08:53:35-03:00</RECCREATEDON><RECMODIFIEDBY>gabriel.lara</RECMODIFIEDBY><RECMODIFIEDON>2023-03-24T14:12:23-03:00</RECMODIFIEDON></MCMPDESC><MCMPDESC><CODCOLIGADA>51</CODCOLIGADA><IDPRJ>1</IDPRJ><IDCMP>560954</IDCMP><DESCRICAOCOMPLETA>SOLEIRA EM GRANITO CINZA CORUMBA POLIDO   80 X 17 X 2,0 CM</DESCRICAOCOMPLETA><RECCREATEDBY>wagner.prado</RECCREATEDBY><RECCREATEDON>2022-12-23T16:24:00-03:00</RECCREATEDON><RECMODIFIEDBY>gabriel.lara</RECMODIFIEDBY><RECMODIFIEDON>2023-03-24T14:12:23-03:00</RECMODIFIEDON></MCMPDESC><MCMPDESC><CODCOLIGADA>51</CODCOLIGADA><IDPRJ>1</IDPRJ><IDCMP>584799</IDCMP><DESCRICAOCOMPLETA>ARMACAO EM ACO CA-50/60 - ESTRUTURA TORRE - B314</DESCRICAOCOMPLETA><RECCREATEDBY>wagner.prado</RECCREATEDBY><RECCREATEDON>2022-03-25T09:48:09-03:00</RECCREATEDON><RECMODIFIEDBY>wagner.prado</RECMODIFIEDBY><RECMODIFIEDON>2023-03-28T15:54:51-03:00</RECMODIFIEDON></MCMPDESC><MCMPDESC><CODCOLIGADA>51</CODCOLIGADA><IDPRJ>1</IDPRJ><IDCMP>584800</IDCMP><DESCRICAOCOMPLETA>ARMACAO EM TELA - PAREDES E LAJE TORRE - B314</DESCRICAOCOMPLETA><RECCREATEDBY>wagner.prado</RECCREATEDBY><RECCREATEDON>2022-03-25T09:47:43-03:00</RECCREATEDON><RECMODIFIEDBY>wagner.prado</RECMODIFIEDBY><RECMODIFIEDON>2023-03-28T16:04:14-03:00</RECMODIFIEDON></MCMPDESC><MCMPDESC><CODCOLIGADA>51</CODCOLIGADA><IDPRJ>1</IDPRJ><IDCMP>584980</IDCMP><DESCRICAOCOMPLETA>BANCADA EM GRANITO BRANCO DALLAS SECA E=2CM C/ TESTEIRA H=10CM 230 X 50 CM - NBR 15844
</DESCRICAOCOMPLETA><RECCREATEDBY>ketellen.costa</RECCREATEDBY><RECCREATEDON>2022-04-01T10:18:18-03:00</RECCREATEDON><RECMODIFIEDBY>wagner.prado</RECMODIFIEDBY><RECMODIFIEDON>2023-04-24T08:35:33-03:00</RECMODIFIEDON></MCMPDESC><MCMPDESC><CODCOLIGADA>51</CODCOLIGADA><IDPRJ>1</IDPRJ><IDCMP>585011</IDCMP><DESCRICAOCOMPLETA>SOLEIRA EM GRANITO CINZA CORUMBA  89,5 X 13,0 X 2,0CM</DESCRICAOCOMPLETA><RECCREATEDBY>wagner.prado</RECCREATEDBY><RECCREATEDON>2022-03-24T14:54:14-03:00</RECCREATEDON><RECMODIFIEDBY>gabriel.lara</RECMODIFIEDBY><RECMODIFIEDON>2023-03-24T14:12:23-03:00</RECMODIFIEDON></MCMPDESC><MCMPDESC><CODCOLIGADA>51</CODCOLIGADA><IDPRJ>1</IDPRJ><IDCMP>585223</IDCMP><DESCRICAOCOMPLETA>PEITORIL EM ARDOSIA 134,5 X 16 X 2,0CM</DESCRICAOCOMPLETA><RECCREATEDBY>wagner.prado</RECCREATEDBY><RECCREATEDON>2023-02-16T11:00:03-03:00</RECCREATEDON><RECMODIFIEDBY>wagner.prado</RECMODIFIEDBY><RECMODIFIEDON>2023-03-29T16:23:19-03:00</RECMODIFIEDON></MCMPDESC><MCMPDESC><CODCOLIGADA>51</CODCOLIGADA><IDPRJ>1</IDPRJ><IDCMP>585601</IDCMP><DESCRICAOCOMPLETA>CAIXA DE REGISTRO PRE-MOLDADA 30 X 30 X 50CM</DESCRICAOCOMPLETA><RECCREATEDBY>gabriel.lara</RECCREATEDBY><RECCREATEDON>2023-03-21T09:43:03-03:00</RECCREATEDON><RECMODIFIEDBY>danilo.custodio</RECMODIFIEDBY><RECMODIFIEDON>2023-07-06T13:55:17-03:00</RECMODIFIEDON></MCMPDESC><MCMPDESC><CODCOLIGADA>51</CODCOLIGADA><IDPRJ>1</IDPRJ><IDCMP>589466</IDCMP><DESCRICAOCOMPLETA>PORTA EM ALUMINIO GIRO 1 FOLHA VENEZIANA 60 X 165CM</DESCRICAOCOMPLETA><RECCREATEDBY>daniel.machado</RECCREATEDBY><RECCREATEDON>2022-11-08T17:23:34-03:00</RECCREATEDON><RECMODIFIEDBY>gabriel.lara</RECMODIFIEDBY><RECMODIFIEDON>2023-03-24T14:12:23-03:00</RECMODIFIEDON></MCMPDESC><MCMPDESC><CODCOLIGADA>51</CODCOLIGADA><IDPRJ>1</IDPRJ><IDCMP>590108</IDCMP><DESCRICAOCOMPLETA>SOLEIRA EM ARDOSIA 160 X 10 X 2,0CM</DESCRICAOCOMPLETA><RECCREATEDBY>Cristina.dias</RECCREATEDBY><RECCREATEDON>2023-03-23T11:21:54-03:00</RECCREATEDON><RECMODIFIEDBY>wagner.prado</RECMODIFIEDBY><RECMODIFIEDON>2023-03-29T16:48:13-03:00</RECMODIFIEDON></MCMPDESC><MCMPDESC><CODCOLIGADA>51</CODCOLIGADA><IDPRJ>1</IDPRJ><IDCMP>590110</IDCMP><DESCRICAOCOMPLETA>SOLEIRA EM ARDOSIA 160 X 10 X 2,0CM</DESCRICAOCOMPLETA><RECCREATEDBY>Cristina.dias</RECCREATEDBY><RECCREATEDON>2023-03-23T11:26:12-03:00</RECCREATEDON><RECMODIFIEDBY>gabriel.lara</RECMODIFIEDBY><RECMODIFIEDON>2023-03-24T14:12:23-03:00</RECMODIFIEDON></MCMPDESC><MCMPDESC><CODCOLIGADA>51</CODCOLIGADA><IDPRJ>1</IDPRJ><IDCMP>590111</IDCMP><DESCRICAOCOMPLETA>SOLEIRA EM ARDOSIA 160 X 10 X 2,0CM</DESCRICAOCOMPLETA><RECCREATEDBY>Cristina.dias</RECCREATEDBY><RECCREATEDON>2023-03-23T11:28:13-03:00</RECCREATEDON><RECMODIFIEDBY>gabriel.lara</RECMODIFIEDBY><RECMODIFIEDON>2023-03-24T14:12:23-03:00</RECMODIFIEDON></MCMPDESC><MCMPDESC><CODCOLIGADA>51</CODCOLIGADA><IDPRJ>1</IDPRJ><IDCMP>590113</IDCMP><DESCRICAOCOMPLETA>SOLEIRA EM ARDOSIA 160 X 10 X 2,0CM</DESCRICAOCOMPLETA><RECCREATEDBY>Cristina.dias</RECCREATEDBY><RECCREATEDON>2023-03-23T11:33:00-03:00</RECCREATEDON><RECMODIFIEDBY>gabriel.lara</RECMODIFIEDBY><RECMODIFIEDON>2023-03-24T14:12:23-03:00</RECMODIFIEDON></MCMPDESC><MCMPDESC><CODCOLIGADA>51</CODCOLIGADA><IDPRJ>1</IDPRJ><IDCMP>590114</IDCMP><DESCRICAOCOMPLETA>SOLEIRA EM ARDOSIA 160 X 10 X 2,0CM</DESCRICAOCOMPLETA><RECCREATEDBY>Cristina.dias</RECCREATEDBY><RECCREATEDON>2023-03-23T11:36:59-03:00</RECCREATEDON><RECMODIFIEDBY>gabriel.lara</RECMODIFIEDBY><RECMODIFIEDON>2023-03-24T14:12:23-03:00</RECMODIFIEDON></MCMPDESC><MCMPDESC><CODCOLIGADA>51</CODCOLIGADA><IDPRJ>1</IDPRJ><IDCMP>590115</IDCMP><DESCRICAOCOMPLETA>SOLEIRA EM ARDOSIA 160 X 10 X 2,0CM</DESCRICAOCOMPLETA><RECCREATEDBY>Cristina.dias</RECCREATEDBY><RECCREATEDON>2023-03-23T11:39:01-03:00</RECCREATEDON><RECMODIFIEDBY>gabriel.lara</RECMODIFIEDBY><RECMODIFIEDON>2023-03-24T14:12:23-03:00</RECMODIFIEDON></MCMPDESC><MCMPDESC><CODCOLIGADA>51</CODCOLIGADA><IDPRJ>1</IDPRJ><IDCMP>590116</IDCMP><DESCRICAOCOMPLETA>BANCADAS, LOUCAS E METAIS CENTRO COMERCIAL</DESCRICAOCOMPLETA><RECCREATEDBY>gabriel.lara</RECCREATEDBY><RECCREATEDON>2023-03-23T11:40:47-03:00</RECCREATEDON><RECMODIFIEDBY>gabriel.lara</RECMODIFIEDBY><RECMODIFIEDON>2023-03-24T14:12:24-03:00</RECMODIFIEDON></MCMPDESC><MCMPDESC><CODCOLIGADA>51</CODCOLIGADA><IDPRJ>1</IDPRJ><IDCMP>590117</IDCMP><DESCRICAOCOMPLETA>SOLEIRA EM ARDOSIA 160 X 10 X 2,0CM</DESCRICAOCOMPLETA><RECCREATEDBY>Cristina.dias</RECCREATEDBY><RECCREATEDON>2023-03-23T11:41:26-03:00</RECCREATEDON><RECMODIFIEDBY>gabriel.lara</RECMODIFIEDBY><RECMODIFIEDON>2023-03-24T14:12:24-03:00</RECMODIFIEDON></MCMPDESC><MCMPDESC><CODCOLIGADA>51</CODCOLIGADA><IDPRJ>1</IDPRJ><IDCMP>590218</IDCMP><DESCRICAOCOMPLETA>SOLEIRA EM ARDOSIA 160 X 10 X 2,0CM</DESCRICAOCOMPLETA><RECCREATEDBY>Cristina.dias</RECCREATEDBY><RECCREATEDON>2023-03-23T11:43:16-03:00</RECCREATEDON><RECMODIFIEDBY>gabriel.lara</RECMODIFIEDBY><RECMODIFIEDON>2023-03-24T14:12:24-03:00</RECMODIFIEDON></MCMPDESC><MCMPDESC><CODCOLIGADA>51</CODCOLIGADA><IDPRJ>1</IDPRJ><IDCMP>590221</IDCMP><DESCRICAOCOMPLETA>SOLEIRA EM ARDOSIA 160 X 10 X 2,0CM</DESCRICAOCOMPLETA><RECCREATEDBY>Cristina.dias</RECCREATEDBY><RECCREATEDON>2023-03-23T11:48:36-03:00</RECCREATEDON><RECMODIFIEDBY>gabriel.lara</RECMODIFIEDBY><RECMODIFIEDON>2023-03-24T14:12:24-03:00</RECMODIFIEDON></MCMPDESC><MCMPDESC><CODCOLIGADA>51</CODCOLIGADA><IDPRJ>1</IDPRJ><IDCMP>590222</IDCMP><DESCRICAOCOMPLETA>SOLEIRA EM ARDOSIA 160 X 10 X 2,0CM</DESCRICAOCOMPLETA><RECCREATEDBY>Cristina.dias</RECCREATEDBY><RECCREATEDON>2023-03-23T11:50:13-03:00</RECCREATEDON><RECMODIFIEDBY>gabriel.lara</RECMODIFIEDBY><RECMODIFIEDON>2023-03-24T14:12:24-03:00</RECMODIFIEDON></MCMPDESC><MCMPDESC><CODCOLIGADA>51</CODCOLIGADA><IDPRJ>1</IDPRJ><IDCMP>590224</IDCMP><DESCRICAOCOMPLETA>SOLEIRA EM ARDOSIA 160 X 10 X 2,0CM</DESCRICAOCOMPLETA><RECCREATEDBY>Cristina.dias</RECCREATEDBY><RECCREATEDON>2023-03-23T11:53:43-03:00</RECCREATEDON><RECMODIFIEDBY>gabriel.lara</RECMODIFIEDBY><RECMODIFIEDON>2023-03-24T14:12:24-03:00</RECMODIFIEDON></MCMPDESC><MCMPDESC><CODCOLIGADA>51</CODCOLIGADA><IDPRJ>1</IDPRJ><IDCMP>590225</IDCMP><DESCRICAOCOMPLETA>SOLEIRA EM ARDOSIA 160 X 10 X 2,0CM</DESCRICAOCOMPLETA><RECCREATEDBY>Cristina.dias</RECCREATEDBY><RECCREATEDON>2023-03-23T11:56:20-03:00</RECCREATEDON><RECMODIFIEDBY>gabriel.lara</RECMODIFIEDBY><RECMODIFIEDON>2023-03-24T14:12:24-03:00</RECMODIFIEDON></MCMPDESC><MCMPDESC><CODCOLIGADA>51</CODCOLIGADA><IDPRJ>1</IDPRJ><IDCMP>590226</IDCMP><DESCRICAOCOMPLETA>SOLEIRA EM ARDOSIA 160 X 10 X 2,0CM</DESCRICAOCOMPLETA><RECCREATEDBY>Cristina.dias</RECCREATEDBY><RECCREATEDON>2023-03-23T11:58:13-03:00</RECCREATEDON><RECMODIFIEDBY>gabriel.lara</RECMODIFIEDBY><RECMODIFIEDON>2023-03-24T14:12:24-03:00</RECMODIFIEDON></MCMPDESC><MCMPDESC><CODCOLIGADA>51</CODCOLIGADA><IDPRJ>1</IDPRJ><IDCMP>590229</IDCMP><DESCRICAOCOMPLETA>JANELA EM ALUMINIO DE CORRER 2 FOLHAS MOVEIS VIDRO LISO INCOLOR 3MM 134,5 X 104,5 CM REG.3</DESCRICAOCOMPLETA><RECCREATEDBY>Cristina.dias</RECCREATEDBY><RECCREATEDON>2023-03-23T13:59:19-03:00</RECCREATEDON><RECMODIFIEDBY>wagner.prado</RECMODIFIEDBY><RECMODIFIEDON>2023-07-25T13:51:30-03:00</RECMODIFIEDON></MCMPDESC><MCMPDESC><CODCOLIGADA>51</CODCOLIGADA><IDPRJ>1</IDPRJ><IDCMP>590231</IDCMP><DESCRICAOCOMPLETA>JANELA EM ALUMINIO DE CORRER 2 FOLHAS MOVEIS VIDRO LISO INCOLOR 3MM 134,5 X 104,5 CM REG.3</DESCRICAOCOMPLETA><RECCREATEDBY>geovanni.martins</RECCREATEDBY><RECCREATEDON>2023-03-23T14:39:03-03:00</RECCREATEDON><RECMODIFIEDBY>wagner.prado</RECMODIFIEDBY><RECMODIFIEDON>2023-07-25T13:49:48-03:00</RECMODIFIEDON></MCMPDESC><MCMPDESC><CODCOLIGADA>51</CODCOLIGADA><IDPRJ>1</IDPRJ><IDCMP>590460</IDCMP><DESCRICAOCOMPLETA>JANELA EM ALUMINIO DE CORRER 2 FOLHAS MOVEIS VIDRO LISO INCOLOR 3MM 134,5 X 104,5 CM REG.3</DESCRICAOCOMPLETA><RECCREATEDBY>Cristina.dias</RECCREATEDBY><RECCREATEDON>2023-03-24T08:56:58-03:00</RECCREATEDON><RECMODIFIEDBY>wagner.prado</RECMODIFIEDBY><RECMODIFIEDON>2023-07-25T13:50:05-03:00</RECMODIFIEDON></MCMPDESC><MCMPDESC><CODCOLIGADA>51</CODCOLIGADA><IDPRJ>1</IDPRJ><IDCMP>590976</IDCMP><DESCRICAOCOMPLETA>SOLEIRA EM GRANITO BRANCO DALLAS 104 X 18,5 X 2CM</DESCRICAOCOMPLETA><RECCREATEDBY>wagner.prado</RECCREATEDBY><RECCREATEDON>2023-03-26T19:27:10-03:00</RECCREATEDON><RECMODIFIEDBY>wagner.prado</RECMODIFIEDBY><RECMODIFIEDON>2023-03-29T16:37:03-03:00</RECMODIFIEDON></MCMPDESC><MCMPDESC><CODCOLIGADA>51</CODCOLIGADA><IDPRJ>1</IDPRJ><IDCMP>590977</IDCMP><DESCRICAOCOMPLETA>SOLEIRA EM GRANITO BRANCO DALLAS 94 X18 X 2CM</DESCRICAOCOMPLETA><RECCREATEDBY>wagner.prado</RECCREATEDBY><RECCREATEDON>2023-03-26T19:27:10-03:00</RECCREATEDON><RECMODIFIEDBY>wagner.prado</RECMODIFIEDBY><RECMODIFIEDON>2023-03-29T16:37:33-03:00</RECMODIFIEDON></MCMPDESC><MCMPDESC><CODCOLIGADA>51</CODCOLIGADA><IDPRJ>1</IDPRJ><IDCMP>590978</IDCMP><DESCRICAOCOMPLETA>SOLEIRA EM GRANITO BRANCO DALLAS 185 X 18,5 X 2CM</DESCRICAOCOMPLETA><RECCREATEDBY>wagner.prado</RECCREATEDBY><RECCREATEDON>2023-03-26T19:27:10-03:00</RECCREATEDON><RECMODIFIEDBY>wagner.prado</RECMODIFIEDBY><RECMODIFIEDON>2023-03-29T16:37:47-03:00</RECMODIFIEDON></MCMPDESC><MCMPDESC><CODCOLIGADA>51</CODCOLIGADA><IDPRJ>1</IDPRJ><IDCMP>590979</IDCMP><DESCRICAOCOMPLETA>SOLEIRA EM GRANITO BRANCO DALLAS 206,5 X 10 X 2CM</DESCRICAOCOMPLETA><RECCREATEDBY>wagner.prado</RECCREATEDBY><RECCREATEDON>2023-03-26T19:27:10-03:00</RECCREATEDON><RECMODIFIEDBY>wagner.prado</RECMODIFIEDBY><RECMODIFIEDON>2023-03-29T16:38:09-03:00</RECMODIFIEDON></MCMPDESC><MCMPDESC><CODCOLIGADA>51</CODCOLIGADA><IDPRJ>1</IDPRJ><IDCMP>590980</IDCMP><DESCRICAOCOMPLETA>SOLEIRA EM GRANITO BRANCO DALLAS 116,5 X 18 X 2CM</DESCRICAOCOMPLETA><RECCREATEDBY>wagner.prado</RECCREATEDBY><RECCREATEDON>2023-03-26T19:27:10-03:00</RECCREATEDON><RECMODIFIEDBY>wagner.prado</RECMODIFIEDBY><RECMODIFIEDON>2023-03-29T16:38:32-03:00</RECMODIFIEDON></MCMPDESC><MCMPDESC><CODCOLIGADA>51</CODCOLIGADA><IDPRJ>1</IDPRJ><IDCMP>590981</IDCMP><DESCRICAOCOMPLETA>SOLEIRA EM GRANITO BRANCO DALLAS 150 X 18 X 2CM</DESCRICAOCOMPLETA><RECCREATEDBY>wagner.prado</RECCREATEDBY><RECCREATEDON>2023-03-26T19:27:10-03:00</RECCREATEDON><RECMODIFIEDBY>wagner.prado</RECMODIFIEDBY><RECMODIFIEDON>2023-03-29T16:38:46-03:00</RECMODIFIEDON></MCMPDESC><MCMPDESC><CODCOLIGADA>51</CODCOLIGADA><IDPRJ>1</IDPRJ><IDCMP>590982</IDCMP><DESCRICAOCOMPLETA>SOLEIRA EM GRANITO BRANCO DALLAS 113 X 18 X 2CM</DESCRICAOCOMPLETA><RECCREATEDBY>wagner.prado</RECCREATEDBY><RECCREATEDON>2023-03-26T19:27:10-03:00</RECCREATEDON><RECMODIFIEDBY>wagner.prado</RECMODIFIEDBY><RECMODIFIEDON>2023-03-29T16:39:06-03:00</RECMODIFIEDON></MCMPDESC><MCMPDESC><CODCOLIGADA>51</CODCOLIGADA><IDPRJ>1</IDPRJ><IDCMP>590983</IDCMP><DESCRICAOCOMPLETA>SOLEIRA EM GRANITO BRANCO DALLAS 158,5 X 18 X 2CM</DESCRICAOCOMPLETA><RECCREATEDBY>wagner.prado</RECCREATEDBY><RECCREATEDON>2023-03-26T19:27:10-03:00</RECCREATEDON><RECMODIFIEDBY>wagner.prado</RECMODIFIEDBY><RECMODIFIEDON>2023-03-29T16:39:26-03:00</RECMODIFIEDON></MCMPDESC><MCMPDESC><CODCOLIGADA>51</CODCOLIGADA><IDPRJ>1</IDPRJ><IDCMP>590984</IDCMP><DESCRICAOCOMPLETA>SOLEIRA EM GRANITO BRANCO DALLAS 123 X 18 X 2CM</DESCRICAOCOMPLETA><RECCREATEDBY>wagner.prado</RECCREATEDBY><RECCREATEDON>2023-03-26T19:27:10-03:00</RECCREATEDON><RECMODIFIEDBY>wagner.prado</RECMODIFIEDBY><RECMODIFIEDON>2023-03-26T19:27:10-03:00</RECMODIFIEDON></MCMPDESC><MCMPDESC><CODCOLIGADA>51</CODCOLIGADA><IDPRJ>1</IDPRJ><IDCMP>590985</IDCMP><DESCRICAOCOMPLETA>SOLEIRA EM GRANITO BRANCO DALLAS 128 X 18 X 2CM</DESCRICAOCOMPLETA><RECCREATEDBY>wagner.prado</RECCREATEDBY><RECCREATEDON>2023-03-26T19:27:10-03:00</RECCREATEDON><RECMODIFIEDBY>wagner.prado</RECMODIFIEDBY><RECMODIFIEDON>2023-03-26T19:27:10-03:00</RECMODIFIEDON></MCMPDESC><MCMPDESC><CODCOLIGADA>51</CODCOLIGADA><IDPRJ>1</IDPRJ><IDCMP>590986</IDCMP><DESCRICAOCOMPLETA>SOLEIRA EM GRANITO BRANCO DALLAS 90 X18 X 2CM</DESCRICAOCOMPLETA><RECCREATEDBY>wagner.prado</RECCREATEDBY><RECCREATEDON>2023-03-26T19:27:10-03:00</RECCREATEDON><RECMODIFIEDBY>wagner.prado</RECMODIFIEDBY><RECMODIFIEDON>2023-03-26T19:27:10-03:00</RECMODIFIEDON></MCMPDESC><MCMPDESC><CODCOLIGADA>51</CODCOLIGADA><IDPRJ>1</IDPRJ><IDCMP>590987</IDCMP><DESCRICAOCOMPLETA>SOLEIRA EM GRANITO BRANCO DALLAS 134 X 13,5 X 2CM</DESCRICAOCOMPLETA><RECCREATEDBY>wagner.prado</RECCREATEDBY><RECCREATEDON>2023-03-26T19:27:10-03:00</RECCREATEDON><RECMODIFIEDBY>wagner.prado</RECMODIFIEDBY><RECMODIFIEDON>2023-03-26T19:27:10-03:00</RECMODIFIEDON></MCMPDESC><MCMPDESC><CODCOLIGADA>51</CODCOLIGADA><IDPRJ>1</IDPRJ><IDCMP>590988</IDCMP><DESCRICAOCOMPLETA>SOLEIRA EM GRANITO BRANCO DALLAS 120 X 18 X 2CM</DESCRICAOCOMPLETA><RECCREATEDBY>wagner.prado</RECCREATEDBY><RECCREATEDON>2023-03-26T19:27:10-03:00</RECCREATEDON><RECMODIFIEDBY>wagner.prado</RECMODIFIEDBY><RECMODIFIEDON>2023-03-26T19:27:10-03:00</RECMODIFIEDON></MCMPDESC><MCMPDESC><CODCOLIGADA>51</CODCOLIGADA><IDPRJ>1</IDPRJ><IDCMP>590989</IDCMP><DESCRICAOCOMPLETA>SOLEIRA EM GRANITO BRANCO DALLAS 80,75 X 18 X 2CM</DESCRICAOCOMPLETA><RECCREATEDBY>wagner.prado</RECCREATEDBY><RECCREATEDON>2023-03-26T19:27:10-03:00</RECCREATEDON><RECMODIFIEDBY>wagner.prado</RECMODIFIEDBY><RECMODIFIEDON>2023-03-26T19:27:10-03:00</RECMODIFIEDON></MCMPDESC><MCMPDESC><CODCOLIGADA>51</CODCOLIGADA><IDPRJ>1</IDPRJ><IDCMP>590990</IDCMP><DESCRICAOCOMPLETA>SOLEIRA EM GRANITO BRANCO DALLAS 125 X 18 X 2CM</DESCRICAOCOMPLETA><RECCREATEDBY>wagner.prado</RECCREATEDBY><RECCREATEDON>2023-03-26T19:27:10-03:00</RECCREATEDON><RECMODIFIEDBY>wagner.prado</RECMODIFIEDBY><RECMODIFIEDON>2023-03-26T19:27:10-03:00</RECMODIFIEDON></MCMPDESC><MCMPDESC><CODCOLIGADA>51</CODCOLIGADA><IDPRJ>1</IDPRJ><IDCMP>590991</IDCMP><DESCRICAOCOMPLETA>SOLEIRA EM GRANITO BRANCO DALLAS 115 X 18 X 2CM</DESCRICAOCOMPLETA><RECCREATEDBY>wagner.prado</RECCREATEDBY><RECCREATEDON>2023-03-26T19:27:10-03:00</RECCREATEDON><RECMODIFIEDBY>wagner.prado</RECMODIFIEDBY><RECMODIFIEDON>2023-03-26T19:27:10-03:00</RECMODIFIEDON></MCMPDESC><MCMPDESC><CODCOLIGADA>51</CODCOLIGADA><IDPRJ>1</IDPRJ><IDCMP>590992</IDCMP><DESCRICAOCOMPLETA>SOLEIRA EM GRANITO BRANCO DALLAS 202 X 18 X 2CM</DESCRICAOCOMPLETA><RECCREATEDBY>wagner.prado</RECCREATEDBY><RECCREATEDON>2023-03-26T19:27:10-03:00</RECCREATEDON><RECMODIFIEDBY>wagner.prado</RECMODIFIEDBY><RECMODIFIEDON>2023-03-26T19:27:10-03:00</RECMODIFIEDON></MCMPDESC><MCMPDESC><CODCOLIGADA>51</CODCOLIGADA><IDPRJ>1</IDPRJ><IDCMP>591311</IDCMP><DESCRICAOCOMPLETA>PISO INTERTRAVADO PREMOLDADO E=10CM INCL. COLCHAO DE AREIA</DESCRICAOCOMPLETA><RECCREATEDBY>izabela.almeida</RECCREATEDBY><RECCREATEDON>2023-03-28T13:27:32-03:00</RECCREATEDON><RECMODIFIEDBY>izabela.almeida</RECMODIFIEDBY><RECMODIFIEDON>2023-03-28T13:27:32-03:00</RECMODIFIEDON></MCMPDESC><MCMPDESC><CODCOLIGADA>51</CODCOLIGADA><IDPRJ>1</IDPRJ><IDCMP>591920</IDCMP><DESCRICAOCOMPLETA>PEITORIL EM GRANITO BRANCO DALLAS 105,33 X 18 X 2CM</DESCRICAOCOMPLETA><RECCREATEDBY>wagner.prado</RECCREATEDBY><RECCREATEDON>2023-03-30T11:05:27-03:00</RECCREATEDON><RECMODIFIEDBY>wagner.prado</RECMODIFIEDBY><RECMODIFIEDON>2023-03-30T11:05:27-03:00</RECMODIFIEDON></MCMPDESC><MCMPDESC><CODCOLIGADA>51</CODCOLIGADA><IDPRJ>1</IDPRJ><IDCMP>591921</IDCMP><DESCRICAOCOMPLETA>PEITORIL EM GRANITO BRANCO DALLAS 93 X 18 X 2CM</DESCRICAOCOMPLETA><RECCREATEDBY>wagner.prado</RECCREATEDBY><RECCREATEDON>2023-03-30T11:05:27-03:00</RECCREATEDON><RECMODIFIEDBY>Andreza.soares</RECMODIFIEDBY><RECMODIFIEDON>2023-08-29T09:41:20-03:00</RECMODIFIEDON></MCMPDESC><MCMPDESC><CODCOLIGADA>51</CODCOLIGADA><IDPRJ>1</IDPRJ><IDCMP>591922</IDCMP><DESCRICAOCOMPLETA>PEITORIL EM GRANITO BRANCO DALLAS 108 X 21 X 2CM</DESCRICAOCOMPLETA><RECCREATEDBY>wagner.prado</RECCREATEDBY><RECCREATEDON>2023-03-30T11:05:27-03:00</RECCREATEDON><RECMODIFIEDBY>Andreza.soares</RECMODIFIEDBY><RECMODIFIEDON>2023-08-29T09:42:02-03:00</RECMODIFIEDON></MCMPDESC><MCMPDESC><CODCOLIGADA>51</CODCOLIGADA><IDPRJ>1</IDPRJ><IDCMP>591923</IDCMP><DESCRICAOCOMPLETA>PEITORIL EM GRANITO BRANCO DALLAS 103 X 21 X 2CM</DESCRICAOCOMPLETA><RECCREATEDBY>wagner.prado</RECCREATEDBY><RECCREATEDON>2023-03-30T11:05:27-03:00</RECCREATEDON><RECMODIFIEDBY>Andreza.soares</RECMODIFIEDBY><RECMODIFIEDON>2023-08-29T09:43:00-03:00</RECMODIFIEDON></MCMPDESC><MCMPDESC><CODCOLIGADA>51</CODCOLIGADA><IDPRJ>1</IDPRJ><IDCMP>591924</IDCMP><DESCRICAOCOMPLETA>SOLEIRA EM GRANITO BRANCO DALLAS 91 X 18 X 2CM</DESCRICAOCOMPLETA><RECCREATEDBY>wagner.prado</RECCREATEDBY><RECCREATEDON>2023-03-30T11:05:27-03:00</RECCREATEDON><RECMODIFIEDBY>Andreza.soares</RECMODIFIEDBY><RECMODIFIEDON>2023-09-05T09:44:13-03:00</RECMODIFIEDON></MCMPDESC><MCMPDESC><CODCOLIGADA>51</CODCOLIGADA><IDPRJ>1</IDPRJ><IDCMP>591925</IDCMP><DESCRICAOCOMPLETA>SOLEIRA EM GRANITO BRANCO DALLAS 91 X 18,5 X 2CM</DESCRICAOCOMPLETA><RECCREATEDBY>wagner.prado</RECCREATEDBY><RECCREATEDON>2023-03-30T11:05:27-03:00</RECCREATEDON><RECMODIFIEDBY>Andreza.soares</RECMODIFIEDBY><RECMODIFIEDON>2023-09-05T09:44:58-03:00</RECMODIFIEDON></MCMPDESC><MCMPDESC><CODCOLIGADA>51</CODCOLIGADA><IDPRJ>1</IDPRJ><IDCMP>591926</IDCMP><DESCRICAOCOMPLETA>SOLEIRA EM GRANITO CINZA CORUMBA 96 X 18 X 2CM</DESCRICAOCOMPLETA><RECCREATEDBY>wagner.prado</RECCREATEDBY><RECCREATEDON>2023-03-30T11:05:28-03:00</RECCREATEDON><RECMODIFIEDBY>Andreza.soares</RECMODIFIEDBY><RECMODIFIEDON>2023-09-05T09:50:58-03:00</RECMODIFIEDON></MCMPDESC><MCMPDESC><CODCOLIGADA>51</CODCOLIGADA><IDPRJ>1</IDPRJ><IDCMP>591927</IDCMP><DESCRICAOCOMPLETA>SOLEIRA EM GRANITO CINZA CORUMBA 136 X 16,5 X 2CM</DESCRICAOCOMPLETA><RECCREATEDBY>wagner.prado</RECCREATEDBY><RECCREATEDON>2023-03-30T11:05:28-03:00</RECCREATEDON><RECMODIFIEDBY>Andreza.soares</RECMODIFIEDBY><RECMODIFIEDON>2023-08-29T09:30:15-03:00</RECMODIFIEDON></MCMPDESC><MCMPDESC><CODCOLIGADA>51</CODCOLIGADA><IDPRJ>1</IDPRJ><IDCMP>591928</IDCMP><DESCRICAOCOMPLETA>SOLEIRA EM GRANITO CINZA CORUMBA 136 X 18,5 X 2CM</DESCRICAOCOMPLETA><RECCREATEDBY>wagner.prado</RECCREATEDBY><RECCREATEDON>2023-03-30T11:05:28-03:00</RECCREATEDON><RECMODIFIEDBY>Andreza.soares</RECMODIFIEDBY><RECMODIFIEDON>2023-09-05T09:47:57-03:00</RECMODIFIEDON></MCMPDESC><MCMPDESC><CODCOLIGADA>51</CODCOLIGADA><IDPRJ>1</IDPRJ><IDCMP>591929</IDCMP><DESCRICAOCOMPLETA>SOLEIRA EM GRANITO BRANCO DALLAS  73,5 X 5 X 2,0CM</DESCRICAOCOMPLETA><RECCREATEDBY>wagner.prado</RECCREATEDBY><RECCREATEDON>2023-03-30T11:29:39-03:00</RECCREATEDON><RECMODIFIEDBY>wagner.prado</RECMODIFIEDBY><RECMODIFIEDON>2023-03-30T11:29:39-03:00</RECMODIFIEDON></MCMPDESC><MCMPDESC><CODCOLIGADA>51</CODCOLIGADA><IDPRJ>1</IDPRJ><IDCMP>591930</IDCMP><DESCRICAOCOMPLETA>SOLEIRA EM GRANITO BRANCO DALLAS  81 X 18 X 2,0CM</DESCRICAOCOMPLETA><RECCREATEDBY>wagner.prado</RECCREATEDBY><RECCREATEDON>2023-03-30T11:29:40-03:00</RECCREATEDON><RECMODIFIEDBY>Andreza.soares</RECMODIFIEDBY><RECMODIFIEDON>2023-09-05T09:52:35-03:00</RECMODIFIEDON></MCMPDESC><MCMPDESC><CODCOLIGADA>51</CODCOLIGADA><IDPRJ>1</IDPRJ><IDCMP>591931</IDCMP><DESCRICAOCOMPLETA>SOLEIRA EM GRANITO BRANCO DALLAS  82 X 18,5 X 2,0CM</DESCRICAOCOMPLETA><RECCREATEDBY>wagner.prado</RECCREATEDBY><RECCREATEDON>2023-03-30T11:29:40-03:00</RECCREATEDON><RECMODIFIEDBY>Andreza.soares</RECMODIFIEDBY><RECMODIFIEDON>2023-09-05T09:53:51-03:00</RECMODIFIEDON></MCMPDESC><MCMPDESC><CODCOLIGADA>51</CODCOLIGADA><IDPRJ>1</IDPRJ><IDCMP>591932</IDCMP><DESCRICAOCOMPLETA>SOLEIRA EM GRANITO BRANCO DALLAS 88,5 X 5 X 2,0CM</DESCRICAOCOMPLETA><RECCREATEDBY>wagner.prado</RECCREATEDBY><RECCREATEDON>2023-03-30T11:29:40-03:00</RECCREATEDON><RECMODIFIEDBY>wagner.prado</RECMODIFIEDBY><RECMODIFIEDON>2023-03-30T11:29:40-03:00</RECMODIFIEDON></MCMPDESC><MCMPDESC><CODCOLIGADA>51</CODCOLIGADA><IDPRJ>1</IDPRJ><IDCMP>591933</IDCMP><DESCRICAOCOMPLETA>PEITORIL EM GRANITO BRANCO DALLAS 100,5 X 21 X 2CM</DESCRICAOCOMPLETA><RECCREATEDBY>wagner.prado</RECCREATEDBY><RECCREATEDON>2023-03-30T11:29:40-03:00</RECCREATEDON><RECMODIFIEDBY>Andreza.soares</RECMODIFIEDBY><RECMODIFIEDON>2023-08-29T09:43:40-03:00</RECMODIFIEDON></MCMPDESC><MCMPDESC><CODCOLIGADA>51</CODCOLIGADA><IDPRJ>1</IDPRJ><IDCMP>591934</IDCMP><DESCRICAOCOMPLETA>PEITORIL EM GRANITO BRANCO DALLAS 136 X 21 X 2CM</DESCRICAOCOMPLETA><RECCREATEDBY>wagner.prado</RECCREATEDBY><RECCREATEDON>2023-03-30T11:29:41-03:00</RECCREATEDON><RECMODIFIEDBY>Andreza.soares</RECMODIFIEDBY><RECMODIFIEDON>2023-08-29T09:44:14-03:00</RECMODIFIEDON></MCMPDESC><MCMPDESC><CODCOLIGADA>51</CODCOLIGADA><IDPRJ>1</IDPRJ><IDCMP>594464</IDCMP><DESCRICAOCOMPLETA>BANCADA EM GRANITO BRANCO DALLAS SECA E=2CM C/ TESTEIRA H=10CM 296 X 44,5  CM - NBR 15844
</DESCRICAOCOMPLETA><RECCREATEDBY>ketellen.costa</RECCREATEDBY><RECCREATEDON>2022-04-01T10:08:24-03:00</RECCREATEDON><RECMODIFIEDBY>wagner.prado</RECMODIFIEDBY><RECMODIFIEDON>2023-04-05T14:08:02-03:00</RECMODIFIEDON></MCMPDESC><MCMPDESC><CODCOLIGADA>51</CODCOLIGADA><IDPRJ>1</IDPRJ><IDCMP>628007</IDCMP><DESCRICAOCOMPLETA>TUBOS, CONEXOES E REGISTROS AGUA - ACADEMIA MUSCULACAO</DESCRICAOCOMPLETA><RECCREATEDBY>Cristina.dias</RECCREATEDBY><RECCREATEDON>2023-06-15T10:00:28-03:00</RECCREATEDON><RECMODIFIEDBY>Cristina.dias</RECMODIFIEDBY><RECMODIFIEDON>2023-06-27T14:49:37-03:00</RECMODIFIEDON></MCMPDESC><MCMPDESC><CODCOLIGADA>51</CODCOLIGADA><IDPRJ>1</IDPRJ><IDCMP>628009</IDCMP><DESCRICAOCOMPLETA>TUBOS E CONEXOES ESGOTO - BRINQUEDOTECA</DESCRICAOCOMPLETA><RECCREATEDBY>Cristina.dias</RECCREATEDBY><RECCREATEDON>2023-06-15T10:16:42-03:00</RECCREATEDON><RECMODIFIEDBY>Cristina.dias</RECMODIFIEDBY><RECMODIFIEDON>2023-06-28T08:07:34-03:00</RECMODIFIEDON></MCMPDESC><MCMPDESC><CODCOLIGADA>51</CODCOLIGADA><IDPRJ>1</IDPRJ><IDCMP>628010</IDCMP><DESCRICAOCOMPLETA>TUBOS, CONEXOES E REGISTROS AGUA - BRINQUEDOTECA</DESCRICAOCOMPLETA><RECCREATEDBY>Cristina.dias</RECCREATEDBY><RECCREATEDON>2023-06-15T10:16:43-03:00</RECCREATEDON><RECMODIFIEDBY>Cristina.dias</RECMODIFIEDBY><RECMODIFIEDON>2023-06-28T08:08:50-03:00</RECMODIFIEDON></MCMPDESC><MCMPDESC><CODCOLIGADA>51</CODCOLIGADA><IDPRJ>1</IDPRJ><IDCMP>628011</IDCMP><DESCRICAOCOMPLETA>TUBOS, CONEXOES E REGISTROS AGUA - COWORKING</DESCRICAOCOMPLETA><RECCREATEDBY>Cristina.dias</RECCREATEDBY><RECCREATEDON>2023-06-15T10:35:41-03:00</RECCREATEDON><RECMODIFIEDBY>Cristina.dias</RECMODIFIEDBY><RECMODIFIEDON>2023-06-28T09:27:07-03:00</RECMODIFIEDON></MCMPDESC><MCMPDESC><CODCOLIGADA>51</CODCOLIGADA><IDPRJ>1</IDPRJ><IDCMP>628013</IDCMP><DESCRICAOCOMPLETA>TUBOS, CONEXOES E REGISTROS AGUA - COPA/REFEITORIO</DESCRICAOCOMPLETA><RECCREATEDBY>Cristina.dias</RECCREATEDBY><RECCREATEDON>2023-06-15T10:44:04-03:00</RECCREATEDON><RECMODIFIEDBY>Cristina.dias</RECMODIFIEDBY><RECMODIFIEDON>2023-06-28T09:34:17-03:00</RECMODIFIEDON></MCMPDESC><MCMPDESC><CODCOLIGADA>51</CODCOLIGADA><IDPRJ>1</IDPRJ><IDCMP>628014</IDCMP><DESCRICAOCOMPLETA>TUBOS E CONEXOES ESGOTO - COPA/REFEITORIO</DESCRICAOCOMPLETA><RECCREATEDBY>Cristina.dias</RECCREATEDBY><RECCREATEDON>2023-06-15T10:44:05-03:00</RECCREATEDON><RECMODIFIEDBY>Cristina.dias</RECMODIFIEDBY><RECMODIFIEDON>2023-06-28T09:34:44-03:00</RECMODIFIEDON></MCMPDESC><MCMPDESC><CODCOLIGADA>51</CODCOLIGADA><IDPRJ>1</IDPRJ><IDCMP>628017</IDCMP><DESCRICAOCOMPLETA>TUBOS, CONEXOES E REGISTROS AGUA - CONVIVENCIA</DESCRICAOCOMPLETA><RECCREATEDBY>Cristina.dias</RECCREATEDBY><RECCREATEDON>2023-06-15T11:12:08-03:00</RECCREATEDON><RECMODIFIEDBY>Cristina.dias</RECMODIFIEDBY><RECMODIFIEDON>2023-06-28T09:39:11-03:00</RECMODIFIEDON></MCMPDESC><MCMPDESC><CODCOLIGADA>51</CODCOLIGADA><IDPRJ>1</IDPRJ><IDCMP>628018</IDCMP><DESCRICAOCOMPLETA>TUBOS E CONEXOES ESGOTO - CONVIVENCIA</DESCRICAOCOMPLETA><RECCREATEDBY>Cristina.dias</RECCREATEDBY><RECCREATEDON>2023-06-15T11:12:08-03:00</RECCREATEDON><RECMODIFIEDBY>Cristina.dias</RECMODIFIEDBY><RECMODIFIEDON>2023-06-28T09:39:44-03:00</RECMODIFIEDON></MCMPDESC><MCMPDESC><CODCOLIGADA>51</CODCOLIGADA><IDPRJ>1</IDPRJ><IDCMP>628021</IDCMP><DESCRICAOCOMPLETA>TUBOS, CONEXOES E REGISTROS AGUA - DEPOSITO DE LIXO 1 E 2</DESCRICAOCOMPLETA><RECCREATEDBY>Cristina.dias</RECCREATEDBY><RECCREATEDON>2023-06-15T11:32:28-03:00</RECCREATEDON><RECMODIFIEDBY>Cristina.dias</RECMODIFIEDBY><RECMODIFIEDON>2023-06-28T09:42:22-03:00</RECMODIFIEDON></MCMPDESC><MCMPDESC><CODCOLIGADA>51</CODCOLIGADA><IDPRJ>1</IDPRJ><IDCMP>628022</IDCMP><DESCRICAOCOMPLETA>TUBOS E CONEXOES ESGOTO - DEPOSITO DE LIXO 1 E 2</DESCRICAOCOMPLETA><RECCREATEDBY>Cristina.dias</RECCREATEDBY><RECCREATEDON>2023-06-15T11:32:28-03:00</RECCREATEDON><RECMODIFIEDBY>Cristina.dias</RECMODIFIEDBY><RECMODIFIEDON>2023-06-28T09:42:58-03:00</RECMODIFIEDON></MCMPDESC><MCMPDESC><CODCOLIGADA>51</CODCOLIGADA><IDPRJ>1</IDPRJ><IDCMP>628025</IDCMP><DESCRICAOCOMPLETA>TUBOS, CONEXOES E REGISTROS AGUA - DML</DESCRICAOCOMPLETA><RECCREATEDBY>Cristina.dias</RECCREATEDBY><RECCREATEDON>2023-06-15T11:52:12-03:00</RECCREATEDON><RECMODIFIEDBY>Cristina.dias</RECMODIFIEDBY><RECMODIFIEDON>2023-06-28T09:44:19-03:00</RECMODIFIEDON></MCMPDESC><MCMPDESC><CODCOLIGADA>51</CODCOLIGADA><IDPRJ>1</IDPRJ><IDCMP>628226</IDCMP><DESCRICAOCOMPLETA>TUBOS, CONEXOES E REGISTROS AGUA - EASY MARKET</DESCRICAOCOMPLETA><RECCREATEDBY>Cristina.dias</RECCREATEDBY><RECCREATEDON>2023-06-15T12:18:15-03:00</RECCREATEDON><RECMODIFIEDBY>Cristina.dias</RECMODIFIEDBY><RECMODIFIEDON>2023-06-28T09:45:17-03:00</RECMODIFIEDON></MCMPDESC><MCMPDESC><CODCOLIGADA>51</CODCOLIGADA><IDPRJ>1</IDPRJ><IDCMP>628227</IDCMP><DESCRICAOCOMPLETA>TUBOS, CONEXOES ESGOTO E DRENAGEM - EASY MARKET</DESCRICAOCOMPLETA><RECCREATEDBY>Cristina.dias</RECCREATEDBY><RECCREATEDON>2023-06-15T12:18:15-03:00</RECCREATEDON><RECMODIFIEDBY>Cristina.dias</RECMODIFIEDBY><RECMODIFIEDON>2023-06-28T09:45:56-03:00</RECMODIFIEDON></MCMPDESC><MCMPDESC><CODCOLIGADA>51</CODCOLIGADA><IDPRJ>1</IDPRJ><IDCMP>628228</IDCMP><DESCRICAOCOMPLETA>TUBOS, CONEXOES E REGISTROS AGUA - ESPACO MULHER</DESCRICAOCOMPLETA><RECCREATEDBY>Cristina.dias</RECCREATEDBY><RECCREATEDON>2023-06-15T12:36:09-03:00</RECCREATEDON><RECMODIFIEDBY>Cristina.dias</RECMODIFIEDBY><RECMODIFIEDON>2023-06-28T09:48:03-03:00</RECMODIFIEDON></MCMPDESC><MCMPDESC><CODCOLIGADA>51</CODCOLIGADA><IDPRJ>1</IDPRJ><IDCMP>628229</IDCMP><DESCRICAOCOMPLETA>TUBOS, CONEXOES ESGOTO E DRENAGEM - ESPACO MULHER</DESCRICAOCOMPLETA><RECCREATEDBY>Cristina.dias</RECCREATEDBY><RECCREATEDON>2023-06-15T12:36:09-03:00</RECCREATEDON><RECMODIFIEDBY>Cristina.dias</RECMODIFIEDBY><RECMODIFIEDON>2023-06-28T09:48:37-03:00</RECMODIFIEDON></MCMPDESC><MCMPDESC><CODCOLIGADA>51</CODCOLIGADA><IDPRJ>1</IDPRJ><IDCMP>628230</IDCMP><DESCRICAOCOMPLETA>TUBOS, CONEXOES E REGISTROS AGUA - ESPACO GOURMET 1 E 2</DESCRICAOCOMPLETA><RECCREATEDBY>Cristina.dias</RECCREATEDBY><RECCREATEDON>2023-06-15T12:49:12-03:00</RECCREATEDON><RECMODIFIEDBY>Cristina.dias</RECMODIFIEDBY><RECMODIFIEDON>2023-06-28T09:52:52-03:00</RECMODIFIEDON></MCMPDESC><MCMPDESC><CODCOLIGADA>51</CODCOLIGADA><IDPRJ>1</IDPRJ><IDCMP>628231</IDCMP><DESCRICAOCOMPLETA>TUBOS, CONEXOES ESGOTO E DRENAGEM - ESPACO GOURMET 1 E 2</DESCRICAOCOMPLETA><RECCREATEDBY>Cristina.dias</RECCREATEDBY><RECCREATEDON>2023-06-15T12:49:13-03:00</RECCREATEDON><RECMODIFIEDBY>Cristina.dias</RECMODIFIEDBY><RECMODIFIEDON>2023-06-28T09:53:29-03:00</RECMODIFIEDON></MCMPDESC><MCMPDESC><CODCOLIGADA>51</CODCOLIGADA><IDPRJ>1</IDPRJ><IDCMP>628232</IDCMP><DESCRICAOCOMPLETA>TUBOS, CONEXOES E REGISTROS AGUA - PET CARE</DESCRICAOCOMPLETA><RECCREATEDBY>Cristina.dias</RECCREATEDBY><RECCREATEDON>2023-06-15T13:02:28-03:00</RECCREATEDON><RECMODIFIEDBY>Cristina.dias</RECMODIFIEDBY><RECMODIFIEDON>2023-06-28T09:57:01-03:00</RECMODIFIEDON></MCMPDESC><MCMPDESC><CODCOLIGADA>51</CODCOLIGADA><IDPRJ>1</IDPRJ><IDCMP>628233</IDCMP><DESCRICAOCOMPLETA>TUBOS, CONEXOES ESGOTO E DRENAGEM - PET CARE</DESCRICAOCOMPLETA><RECCREATEDBY>Cristina.dias</RECCREATEDBY><RECCREATEDON>2023-06-15T13:02:28-03:00</RECCREATEDON><RECMODIFIEDBY>Cristina.dias</RECMODIFIEDBY><RECMODIFIEDON>2023-06-28T09:57:17-03:00</RECMODIFIEDON></MCMPDESC><MCMPDESC><CODCOLIGADA>51</CODCOLIGADA><IDPRJ>1</IDPRJ><IDCMP>628338</IDCMP><DESCRICAOCOMPLETA>TUBOS, CONEXOES E REGISTROS AGUA - PUB / JOGOS</DESCRICAOCOMPLETA><RECCREATEDBY>Cristina.dias</RECCREATEDBY><RECCREATEDON>2023-06-15T13:13:39-03:00</RECCREATEDON><RECMODIFIEDBY>danilo.custodio</RECMODIFIEDBY><RECMODIFIEDON>2023-07-05T15:31:21-03:00</RECMODIFIEDON></MCMPDESC><MCMPDESC><CODCOLIGADA>51</CODCOLIGADA><IDPRJ>1</IDPRJ><IDCMP>628339</IDCMP><DESCRICAOCOMPLETA>TUBOS, CONEXOES ESGOTO E DRENAGEM - PUB / JOGOS</DESCRICAOCOMPLETA><RECCREATEDBY>Cristina.dias</RECCREATEDBY><RECCREATEDON>2023-06-15T13:13:39-03:00</RECCREATEDON><RECMODIFIEDBY>Cristina.dias</RECMODIFIEDBY><RECMODIFIEDON>2023-06-28T09:58:51-03:00</RECMODIFIEDON></MCMPDESC><MCMPDESC><CODCOLIGADA>51</CODCOLIGADA><IDPRJ>1</IDPRJ><IDCMP>629846</IDCMP><DESCRICAOCOMPLETA>TUBOS, CONEXOES E REGISTROS AGUA - LAVANDERIA</DESCRICAOCOMPLETA><RECCREATEDBY>Cristina.dias</RECCREATEDBY><RECCREATEDON>2023-06-16T08:17:52-03:00</RECCREATEDON><RECMODIFIEDBY>Cristina.dias</RECMODIFIEDBY><RECMODIFIEDON>2023-06-28T09:54:51-03:00</RECMODIFIEDON></MCMPDESC><MCMPDESC><CODCOLIGADA>51</CODCOLIGADA><IDPRJ>1</IDPRJ><IDCMP>629847</IDCMP><DESCRICAOCOMPLETA>TUBOS, CONEXOES ESGOTO E DRENAGEM - LAVANDERIA</DESCRICAOCOMPLETA><RECCREATEDBY>Cristina.dias</RECCREATEDBY><RECCREATEDON>2023-06-16T08:17:53-03:00</RECCREATEDON><RECMODIFIEDBY>Cristina.dias</RECMODIFIEDBY><RECMODIFIEDON>2023-06-28T09:55:24-03:00</RECMODIFIEDON></MCMPDESC><MCMPDESC><CODCOLIGADA>51</CODCOLIGADA><IDPRJ>1</IDPRJ><IDCMP>629848</IDCMP><DESCRICAOCOMPLETA>TUBOS, CONEXOES E REGISTROS AGUA - BANHEIRO FEM/MASC / DEPOSITO / BAR</DESCRICAOCOMPLETA><RECCREATEDBY>Cristina.dias</RECCREATEDBY><RECCREATEDON>2023-06-16T08:52:30-03:00</RECCREATEDON><RECMODIFIEDBY>Cristina.dias</RECMODIFIEDBY><RECMODIFIEDON>2023-06-28T10:06:50-03:00</RECMODIFIEDON></MCMPDESC><MCMPDESC><CODCOLIGADA>51</CODCOLIGADA><IDPRJ>1</IDPRJ><IDCMP>629849</IDCMP><DESCRICAOCOMPLETA>TUBOS, CONEXOES ESGOTO E DRENAGEM - BANHEIRO FEM/MASC / DEPOSITO / BAR</DESCRICAOCOMPLETA><RECCREATEDBY>Cristina.dias</RECCREATEDBY><RECCREATEDON>2023-06-16T08:52:30-03:00</RECCREATEDON><RECMODIFIEDBY>Cristina.dias</RECMODIFIEDBY><RECMODIFIEDON>2023-06-28T10:07:18-03:00</RECMODIFIEDON></MCMPDESC><MCMPDESC><CODCOLIGADA>51</CODCOLIGADA><IDPRJ>1</IDPRJ><IDCMP>629852</IDCMP><DESCRICAOCOMPLETA>TUBOS, CONEXOES E REGISTROS AGUA - VESTIARIOS / SAUNA / CHUVEIROS</DESCRICAOCOMPLETA><RECCREATEDBY>Cristina.dias</RECCREATEDBY><RECCREATEDON>2023-06-16T09:42:37-03:00</RECCREATEDON><RECMODIFIEDBY>Cristina.dias</RECMODIFIEDBY><RECMODIFIEDON>2023-06-28T10:10:30-03:00</RECMODIFIEDON></MCMPDESC><MCMPDESC><CODCOLIGADA>51</CODCOLIGADA><IDPRJ>1</IDPRJ><IDCMP>629853</IDCMP><DESCRICAOCOMPLETA>TUBOS, CONEXOES ESGOTO E DRENAGEM - VESTIARIOS / SAUNA / CHUVEIROS</DESCRICAOCOMPLETA><RECCREATEDBY>Cristina.dias</RECCREATEDBY><RECCREATEDON>2023-06-16T09:42:38-03:00</RECCREATEDON><RECMODIFIEDBY>Cristina.dias</RECMODIFIEDBY><RECMODIFIEDON>2023-06-28T10:10:58-03:00</RECMODIFIEDON></MCMPDESC><MCMPDESC><CODCOLIGADA>51</CODCOLIGADA><IDPRJ>1</IDPRJ><IDCMP>629858</IDCMP><DESCRICAOCOMPLETA>TUBOS, CONEXOES E REGISTROS AGUA - SALAO DE FESTA(SOBRE GARAGEM)</DESCRICAOCOMPLETA><RECCREATEDBY>Cristina.dias</RECCREATEDBY><RECCREATEDON>2023-06-16T10:57:21-03:00</RECCREATEDON><RECMODIFIEDBY>danilo.custodio</RECMODIFIEDBY><RECMODIFIEDON>2023-07-05T15:31:37-03:00</RECMODIFIEDON></MCMPDESC><MCMPDESC><CODCOLIGADA>51</CODCOLIGADA><IDPRJ>1</IDPRJ><IDCMP>629859</IDCMP><DESCRICAOCOMPLETA>TUBOS, CONEXOES ESGOTO E DRENAGEM - SALAO DE FESTA(SOBRE GARAGEM)</DESCRICAOCOMPLETA><RECCREATEDBY>Cristina.dias</RECCREATEDBY><RECCREATEDON>2023-06-16T10:57:22-03:00</RECCREATEDON><RECMODIFIEDBY>Cristina.dias</RECMODIFIEDBY><RECMODIFIEDON>2023-06-28T10:12:10-03:00</RECMODIFIEDON></MCMPDESC><MCMPDESC><CODCOLIGADA>51</CODCOLIGADA><IDPRJ>1</IDPRJ><IDCMP>629868</IDCMP><DESCRICAOCOMPLETA>TUBOS, CONEXOES E TORNEIRA EDIFICIO GARAGEM- PAVIMENTO TIPO</DESCRICAOCOMPLETA><RECCREATEDBY>Cristina.dias</RECCREATEDBY><RECCREATEDON>2023-06-16T13:28:24-03:00</RECCREATEDON><RECMODIFIEDBY>Cristina.dias</RECMODIFIEDBY><RECMODIFIEDON>2023-06-28T11:07:51-03:00</RECMODIFIEDON></MCMPDESC><MCMPDESC><CODCOLIGADA>51</CODCOLIGADA><IDPRJ>1</IDPRJ><IDCMP>629869</IDCMP><DESCRICAOCOMPLETA>TUBOS E CONEXOES ESGOTO/DRENAGEM EDIFICIO GARAGEM- PAVIMENTO TIPO</DESCRICAOCOMPLETA><RECCREATEDBY>Cristina.dias</RECCREATEDBY><RECCREATEDON>2023-06-16T13:28:24-03:00</RECCREATEDON><RECMODIFIEDBY>danilo.custodio</RECMODIFIEDBY><RECMODIFIEDON>2023-07-06T14:43:56-03:00</RECMODIFIEDON></MCMPDESC><MCMPDESC><CODCOLIGADA>51</CODCOLIGADA><IDPRJ>1</IDPRJ><IDCMP>629872</IDCMP><DESCRICAOCOMPLETA>TUBOS, CONEXOES E TORNEIRA EDIFICIO GARAGEM- 8° PAVIMENTO</DESCRICAOCOMPLETA><RECCREATEDBY>Cristina.dias</RECCREATEDBY><RECCREATEDON>2023-06-16T13:54:23-03:00</RECCREATEDON><RECMODIFIEDBY>Cristina.dias</RECMODIFIEDBY><RECMODIFIEDON>2023-06-28T11:08:02-03:00</RECMODIFIEDON></MCMPDESC><MCMPDESC><CODCOLIGADA>51</CODCOLIGADA><IDPRJ>1</IDPRJ><IDCMP>629873</IDCMP><DESCRICAOCOMPLETA>TUBOS E CONEXOES ESGOTO/DRENAGEM EDIFICIO GARAGEM- 8° PAVIMENTO</DESCRICAOCOMPLETA><RECCREATEDBY>Cristina.dias</RECCREATEDBY><RECCREATEDON>2023-06-16T13:54:23-03:00</RECCREATEDON><RECMODIFIEDBY>danilo.custodio</RECMODIFIEDBY><RECMODIFIEDON>2023-07-06T14:44:10-03:00</RECMODIFIEDON></MCMPDESC><MCMPDESC><CODCOLIGADA>51</CODCOLIGADA><IDPRJ>1</IDPRJ><IDCMP>629876</IDCMP><DESCRICAOCOMPLETA>TUBOS E CONEXOES ESGOTO/DRENAGEM EDIFICIO GARAGEM- COBERTURA</DESCRICAOCOMPLETA><RECCREATEDBY>Cristina.dias</RECCREATEDBY><RECCREATEDON>2023-06-16T14:22:21-03:00</RECCREATEDON><RECMODIFIEDBY>danilo.custodio</RECMODIFIEDBY><RECMODIFIEDON>2023-07-25T15:47:41-03:00</RECMODIFIEDON></MCMPDESC><MCMPDESC><CODCOLIGADA>51</CODCOLIGADA><IDPRJ>1</IDPRJ><IDCMP>629880</IDCMP><DESCRICAOCOMPLETA>INSTALACOES ELETRICAS E ILUMINACAO EDIFICIO GARAGEM- PAVIMENTO TIPO</DESCRICAOCOMPLETA><RECCREATEDBY>Cristina.dias</RECCREATEDBY><RECCREATEDON>2023-07-03T09:46:55-03:00</RECCREATEDON><RECMODIFIEDBY>danilo.custodio</RECMODIFIEDBY><RECMODIFIEDON>2023-07-06T14:54:37-03:00</RECMODIFIEDON></MCMPDESC><MCMPDESC><CODCOLIGADA>51</CODCOLIGADA><IDPRJ>1</IDPRJ><IDCMP>629882</IDCMP><DESCRICAOCOMPLETA>TUBOS E CONEXOES ESGOTO/DRENAGEM - GUARITA 2 / CLAUSURA</DESCRICAOCOMPLETA><RECCREATEDBY>Cristina.dias</RECCREATEDBY><RECCREATEDON>2023-06-19T08:26:38-03:00</RECCREATEDON><RECMODIFIEDBY>Cristina.dias</RECMODIFIEDBY><RECMODIFIEDON>2023-06-19T08:26:38-03:00</RECMODIFIEDON></MCMPDESC><MCMPDESC><CODCOLIGADA>51</CODCOLIGADA><IDPRJ>1</IDPRJ><IDCMP>629883</IDCMP><DESCRICAOCOMPLETA>TUBOS, CONEXOES E REGISTROS AGUA - GUARITA 2 / CLAUSURA</DESCRICAOCOMPLETA><RECCREATEDBY>Cristina.dias</RECCREATEDBY><RECCREATEDON>2023-06-19T08:30:32-03:00</RECCREATEDON><RECMODIFIEDBY>danilo.custodio</RECMODIFIEDBY><RECMODIFIEDON>2023-07-06T14:38:56-03:00</RECMODIFIEDON></MCMPDESC><MCMPDESC><CODCOLIGADA>51</CODCOLIGADA><IDPRJ>1</IDPRJ><IDCMP>629884</IDCMP><DESCRICAOCOMPLETA>EXTINTORES E SINALIZACAO INCENDIO - GUARITA 2 / CLAUSURA</DESCRICAOCOMPLETA><RECCREATEDBY>Cristina.dias</RECCREATEDBY><RECCREATEDON>2023-06-19T08:37:19-03:00</RECCREATEDON><RECMODIFIEDBY>danilo.custodio</RECMODIFIEDBY><RECMODIFIEDON>2023-07-25T15:42:37-03:00</RECMODIFIEDON></MCMPDESC><MCMPDESC><CODCOLIGADA>51</CODCOLIGADA><IDPRJ>1</IDPRJ><IDCMP>629886</IDCMP><DESCRICAOCOMPLETA>TUBOS E CONEXOES ESGOTO/DRENAGEM - GUARITA 1 / SAGUAO / ADM / AREA TEC. / ARS / SUBS</DESCRICAOCOMPLETA><RECCREATEDBY>Cristina.dias</RECCREATEDBY><RECCREATEDON>2023-06-19T08:57:07-03:00</RECCREATEDON><RECMODIFIEDBY>Cristina.dias</RECMODIFIEDBY><RECMODIFIEDON>2023-06-19T08:57:07-03:00</RECMODIFIEDON></MCMPDESC><MCMPDESC><CODCOLIGADA>51</CODCOLIGADA><IDPRJ>1</IDPRJ><IDCMP>629887</IDCMP><DESCRICAOCOMPLETA>TUBOS, CONEXOES E REGISTROS AGUA - GUARITA 1 / SAGUAO / ADM / AREA TEC. / ARS / SUBS</DESCRICAOCOMPLETA><RECCREATEDBY>Cristina.dias</RECCREATEDBY><RECCREATEDON>2023-06-19T08:57:10-03:00</RECCREATEDON><RECMODIFIEDBY>Cristina.dias</RECMODIFIEDBY><RECMODIFIEDON>2023-06-19T08:57:10-03:00</RECMODIFIEDON></MCMPDESC><MCMPDESC><CODCOLIGADA>51</CODCOLIGADA><IDPRJ>1</IDPRJ><IDCMP>630597</IDCMP><DESCRICAOCOMPLETA>TUBOS,  CONEXOES ESGOTO E DRENAGEM - CENTRO COMERCIAL</DESCRICAOCOMPLETA><RECCREATEDBY>Cristina.dias</RECCREATEDBY><RECCREATEDON>2023-06-22T08:34:17-03:00</RECCREATEDON><RECMODIFIEDBY>Cristina.dias</RECMODIFIEDBY><RECMODIFIEDON>2023-06-28T10:36:34-03:00</RECMODIFIEDON></MCMPDESC><MCMPDESC><CODCOLIGADA>51</CODCOLIGADA><IDPRJ>1</IDPRJ><IDCMP>630598</IDCMP><DESCRICAOCOMPLETA>TUBOS, CONEXOES E REGISTROS AGUA - CENTRO COMERCIAL</DESCRICAOCOMPLETA><RECCREATEDBY>Cristina.dias</RECCREATEDBY><RECCREATEDON>2023-06-22T08:34:18-03:00</RECCREATEDON><RECMODIFIEDBY>Cristina.dias</RECMODIFIEDBY><RECMODIFIEDON>2023-06-28T10:35:42-03:00</RECMODIFIEDON></MCMPDESC><MCMPDESC><CODCOLIGADA>51</CODCOLIGADA><IDPRJ>1</IDPRJ><IDCMP>630601</IDCMP><DESCRICAOCOMPLETA>INSTALACOES ELETRICAS E ILUMINACAO - CENTRO COMERCIAL</DESCRICAOCOMPLETA><RECCREATEDBY>Cristina.dias</RECCREATEDBY><RECCREATEDON>2023-07-04T10:09:47-03:00</RECCREATEDON><RECMODIFIEDBY>Cristina.dias</RECMODIFIEDBY><RECMODIFIEDON>2023-07-04T10:09:47-03:00</RECMODIFIEDON></MCMPDESC><MCMPDESC><CODCOLIGADA>51</CODCOLIGADA><IDPRJ>1</IDPRJ><IDCMP>630602</IDCMP><DESCRICAOCOMPLETA>INSTALACOES ELETRICAS E ILUMINACAO - GUARITA 1 / SAGUAO / ADM / AREA TEC. / ARS / SUBS</DESCRICAOCOMPLETA><RECCREATEDBY>Cristina.dias</RECCREATEDBY><RECCREATEDON>2023-07-04T08:51:48-03:00</RECCREATEDON><RECMODIFIEDBY>Cristina.dias</RECMODIFIEDBY><RECMODIFIEDON>2023-07-04T08:51:48-03:00</RECMODIFIEDON></MCMPDESC><MCMPDESC><CODCOLIGADA>51</CODCOLIGADA><IDPRJ>1</IDPRJ><IDCMP>630603</IDCMP><DESCRICAOCOMPLETA>INSTALACOES ELETRICAS E ILUMINACAO - GUARITA 2 / CLAUSURA</DESCRICAOCOMPLETA><RECCREATEDBY>Cristina.dias</RECCREATEDBY><RECCREATEDON>2023-07-04T09:00:50-03:00</RECCREATEDON><RECMODIFIEDBY>danilo.custodio</RECMODIFIEDBY><RECMODIFIEDON>2023-07-06T14:38:26-03:00</RECMODIFIEDON></MCMPDESC><MCMPDESC><CODCOLIGADA>51</CODCOLIGADA><IDPRJ>1</IDPRJ><IDCMP>631914</IDCMP><DESCRICAOCOMPLETA>INSTALACOES COMBATE A INCENDIO - ACADEMIA MUSCULACAO</DESCRICAOCOMPLETA><RECCREATEDBY>Cristina.dias</RECCREATEDBY><RECCREATEDON>2023-06-27T14:57:59-03:00</RECCREATEDON><RECMODIFIEDBY>Cristina.dias</RECMODIFIEDBY><RECMODIFIEDON>2023-06-28T11:42:05-03:00</RECMODIFIEDON></MCMPDESC><MCMPDESC><CODCOLIGADA>51</CODCOLIGADA><IDPRJ>1</IDPRJ><IDCMP>632021</IDCMP><DESCRICAOCOMPLETA>INSTALACOES COMBATE A INCENDIO - BRINQUEDOTECA</DESCRICAOCOMPLETA><RECCREATEDBY>Cristina.dias</RECCREATEDBY><RECCREATEDON>2023-06-28T09:24:10-03:00</RECCREATEDON><RECMODIFIEDBY>Cristina.dias</RECMODIFIEDBY><RECMODIFIEDON>2023-06-28T11:43:32-03:00</RECMODIFIEDON></MCMPDESC><MCMPDESC><CODCOLIGADA>51</CODCOLIGADA><IDPRJ>1</IDPRJ><IDCMP>632022</IDCMP><DESCRICAOCOMPLETA>INSTALACOES COMBATE A INCENDIO - PUB / JOGOS</DESCRICAOCOMPLETA><RECCREATEDBY>Cristina.dias</RECCREATEDBY><RECCREATEDON>2023-06-28T09:24:10-03:00</RECCREATEDON><RECMODIFIEDBY>Cristina.dias</RECMODIFIEDBY><RECMODIFIEDON>2023-06-28T11:49:47-03:00</RECMODIFIEDON></MCMPDESC><MCMPDESC><CODCOLIGADA>51</CODCOLIGADA><IDPRJ>1</IDPRJ><IDCMP>632023</IDCMP><DESCRICAOCOMPLETA>INSTALACOES COMBATE A INCENDIO - ESPACO GOURMET 1 E 2</DESCRICAOCOMPLETA><RECCREATEDBY>Cristina.dias</RECCREATEDBY><RECCREATEDON>2023-06-28T09:24:10-03:00</RECCREATEDON><RECMODIFIEDBY>Cristina.dias</RECMODIFIEDBY><RECMODIFIEDON>2023-06-28T11:48:10-03:00</RECMODIFIEDON></MCMPDESC><MCMPDESC><CODCOLIGADA>51</CODCOLIGADA><IDPRJ>1</IDPRJ><IDCMP>632024</IDCMP><DESCRICAOCOMPLETA>INSTALACOES COMBATE A INCENDIO - COWORKING</DESCRICAOCOMPLETA><RECCREATEDBY>Cristina.dias</RECCREATEDBY><RECCREATEDON>2023-06-28T09:24:10-03:00</RECCREATEDON><RECMODIFIEDBY>Cristina.dias</RECMODIFIEDBY><RECMODIFIEDON>2023-06-28T11:44:12-03:00</RECMODIFIEDON></MCMPDESC><MCMPDESC><CODCOLIGADA>51</CODCOLIGADA><IDPRJ>1</IDPRJ><IDCMP>632025</IDCMP><DESCRICAOCOMPLETA>INSTALACOES COMBATE A INCENDIO - LAVANDERIA</DESCRICAOCOMPLETA><RECCREATEDBY>Cristina.dias</RECCREATEDBY><RECCREATEDON>2023-06-28T09:24:10-03:00</RECCREATEDON><RECMODIFIEDBY>Cristina.dias</RECMODIFIEDBY><RECMODIFIEDON>2023-06-28T11:48:48-03:00</RECMODIFIEDON></MCMPDESC><MCMPDESC><CODCOLIGADA>51</CODCOLIGADA><IDPRJ>1</IDPRJ><IDCMP>632026</IDCMP><DESCRICAOCOMPLETA>INSTALACOES COMBATE A INCENDIO - PET CARE</DESCRICAOCOMPLETA><RECCREATEDBY>Cristina.dias</RECCREATEDBY><RECCREATEDON>2023-06-28T09:24:10-03:00</RECCREATEDON><RECMODIFIEDBY>Cristina.dias</RECMODIFIEDBY><RECMODIFIEDON>2023-06-28T11:49:16-03:00</RECMODIFIEDON></MCMPDESC><MCMPDESC><CODCOLIGADA>51</CODCOLIGADA><IDPRJ>1</IDPRJ><IDCMP>632027</IDCMP><DESCRICAOCOMPLETA>INSTALACOES COMBATE A INCENDIO - ESPACO TEANS</DESCRICAOCOMPLETA><RECCREATEDBY>Cristina.dias</RECCREATEDBY><RECCREATEDON>2023-06-28T09:24:10-03:00</RECCREATEDON><RECMODIFIEDBY>Cristina.dias</RECMODIFIEDBY><RECMODIFIEDON>2023-06-28T11:47:37-03:00</RECMODIFIEDON></MCMPDESC><MCMPDESC><CODCOLIGADA>51</CODCOLIGADA><IDPRJ>1</IDPRJ><IDCMP>632028</IDCMP><DESCRICAOCOMPLETA>INSTALACOES COMBATE A INCENDIO - ESPACO MULHER</DESCRICAOCOMPLETA><RECCREATEDBY>Cristina.dias</RECCREATEDBY><RECCREATEDON>2023-06-28T09:24:10-03:00</RECCREATEDON><RECMODIFIEDBY>Cristina.dias</RECMODIFIEDBY><RECMODIFIEDON>2023-06-28T11:47:10-03:00</RECMODIFIEDON></MCMPDESC><MCMPDESC><CODCOLIGADA>51</CODCOLIGADA><IDPRJ>1</IDPRJ><IDCMP>632029</IDCMP><DESCRICAOCOMPLETA>INSTALACOES COMBATE A INCENDIO - EASY MARKET</DESCRICAOCOMPLETA><RECCREATEDBY>Cristina.dias</RECCREATEDBY><RECCREATEDON>2023-06-28T09:24:10-03:00</RECCREATEDON><RECMODIFIEDBY>Cristina.dias</RECMODIFIEDBY><RECMODIFIEDON>2023-06-28T11:46:44-03:00</RECMODIFIEDON></MCMPDESC><MCMPDESC><CODCOLIGADA>51</CODCOLIGADA><IDPRJ>1</IDPRJ><IDCMP>632030</IDCMP><DESCRICAOCOMPLETA>INSTALACOES COMBATE A INCENDIO - AREA DE CONVIVENCIA</DESCRICAOCOMPLETA><RECCREATEDBY>Cristina.dias</RECCREATEDBY><RECCREATEDON>2023-06-28T09:24:11-03:00</RECCREATEDON><RECMODIFIEDBY>Cristina.dias</RECMODIFIEDBY><RECMODIFIEDON>2023-06-28T11:45:47-03:00</RECMODIFIEDON></MCMPDESC><MCMPDESC><CODCOLIGADA>51</CODCOLIGADA><IDPRJ>1</IDPRJ><IDCMP>632031</IDCMP><DESCRICAOCOMPLETA>INSTALACOES COMBATE A INCENDIO - COPA/REFEITORIO</DESCRICAOCOMPLETA><RECCREATEDBY>Cristina.dias</RECCREATEDBY><RECCREATEDON>2023-06-28T09:24:11-03:00</RECCREATEDON><RECMODIFIEDBY>Cristina.dias</RECMODIFIEDBY><RECMODIFIEDON>2023-06-28T11:44:48-03:00</RECMODIFIEDON></MCMPDESC><MCMPDESC><CODCOLIGADA>51</CODCOLIGADA><IDPRJ>1</IDPRJ><IDCMP>632044</IDCMP><DESCRICAOCOMPLETA>INSTALACOES COMBATE A INCENDIO - VESTIARIOS / SAUNA / CHUVEIROS</DESCRICAOCOMPLETA><RECCREATEDBY>Cristina.dias</RECCREATEDBY><RECCREATEDON>2023-06-28T10:09:12-03:00</RECCREATEDON><RECMODIFIEDBY>Cristina.dias</RECMODIFIEDBY><RECMODIFIEDON>2023-06-28T11:50:48-03:00</RECMODIFIEDON></MCMPDESC><MCMPDESC><CODCOLIGADA>51</CODCOLIGADA><IDPRJ>1</IDPRJ><IDCMP>632259</IDCMP><DESCRICAOCOMPLETA>INSTALACOES COMBATE A INCENDIO - SALAO DE FESTAS (SOBRE GARAGEM)</DESCRICAOCOMPLETA><RECCREATEDBY>Cristina.dias</RECCREATEDBY><RECCREATEDON>2023-06-28T12:39:41-03:00</RECCREATEDON><RECMODIFIEDBY>Cristina.dias</RECMODIFIEDBY><RECMODIFIEDON>2023-06-28T12:39:41-03:00</RECMODIFIEDON></MCMPDESC><MCMPDESC><CODCOLIGADA>51</CODCOLIGADA><IDPRJ>1</IDPRJ><IDCMP>632260</IDCMP><DESCRICAOCOMPLETA>INSTALACAO DE ILUMINACAO DE EMERGENCIA EDIFICIO GARAGEM- TERREO</DESCRICAOCOMPLETA><RECCREATEDBY>Cristina.dias</RECCREATEDBY><RECCREATEDON>2023-06-28T12:39:41-03:00</RECCREATEDON><RECMODIFIEDBY>Cristina.dias</RECMODIFIEDBY><RECMODIFIEDON>2023-06-28T12:39:41-03:00</RECMODIFIEDON></MCMPDESC><MCMPDESC><CODCOLIGADA>51</CODCOLIGADA><IDPRJ>1</IDPRJ><IDCMP>632261</IDCMP><DESCRICAOCOMPLETA>INSTALACAO DE ILUMINACAO DE EMERGENCIA EDIFICIO GARAGEM- PAVIMENTO TIPO</DESCRICAOCOMPLETA><RECCREATEDBY>Cristina.dias</RECCREATEDBY><RECCREATEDON>2023-06-28T12:39:42-03:00</RECCREATEDON><RECMODIFIEDBY>Cristina.dias</RECMODIFIEDBY><RECMODIFIEDON>2023-06-28T12:39:42-03:00</RECMODIFIEDON></MCMPDESC><MCMPDESC><CODCOLIGADA>51</CODCOLIGADA><IDPRJ>1</IDPRJ><IDCMP>632262</IDCMP><DESCRICAOCOMPLETA>INSTALACAO DE ILUMINACAO DE EMERGENCIA EDIFICIO GARAGEM- COBERTURA</DESCRICAOCOMPLETA><RECCREATEDBY>Cristina.dias</RECCREATEDBY><RECCREATEDON>2023-06-28T12:39:42-03:00</RECCREATEDON><RECMODIFIEDBY>Cristina.dias</RECMODIFIEDBY><RECMODIFIEDON>2023-06-28T12:48:27-03:00</RECMODIFIEDON></MCMPDESC><MCMPDESC><CODCOLIGADA>51</CODCOLIGADA><IDPRJ>1</IDPRJ><IDCMP>660527</IDCMP><DESCRICAOCOMPLETA>SOLEIRA EM GRANITO CINZA CORUMBA 136 X 16,5 X 2CM</DESCRICAOCOMPLETA><RECCREATEDBY>Andreza.soares</RECCREATEDBY><RECCREATEDON>2023-08-29T09:34:22-03:00</RECCREATEDON><RECMODIFIEDBY>Andreza.soares</RECMODIFIEDBY><RECMODIFIEDON>2023-08-29T09:34:49-03:00</RECMODIFIEDON></MCMPDESC><MCMPDESC><CODCOLIGADA>51</CODCOLIGADA><IDPRJ>1</IDPRJ><IDCMP>660528</IDCMP><DESCRICAOCOMPLETA>SOLEIRA EM GRANITO CINZA CORUMBA 136 X 16,5 X 2CM</DESCRICAOCOMPLETA><RECCREATEDBY>Andreza.soares</RECCREATEDBY><RECCREATEDON>2023-08-29T09:36:40-03:00</RECCREATEDON><RECMODIFIEDBY>Andreza.soares</RECMODIFIEDBY><RECMODIFIEDON>2023-08-29T09:37:04-03:00</RECMODIFIEDON></MCMPDESC><MCMPDESC><CODCOLIGADA>51</CODCOLIGADA><IDPRJ>1</IDPRJ><IDCMP>660529</IDCMP><DESCRICAOCOMPLETA>SOLEIRA EM GRANITO CINZA CORUMBA 136 X 16,5 X 2CM</DESCRICAOCOMPLETA><RECCREATEDBY>Andreza.soares</RECCREATEDBY><RECCREATEDON>2023-08-29T09:39:39-03:00</RECCREATEDON><RECMODIFIEDBY>Andreza.soares</RECMODIFIEDBY><RECMODIFIEDON>2023-08-29T09:39:55-03:00</RECMODIFIEDON></MCMPDESC><MCMPDESC><CODCOLIGADA>51</CODCOLIGADA><IDPRJ>1</IDPRJ><IDCMP>660530</IDCMP><DESCRICAOCOMPLETA>PEITORIL EM GRANITO BRANCO DALLAS 103 X 21 X 2CM</DESCRICAOCOMPLETA><RECCREATEDBY>Andreza.soares</RECCREATEDBY><RECCREATEDON>2023-08-29T09:46:02-03:00</RECCREATEDON><RECMODIFIEDBY>Andreza.soares</RECMODIFIEDBY><RECMODIFIEDON>2023-08-29T09:46:25-03:00</RECMODIFIEDON></MCMPDESC><MCMPDESC><CODCOLIGADA>51</CODCOLIGADA><IDPRJ>1</IDPRJ><IDCMP>669232</IDCMP><DESCRICAOCOMPLETA>JANELA EM ALUMINIO DE CORRER 2 FOLHAS MOVEIS VIDRO LISO INCOLOR 3MM 134,5 X 104,5 CM REG.3</DESCRICAOCOMPLETA><RECCREATEDBY>Andreza.soares</RECCREATEDBY><RECCREATEDON>2023-09-05T14:13:46-03:00</RECCREATEDON><RECMODIFIEDBY>Andreza.soares</RECMODIFIEDBY><RECMODIFIEDON>2023-09-05T14:18:27-03:00</RECMODIFIEDON></MCMPDESC></NewDataSet>