﻿<NewDataSet><xs:schema id="NewDataSet" xmlns="" xmlns:xs="http://www.w3.org/2001/XMLSchema" xmlns:msdata="urn:schemas-microsoft-com:xml-msdata" xmlns:msprop="urn:schemas-microsoft-com:xml-msprop"><xs:element name="NewDataSet" msdata:IsDataSet="true" msdata:MainDataTable="MCNTADITIVOCOMPL" msdata:UseCurrentLocale="true"><xs:complexType><xs:choice minOccurs="0" maxOccurs="unbounded"><xs:element name="MCNTADITIVOCOMPL" msprop:_x0023__x0023_SQLFetch="00:00:00" msprop:_x0040_SQL="  SELECT * FROM MCNTADITIVOCOMPL (NOLOCK)   WHERE (CODCOLIGADA = 51 AND IDPRJ = 1)  "><xs:complexType><xs:sequence><xs:element name="CODCOLIGADA" type="xs:short" minOccurs="0" /><xs:element name="IDPRJ" type="xs:int" minOccurs="0" /><xs:element name="IDCNT" type="xs:int" minOccurs="0" /><xs:element name="NUMERO" type="xs:int" minOccurs="0" /><xs:element name="BLOQUEIO" type="xs:string" minOccurs="0" /><xs:element name="RETIFICA" type="xs:string" minOccurs="0" /><xs:element name="RETIFICACAO2" type="xs:string" minOccurs="0" /><xs:element name="RETIFICAO" type="xs:string" minOccurs="0" /><xs:element name="LIBOBRA" type="xs:dateTime" minOccurs="0" /><xs:element name="APROSEC" type="xs:string" minOccurs="0" /><xs:element name="ASSDIRE" type="xs:dateTime" minOccurs="0" /><xs:element name="APRSECR" type="xs:dateTime" minOccurs="0" /><xs:element name="ASSEMP" type="xs:dateTime" minOccurs="0" /><xs:element name="ARQSECR" type="xs:dateTime" minOccurs="0" /><xs:element name="ASSDIRE2" type="xs:dateTime" minOccurs="0" /><xs:element name="ASSSECR" type="xs:dateTime" minOccurs="0" /><xs:element name="RECEBDOCONT" type="xs:string" minOccurs="0" /><xs:element name="ASSDIR1" type="xs:string" minOccurs="0" /><xs:element name="ASSIDRE1" type="xs:dateTime" minOccurs="0" /><xs:element name="ASSIDR2" type="xs:dateTime" minOccurs="0" /><xs:element name="ASSOBRA" type="xs:dateTime" minOccurs="0" /><xs:element name="ARQSECRE" type="xs:dateTime" minOccurs="0" /><xs:element name="RECBCONT" type="xs:dateTime" minOccurs="0" /><xs:element name="RECCREATEDBY" type="xs:string" minOccurs="0" /><xs:element name="RECCREATEDON" type="xs:dateTime" minOccurs="0" /><xs:element name="RECMODIFIEDBY" type="xs:string" minOccurs="0" /><xs:element name="RECMODIFIEDON" type="xs:dateTime" minOccurs="0" /></xs:sequence></xs:complexType></xs:element></xs:choice></xs:complexType></xs:element></xs:schema></NewDataSet>