﻿<NewDataSet><xs:schema id="NewDataSet" xmlns="" xmlns:xs="http://www.w3.org/2001/XMLSchema" xmlns:msdata="urn:schemas-microsoft-com:xml-msdata" xmlns:msprop="urn:schemas-microsoft-com:xml-msprop"><xs:element name="NewDataSet" msdata:IsDataSet="true" msdata:MainDataTable="MCNTCOMPL" msdata:UseCurrentLocale="true"><xs:complexType><xs:choice minOccurs="0" maxOccurs="unbounded"><xs:element name="MCNTCOMPL" msprop:_x0023__x0023_SQLFetch="00:00:00.0156421" msprop:_x0040_SQL="  SELECT * FROM MCNTCOMPL (NOLOCK)   WHERE (CODCOLIGADA = 51 AND IDPRJ = 1)  "><xs:complexType><xs:sequence><xs:element name="CODCOLIGADA" type="xs:short" minOccurs="0" /><xs:element name="IDPRJ" type="xs:int" minOccurs="0" /><xs:element name="IDCNT" type="xs:int" minOccurs="0" /><xs:element name="PRAZ1" type="xs:string" minOccurs="0" /><xs:element name="PRAZO2" type="xs:string" minOccurs="0" /><xs:element name="PRAZO3" type="xs:string" minOccurs="0" /><xs:element name="PRAZO5" type="xs:string" minOccurs="0" /><xs:element name="PRAZO7" type="xs:string" minOccurs="0" /><xs:element name="PRAZO3223" type="xs:string" minOccurs="0" /><xs:element name="PRAZO" type="xs:string" minOccurs="0" /><xs:element name="MCNTCOMPLNOME1" type="xs:string" minOccurs="0" /><xs:element name="MCNTCOMPLNOME2" type="xs:string" minOccurs="0" /><xs:element name="MCNTCOMPLCI14" type="xs:string" minOccurs="0" /><xs:element name="SDSD" type="xs:string" minOccurs="0" /><xs:element name="WDDD" type="xs:string" minOccurs="0" /><xs:element name="WW" type="xs:string" minOccurs="0" /><xs:element name="WSDS" type="xs:int" minOccurs="0" /><xs:element name="S" type="xs:decimal" minOccurs="0" /><xs:element name="MCNTCOMPLCI1" type="xs:string" minOccurs="0" /><xs:element name="MCNTCOMPLCI" type="xs:string" minOccurs="0" /><xs:element name="MCNTCOMPLCPF1" type="xs:string" minOccurs="0" /><xs:element name="MCNTCOMPL" type="xs:string" minOccurs="0" /><xs:element name="TESTEMUNHAS" type="xs:string" minOccurs="0" /><xs:element name="MTRFCOMPLCONT" type="xs:string" minOccurs="0" /><xs:element name="DTSECR" type="xs:dateTime" minOccurs="0" /><xs:element name="DTSUPER" type="xs:dateTime" minOccurs="0" /><xs:element name="DTJG" type="xs:dateTime" minOccurs="0" /><xs:element name="DTEMPREI" type="xs:dateTime" minOccurs="0" /><xs:element name="OBJETO" type="xs:string" minOccurs="0" /><xs:element name="PRECOESTIMADO" type="xs:decimal" minOccurs="0" /><xs:element name="CLAUSULA" type="xs:string" minOccurs="0" /><xs:element name="ARQSECRE" type="xs:dateTime" minOccurs="0" /><xs:element name="DTCONT" type="xs:dateTime" minOccurs="0" /><xs:element name="ENDIMOVEL" type="xs:string" minOccurs="0" /><xs:element name="ALUGUEL" type="xs:decimal" minOccurs="0" /><xs:element name="ALUGUELPAG" type="xs:string" minOccurs="0" /><xs:element name="PAGALUGUEL" type="xs:string" minOccurs="0" /><xs:element name="DATAQUIT" type="xs:dateTime" minOccurs="0" /><xs:element name="ASSSECRET" type="xs:dateTime" minOccurs="0" /><xs:element name="ASSIDIRET1" type="xs:dateTime" minOccurs="0" /><xs:element name="ASSIDIRET2" type="xs:dateTime" minOccurs="0" /><xs:element name="ASSIOBRA" type="xs:dateTime" minOccurs="0" /><xs:element name="ARQUIVSECRET" type="xs:dateTime" minOccurs="0" /><xs:element name="ARQSEC" type="xs:string" minOccurs="0" /><xs:element name="ARVSER" type="xs:dateTime" minOccurs="0" /><xs:element name="RECCREATEDBY" type="xs:string" minOccurs="0" /><xs:element name="RECCREATEDON" type="xs:dateTime" minOccurs="0" /><xs:element name="RECMODIFIEDBY" type="xs:string" minOccurs="0" /><xs:element name="RECMODIFIEDON" type="xs:dateTime" minOccurs="0" /></xs:sequence></xs:complexType></xs:element></xs:choice></xs:complexType></xs:element></xs:schema></NewDataSet>