﻿<NewDataSet><xs:schema id="NewDataSet" xmlns="" xmlns:xs="http://www.w3.org/2001/XMLSchema" xmlns:msdata="urn:schemas-microsoft-com:xml-msdata" xmlns:msprop="urn:schemas-microsoft-com:xml-msprop"><xs:element name="NewDataSet" msdata:IsDataSet="true" msdata:MainDataTable="MCONCELET" msdata:UseCurrentLocale="true"><xs:complexType><xs:choice minOccurs="0" maxOccurs="unbounded"><xs:element name="MCONCELET" msprop:_x0023__x0023_SQLFetch="00:00:00" msprop:_x0040_SQL="  SELECT * FROM MCONCELET (NOLOCK)   WHERE (CODCOLIGADA = 51 AND IDPRJ = 1)  "><xs:complexType><xs:sequence><xs:element name="CODCOLIGADA" type="xs:short" minOccurs="0" /><xs:element name="IDPRJ" type="xs:int" minOccurs="0" /><xs:element name="NUMLICITACAO" type="xs:string" minOccurs="0" /><xs:element name="FORMAEXPORTACAO" type="xs:string" minOccurs="0" /><xs:element name="PATHARQUIVO" type="xs:string" minOccurs="0" /><xs:element name="NOMEPLANILHA" type="xs:string" minOccurs="0" /><xs:element name="CABECALHO1" type="xs:string" minOccurs="0" /><xs:element name="CABECALHO2" type="xs:string" minOccurs="0" /><xs:element name="RODAPE1" type="xs:string" minOccurs="0" /><xs:element name="RODAPE2" type="xs:string" minOccurs="0" /><xs:element name="LINHAINICIAL" type="xs:int" minOccurs="0" /><xs:element name="LINHAINICIALTRF" type="xs:int" minOccurs="0" /><xs:element name="LINHALIVRE" type="xs:int" minOccurs="0" /><xs:element name="SENHA" type="xs:string" minOccurs="0" /><xs:element name="DATALIMITEIMP" type="xs:dateTime" minOccurs="0" /><xs:element name="FONTECABECALHO" type="xs:string" minOccurs="0" /><xs:element name="CORCABECALHO" type="xs:string" minOccurs="0" /><xs:element name="FONTERODAPE" type="xs:string" minOccurs="0" /><xs:element name="CORRODAPE" type="xs:string" minOccurs="0" /><xs:element name="FONTETITCOLUNA" type="xs:string" minOccurs="0" /><xs:element name="CORTITCOLUNA" type="xs:string" minOccurs="0" /><xs:element name="FONTETAREFA" type="xs:string" minOccurs="0" /><xs:element name="CORTAREFA" type="xs:string" minOccurs="0" /><xs:element name="FONTECELDESTRAVADA" type="xs:string" minOccurs="0" /><xs:element name="CORCELDESTRAVADA" type="xs:string" minOccurs="0" /><xs:element name="FONTETOTAL" type="xs:string" minOccurs="0" /><xs:element name="CORTOTAL" type="xs:string" minOccurs="0" /><xs:element name="FONTETITULO" type="xs:string" minOccurs="0" /><xs:element name="CORTITULO" type="xs:string" minOccurs="0" /><xs:element name="RECURSO" type="xs:string" minOccurs="0" /><xs:element name="LINHAINICIALISM" type="xs:int" minOccurs="0" /><xs:element name="LINHAINICIALCMP" type="xs:int" minOccurs="0" /><xs:element name="RECCREATEDBY" type="xs:string" minOccurs="0" /><xs:element name="RECCREATEDON" type="xs:dateTime" minOccurs="0" /><xs:element name="RECMODIFIEDBY" type="xs:string" minOccurs="0" /><xs:element name="RECMODIFIEDON" type="xs:dateTime" minOccurs="0" /></xs:sequence></xs:complexType></xs:element></xs:choice></xs:complexType></xs:element></xs:schema></NewDataSet>