﻿<NewDataSet><xs:schema id="NewDataSet" xmlns="" xmlns:xs="http://www.w3.org/2001/XMLSchema" xmlns:msdata="urn:schemas-microsoft-com:xml-msdata" xmlns:msprop="urn:schemas-microsoft-com:xml-msprop"><xs:element name="NewDataSet" msdata:IsDataSet="true" msdata:MainDataTable="MEQUALIZACAOINSUMO" msdata:UseCurrentLocale="true"><xs:complexType><xs:choice minOccurs="0" maxOccurs="unbounded"><xs:element name="MEQUALIZACAOINSUMO" msprop:_x0023__x0023_SQLFetch="00:00:00" msprop:_x0040_SQL="  SELECT * FROM MEQUALIZACAOINSUMO (NOLOCK)   WHERE (CODCOLIGADA = 51 AND IDPRJ = 1)  "><xs:complexType><xs:sequence><xs:element name="CODCOLIGADA" type="xs:short" minOccurs="0" /><xs:element name="IDPRJ" type="xs:int" minOccurs="0" /><xs:element name="IDISM" type="xs:int" minOccurs="0" /><xs:element name="PERIODO" type="xs:int" minOccurs="0" /><xs:element name="IDOBRA" type="xs:int" minOccurs="0" /><xs:element name="TOTALTEORICO" type="xs:decimal" minOccurs="0" /><xs:element name="EFETIVOCALCULADO" type="xs:decimal" minOccurs="0" /><xs:element name="HORAEXTRACALCULADA" type="xs:decimal" minOccurs="0" /><xs:element name="CUSTOCALCULADO" type="xs:decimal" minOccurs="0" /><xs:element name="EFETIVOADOTADO" type="xs:decimal" minOccurs="0" /><xs:element name="HORAEXTRAADOTADA" type="xs:decimal" minOccurs="0" /><xs:element name="CUSTOADOTADO" type="xs:decimal" minOccurs="0" /><xs:element name="CODOBRA" type="xs:string" minOccurs="0" /><xs:element name="CUSTOHORAEXTRACALCULADO" type="xs:decimal" minOccurs="0" /><xs:element name="CUSTOHORAEXTRAADOTADO" type="xs:decimal" minOccurs="0" /><xs:element name="RECCREATEDBY" type="xs:string" minOccurs="0" /><xs:element name="RECCREATEDON" type="xs:dateTime" minOccurs="0" /><xs:element name="RECMODIFIEDBY" type="xs:string" minOccurs="0" /><xs:element name="RECMODIFIEDON" type="xs:dateTime" minOccurs="0" /></xs:sequence></xs:complexType></xs:element></xs:choice></xs:complexType></xs:element></xs:schema></NewDataSet>