﻿<NewDataSet><xs:schema id="NewDataSet" xmlns="" xmlns:xs="http://www.w3.org/2001/XMLSchema" xmlns:msdata="urn:schemas-microsoft-com:xml-msdata" xmlns:msprop="urn:schemas-microsoft-com:xml-msprop"><xs:element name="NewDataSet" msdata:IsDataSet="true" msdata:MainDataTable="MEQUIPEPRJGRUPO" msdata:UseCurrentLocale="true"><xs:complexType><xs:choice minOccurs="0" maxOccurs="unbounded"><xs:element name="MEQUIPEPRJGRUPO" msprop:_x0023__x0023_SQLFetch="00:00:00" msprop:_x0040_SQL="  SELECT * FROM MEQUIPEPRJGRUPO (NOLOCK)   WHERE (CODCOLIGADA = 51 AND IDPRJ = 1)  "><xs:complexType><xs:sequence><xs:element name="CODCOLIGADA" type="xs:short" minOccurs="0" /><xs:element name="IDEQUIPE" type="xs:int" minOccurs="0" /><xs:element name="IDPRJ" type="xs:int" minOccurs="0" /><xs:element name="TIPOEQUIPE" type="xs:string" minOccurs="0" /><xs:element name="DESCRICAOEQUIPE" type="xs:string" minOccurs="0" /><xs:element name="STATUSEQUIPE" type="xs:short" minOccurs="0" /><xs:element name="TIPOFUNCIONARIO" type="xs:short" minOccurs="0" /><xs:element name="CODPESSOA" type="xs:string" minOccurs="0" /><xs:element name="ATIVO" type="xs:short" minOccurs="0" /><xs:element name="DATADESATIVACAO" type="xs:dateTime" minOccurs="0" /><xs:element name="RECCREATEDBY" type="xs:string" minOccurs="0" /><xs:element name="RECCREATEDON" type="xs:dateTime" minOccurs="0" /><xs:element name="RECMODIFIEDBY" type="xs:string" minOccurs="0" /><xs:element name="RECMODIFIEDON" type="xs:dateTime" minOccurs="0" /><xs:element name="CODCOLIGADACOLETOR" type="xs:short" minOccurs="0" /><xs:element name="IDCOLETOR" type="xs:int" minOccurs="0" /><xs:element name="CODEXTERNO" type="xs:string" minOccurs="0" /><xs:element name="CODCOLEXTERNO" type="xs:short" minOccurs="0" /></xs:sequence></xs:complexType></xs:element></xs:choice></xs:complexType></xs:element></xs:schema></NewDataSet>