﻿<NewDataSet><xs:schema id="NewDataSet" xmlns="" xmlns:xs="http://www.w3.org/2001/XMLSchema" xmlns:msdata="urn:schemas-microsoft-com:xml-msdata" xmlns:msprop="urn:schemas-microsoft-com:xml-msprop"><xs:element name="NewDataSet" msdata:IsDataSet="true" msdata:MainDataTable="MOBRASCOMPL" msdata:UseCurrentLocale="true"><xs:complexType><xs:choice minOccurs="0" maxOccurs="unbounded"><xs:element name="MOBRASCOMPL" msprop:_x0023__x0023_SQLFetch="00:00:00.0156287" msprop:_x0040_SQL="  SELECT * FROM MOBRASCOMPL (NOLOCK)   WHERE (CODCOLIGADA = 51 AND IDPRJ = 1)  "><xs:complexType><xs:sequence><xs:element name="CODCOLIGADA" type="xs:short" minOccurs="0" /><xs:element name="IDPRJ" type="xs:int" minOccurs="0" /><xs:element name="IDOBRA" type="xs:int" minOccurs="0" /><xs:element name="FASE" type="xs:string" minOccurs="0" /><xs:element name="RECCREATEDBY" type="xs:string" minOccurs="0" /><xs:element name="RECCREATEDON" type="xs:dateTime" minOccurs="0" /><xs:element name="RECMODIFIEDBY" type="xs:string" minOccurs="0" /><xs:element name="RECMODIFIEDON" type="xs:dateTime" minOccurs="0" /></xs:sequence></xs:complexType></xs:element></xs:choice></xs:complexType></xs:element></xs:schema><MOBRASCOMPL><CODCOLIGADA>51</CODCOLIGADA><IDPRJ>1</IDPRJ><IDOBRA>1</IDOBRA><RECCREATEDBY>gabriel.lara</RECCREATEDBY><RECCREATEDON>2022-07-05T11:36:34-03:00</RECCREATEDON><RECMODIFIEDBY>gabriel.lara</RECMODIFIEDBY><RECMODIFIEDON>2022-07-05T11:36:34-03:00</RECMODIFIEDON></MOBRASCOMPL><MOBRASCOMPL><CODCOLIGADA>51</CODCOLIGADA><IDPRJ>1</IDPRJ><IDOBRA>401</IDOBRA><RECCREATEDBY>gabriel.lara</RECCREATEDBY><RECCREATEDON>2022-11-04T10:38:07-03:00</RECCREATEDON><RECMODIFIEDBY>gabriel.lara</RECMODIFIEDBY><RECMODIFIEDON>2022-11-04T10:38:07-03:00</RECMODIFIEDON></MOBRASCOMPL><MOBRASCOMPL><CODCOLIGADA>51</CODCOLIGADA><IDPRJ>1</IDPRJ><IDOBRA>402</IDOBRA><RECCREATEDBY>wagner.prado</RECCREATEDBY><RECCREATEDON>2023-01-09T09:26:54-03:00</RECCREATEDON><RECMODIFIEDBY>wagner.prado</RECMODIFIEDBY><RECMODIFIEDON>2023-01-09T09:26:54-03:00</RECMODIFIEDON></MOBRASCOMPL><MOBRASCOMPL><CODCOLIGADA>51</CODCOLIGADA><IDPRJ>1</IDPRJ><IDOBRA>440</IDOBRA><RECCREATEDBY>wagner.prado</RECCREATEDBY><RECCREATEDON>2023-01-09T09:39:30-03:00</RECCREATEDON><RECMODIFIEDBY>wagner.prado</RECMODIFIEDBY><RECMODIFIEDON>2023-01-09T09:39:30-03:00</RECMODIFIEDON></MOBRASCOMPL><MOBRASCOMPL><CODCOLIGADA>51</CODCOLIGADA><IDPRJ>1</IDPRJ><IDOBRA>482</IDOBRA><RECCREATEDBY>gabriel.lara</RECCREATEDBY><RECCREATEDON>2023-01-31T09:15:00-03:00</RECCREATEDON><RECMODIFIEDBY>gabriel.lara</RECMODIFIEDBY><RECMODIFIEDON>2023-01-31T09:15:00-03:00</RECMODIFIEDON></MOBRASCOMPL><MOBRASCOMPL><CODCOLIGADA>51</CODCOLIGADA><IDPRJ>1</IDPRJ><IDOBRA>514</IDOBRA><RECCREATEDBY>wagner.prado</RECCREATEDBY><RECCREATEDON>2023-01-09T09:47:45-03:00</RECCREATEDON><RECMODIFIEDBY>wagner.prado</RECMODIFIEDBY><RECMODIFIEDON>2023-01-09T09:47:45-03:00</RECMODIFIEDON></MOBRASCOMPL><MOBRASCOMPL><CODCOLIGADA>51</CODCOLIGADA><IDPRJ>1</IDPRJ><IDOBRA>543</IDOBRA><RECCREATEDBY>wagner.prado</RECCREATEDBY><RECCREATEDON>2023-01-09T09:39:44-03:00</RECCREATEDON><RECMODIFIEDBY>wagner.prado</RECMODIFIEDBY><RECMODIFIEDON>2023-01-09T09:39:44-03:00</RECMODIFIEDON></MOBRASCOMPL><MOBRASCOMPL><CODCOLIGADA>51</CODCOLIGADA><IDPRJ>1</IDPRJ><IDOBRA>591</IDOBRA><RECCREATEDBY>wagner.prado</RECCREATEDBY><RECCREATEDON>2023-01-09T09:48:36-03:00</RECCREATEDON><RECMODIFIEDBY>wagner.prado</RECMODIFIEDBY><RECMODIFIEDON>2023-01-09T09:48:36-03:00</RECMODIFIEDON></MOBRASCOMPL><MOBRASCOMPL><CODCOLIGADA>51</CODCOLIGADA><IDPRJ>1</IDPRJ><IDOBRA>646</IDOBRA><RECCREATEDBY>wagner.prado</RECCREATEDBY><RECCREATEDON>2023-01-09T09:48:04-03:00</RECCREATEDON><RECMODIFIEDBY>wagner.prado</RECMODIFIEDBY><RECMODIFIEDON>2023-01-09T09:48:04-03:00</RECMODIFIEDON></MOBRASCOMPL><MOBRASCOMPL><CODCOLIGADA>51</CODCOLIGADA><IDPRJ>1</IDPRJ><IDOBRA>693</IDOBRA><RECCREATEDBY>gabriel.lara</RECCREATEDBY><RECCREATEDON>2023-01-31T09:15:25-03:00</RECCREATEDON><RECMODIFIEDBY>gabriel.lara</RECMODIFIEDBY><RECMODIFIEDON>2023-01-31T09:15:25-03:00</RECMODIFIEDON></MOBRASCOMPL><MOBRASCOMPL><CODCOLIGADA>51</CODCOLIGADA><IDPRJ>1</IDPRJ><IDOBRA>715</IDOBRA><RECCREATEDBY>wagner.prado</RECCREATEDBY><RECCREATEDON>2023-01-09T09:48:15-03:00</RECCREATEDON><RECMODIFIEDBY>wagner.prado</RECMODIFIEDBY><RECMODIFIEDON>2023-01-09T09:48:15-03:00</RECMODIFIEDON></MOBRASCOMPL><MOBRASCOMPL><CODCOLIGADA>51</CODCOLIGADA><IDPRJ>1</IDPRJ><IDOBRA>738</IDOBRA><RECCREATEDBY>wagner.prado</RECCREATEDBY><RECCREATEDON>2023-01-09T09:49:34-03:00</RECCREATEDON><RECMODIFIEDBY>wagner.prado</RECMODIFIEDBY><RECMODIFIEDON>2023-01-09T09:49:34-03:00</RECMODIFIEDON></MOBRASCOMPL><MOBRASCOMPL><CODCOLIGADA>51</CODCOLIGADA><IDPRJ>1</IDPRJ><IDOBRA>750</IDOBRA><RECCREATEDBY>wagner.prado</RECCREATEDBY><RECCREATEDON>2023-01-09T09:49:15-03:00</RECCREATEDON><RECMODIFIEDBY>wagner.prado</RECMODIFIEDBY><RECMODIFIEDON>2023-01-09T09:49:15-03:00</RECMODIFIEDON></MOBRASCOMPL><MOBRASCOMPL><CODCOLIGADA>51</CODCOLIGADA><IDPRJ>1</IDPRJ><IDOBRA>851</IDOBRA><RECCREATEDBY>wagner.prado</RECCREATEDBY><RECCREATEDON>2023-01-09T09:49:26-03:00</RECCREATEDON><RECMODIFIEDBY>wagner.prado</RECMODIFIEDBY><RECMODIFIEDON>2023-01-09T09:49:26-03:00</RECMODIFIEDON></MOBRASCOMPL><MOBRASCOMPL><CODCOLIGADA>51</CODCOLIGADA><IDPRJ>1</IDPRJ><IDOBRA>1002</IDOBRA><RECCREATEDBY>wagner.prado</RECCREATEDBY><RECCREATEDON>2023-01-09T09:39:15-03:00</RECCREATEDON><RECMODIFIEDBY>wagner.prado</RECMODIFIEDBY><RECMODIFIEDON>2023-01-09T09:39:15-03:00</RECMODIFIEDON></MOBRASCOMPL><MOBRASCOMPL><CODCOLIGADA>51</CODCOLIGADA><IDPRJ>1</IDPRJ><IDOBRA>1339</IDOBRA><RECCREATEDBY>wagner.prado</RECCREATEDBY><RECCREATEDON>2023-01-09T09:32:10-03:00</RECCREATEDON><RECMODIFIEDBY>wagner.prado</RECMODIFIEDBY><RECMODIFIEDON>2023-01-09T09:32:10-03:00</RECMODIFIEDON></MOBRASCOMPL><MOBRASCOMPL><CODCOLIGADA>51</CODCOLIGADA><IDPRJ>1</IDPRJ><IDOBRA>1730</IDOBRA><RECCREATEDBY>gabriel.lara</RECCREATEDBY><RECCREATEDON>2023-01-31T09:14:48-03:00</RECCREATEDON><RECMODIFIEDBY>gabriel.lara</RECMODIFIEDBY><RECMODIFIEDON>2023-01-31T09:14:48-03:00</RECMODIFIEDON></MOBRASCOMPL><MOBRASCOMPL><CODCOLIGADA>51</CODCOLIGADA><IDPRJ>1</IDPRJ><IDOBRA>2002</IDOBRA><RECCREATEDBY>wagner.prado</RECCREATEDBY><RECCREATEDON>2023-01-09T09:50:01-03:00</RECCREATEDON><RECMODIFIEDBY>wagner.prado</RECMODIFIEDBY><RECMODIFIEDON>2023-01-09T09:50:01-03:00</RECMODIFIEDON></MOBRASCOMPL><MOBRASCOMPL><CODCOLIGADA>51</CODCOLIGADA><IDPRJ>1</IDPRJ><IDOBRA>2102</IDOBRA><RECCREATEDBY>wagner.prado</RECCREATEDBY><RECCREATEDON>2023-01-09T09:50:10-03:00</RECCREATEDON><RECMODIFIEDBY>wagner.prado</RECMODIFIEDBY><RECMODIFIEDON>2023-01-09T09:50:10-03:00</RECMODIFIEDON></MOBRASCOMPL><MOBRASCOMPL><CODCOLIGADA>51</CODCOLIGADA><IDPRJ>1</IDPRJ><IDOBRA>2302</IDOBRA><RECCREATEDBY>wagner.prado</RECCREATEDBY><RECCREATEDON>2023-01-09T09:50:24-03:00</RECCREATEDON><RECMODIFIEDBY>wagner.prado</RECMODIFIEDBY><RECMODIFIEDON>2023-01-09T09:50:24-03:00</RECMODIFIEDON></MOBRASCOMPL><MOBRASCOMPL><CODCOLIGADA>51</CODCOLIGADA><IDPRJ>1</IDPRJ><IDOBRA>2402</IDOBRA><RECCREATEDBY>wagner.prado</RECCREATEDBY><RECCREATEDON>2023-01-09T09:50:32-03:00</RECCREATEDON><RECMODIFIEDBY>wagner.prado</RECMODIFIEDBY><RECMODIFIEDON>2023-01-09T09:50:32-03:00</RECMODIFIEDON></MOBRASCOMPL><MOBRASCOMPL><CODCOLIGADA>51</CODCOLIGADA><IDPRJ>1</IDPRJ><IDOBRA>2502</IDOBRA><RECCREATEDBY>wagner.prado</RECCREATEDBY><RECCREATEDON>2023-01-09T09:50:41-03:00</RECCREATEDON><RECMODIFIEDBY>wagner.prado</RECMODIFIEDBY><RECMODIFIEDON>2023-01-09T09:50:41-03:00</RECMODIFIEDON></MOBRASCOMPL><MOBRASCOMPL><CODCOLIGADA>51</CODCOLIGADA><IDPRJ>1</IDPRJ><IDOBRA>2802</IDOBRA><RECCREATEDBY>wagner.prado</RECCREATEDBY><RECCREATEDON>2023-01-09T09:50:48-03:00</RECCREATEDON><RECMODIFIEDBY>wagner.prado</RECMODIFIEDBY><RECMODIFIEDON>2023-01-09T09:50:48-03:00</RECMODIFIEDON></MOBRASCOMPL><MOBRASCOMPL><CODCOLIGADA>51</CODCOLIGADA><IDPRJ>1</IDPRJ><IDOBRA>2902</IDOBRA><RECCREATEDBY>gabriel.lara</RECCREATEDBY><RECCREATEDON>2023-01-31T09:16:33-03:00</RECCREATEDON><RECMODIFIEDBY>gabriel.lara</RECMODIFIEDBY><RECMODIFIEDON>2023-01-31T09:16:33-03:00</RECMODIFIEDON></MOBRASCOMPL><MOBRASCOMPL><CODCOLIGADA>51</CODCOLIGADA><IDPRJ>1</IDPRJ><IDOBRA>2939</IDOBRA><RECCREATEDBY>wagner.prado</RECCREATEDBY><RECCREATEDON>2023-01-09T09:51:10-03:00</RECCREATEDON><RECMODIFIEDBY>wagner.prado</RECMODIFIEDBY><RECMODIFIEDON>2023-01-09T09:51:10-03:00</RECMODIFIEDON></MOBRASCOMPL><MOBRASCOMPL><CODCOLIGADA>51</CODCOLIGADA><IDPRJ>1</IDPRJ><IDOBRA>3304</IDOBRA><RECCREATEDBY>wagner.prado</RECCREATEDBY><RECCREATEDON>2023-01-09T09:28:38-03:00</RECCREATEDON><RECMODIFIEDBY>wagner.prado</RECMODIFIEDBY><RECMODIFIEDON>2023-01-09T09:28:38-03:00</RECMODIFIEDON></MOBRASCOMPL><MOBRASCOMPL><CODCOLIGADA>51</CODCOLIGADA><IDPRJ>1</IDPRJ><IDOBRA>4011</IDOBRA><RECCREATEDBY>gabriel.lara</RECCREATEDBY><RECCREATEDON>2023-03-31T11:45:23-03:00</RECCREATEDON><RECMODIFIEDBY>gabriel.lara</RECMODIFIEDBY><RECMODIFIEDON>2023-03-31T11:45:23-03:00</RECMODIFIEDON></MOBRASCOMPL><MOBRASCOMPL><CODCOLIGADA>51</CODCOLIGADA><IDPRJ>1</IDPRJ><IDOBRA>4874</IDOBRA><RECCREATEDBY>gabriel.lara</RECCREATEDBY><RECCREATEDON>2023-03-31T11:46:46-03:00</RECCREATEDON><RECMODIFIEDBY>gabriel.lara</RECMODIFIEDBY><RECMODIFIEDON>2023-03-31T11:46:46-03:00</RECMODIFIEDON></MOBRASCOMPL><MOBRASCOMPL><CODCOLIGADA>51</CODCOLIGADA><IDPRJ>1</IDPRJ><IDOBRA>4997</IDOBRA><RECCREATEDBY>gabriel.lara</RECCREATEDBY><RECCREATEDON>2023-03-31T11:46:39-03:00</RECCREATEDON><RECMODIFIEDBY>gabriel.lara</RECMODIFIEDBY><RECMODIFIEDON>2023-03-31T11:46:39-03:00</RECMODIFIEDON></MOBRASCOMPL></NewDataSet>