﻿<NewDataSet><xs:schema id="NewDataSet" xmlns="" xmlns:xs="http://www.w3.org/2001/XMLSchema" xmlns:msdata="urn:schemas-microsoft-com:xml-msdata" xmlns:msprop="urn:schemas-microsoft-com:xml-msprop"><xs:element name="NewDataSet" msdata:IsDataSet="true" msdata:MainDataTable="MPDO" msdata:UseCurrentLocale="true"><xs:complexType><xs:choice minOccurs="0" maxOccurs="unbounded"><xs:element name="MPDO" msprop:_x0023__x0023_SQLFetch="00:00:00" msprop:_x0040_SQL="  SELECT * FROM MPDO (NOLOCK)   WHERE (CODCOLIGADA = 51 AND IDPRJ = 1 AND CLASSIFICACAO &lt;&gt; 3)  "><xs:complexType><xs:sequence><xs:element name="CODCOLIGADA" type="xs:short" minOccurs="0" /><xs:element name="IDPRJ" type="xs:int" minOccurs="0" /><xs:element name="IDCNT" type="xs:int" minOccurs="0" /><xs:element name="PERIODOMED" type="xs:string" minOccurs="0" /><xs:element name="CLASSIFICACAO" type="xs:short" minOccurs="0" /><xs:element name="DATAINICIO" type="xs:dateTime" minOccurs="0" /><xs:element name="DATAFIM" type="xs:dateTime" minOccurs="0" /><xs:element name="DATALIBMEDICAO" type="xs:dateTime" minOccurs="0" /><xs:element name="QUEMLIBMEDICAO" type="xs:string" minOccurs="0" /><xs:element name="TOTALMEDICAO" type="xs:decimal" minOccurs="0" /><xs:element name="PERCREAJUSTE" type="xs:decimal" minOccurs="0" /><xs:element name="DATALIBRJTDEFINITIVO" type="xs:dateTime" minOccurs="0" /><xs:element name="QUEMLIBRJTDEFINITIVO" type="xs:string" minOccurs="0" /><xs:element name="TOTALRJTDEFINITIVO" type="xs:decimal" minOccurs="0" /><xs:element name="PERCRJTDEFINITIVO" type="xs:decimal" minOccurs="0" /><xs:element name="DATALIBDIFREALINHAMENTO" type="xs:dateTime" minOccurs="0" /><xs:element name="QUEMLIBDIFREALINHAMENTO" type="xs:string" minOccurs="0" /><xs:element name="TOTALDIFREALINHAMENTO" type="xs:decimal" minOccurs="0" /><xs:element name="IDLAN" type="xs:int" minOccurs="0" /><xs:element name="VLRRETIDO" type="xs:decimal" minOccurs="0" /><xs:element name="IDLANREAJUSTE" type="xs:int" minOccurs="0" /><xs:element name="IDMOV" type="xs:int" minOccurs="0" /><xs:element name="VALORPREVISTO" type="xs:decimal" minOccurs="0" /><xs:element name="VLRRETIDOITEM" type="xs:decimal" minOccurs="0" /><xs:element name="CANCELADO" type="xs:short" minOccurs="0" /><xs:element name="RECCREATEDBY" type="xs:string" minOccurs="0" /><xs:element name="RECCREATEDON" type="xs:dateTime" minOccurs="0" /><xs:element name="RECMODIFIEDBY" type="xs:string" minOccurs="0" /><xs:element name="RECMODIFIEDON" type="xs:dateTime" minOccurs="0" /><xs:element name="STATUSMEDICAO" type="xs:short" minOccurs="0" /></xs:sequence></xs:complexType></xs:element></xs:choice></xs:complexType></xs:element></xs:schema></NewDataSet>