﻿<NewDataSet><xs:schema id="NewDataSet" xmlns="" xmlns:xs="http://www.w3.org/2001/XMLSchema" xmlns:msdata="urn:schemas-microsoft-com:xml-msdata" xmlns:msprop="urn:schemas-microsoft-com:xml-msprop"><xs:element name="NewDataSet" msdata:IsDataSet="true" msdata:MainDataTable="MPDOCURVADISTRIB" msdata:UseCurrentLocale="true"><xs:complexType><xs:choice minOccurs="0" maxOccurs="unbounded"><xs:element name="MPDOCURVADISTRIB" msprop:_x0023__x0023_SQLFetch="00:00:00" msprop:_x0040_SQL="  SELECT * FROM MPDOCURVADISTRIB (NOLOCK)   WHERE (EXISTS (SELECT 1 FROM MPRJCURVADISTRIBUICAO &#xD;&#xA;                                             WHERE MPRJCURVADISTRIBUICAO.CODCOLIGADA = 51&#xD;&#xA;                                             AND MPRJCURVADISTRIBUICAO.IDPRJ = 1&#xD;&#xA;                                             AND MPRJCURVADISTRIBUICAO.IDCURVADISTRIBUICAO  = MPDOCURVADISTRIB.IDCURVADISTRIBUICAO)) &#xD;&#xA;                                OR (EXISTS (SELECT 1 FROM MCMP &#xD;&#xA;                                             WHERE MCMP.CODCOLIGADA = 51&#xD;&#xA;                                             AND MCMP.IDPRJ = 1&#xD;&#xA;                                             AND MCMP.IDCURVADISTRIBUICAO  = MPDOCURVADISTRIB.IDCURVADISTRIBUICAO)) &#xD;&#xA;                                OR (EXISTS (SELECT 1 FROM MTRF &#xD;&#xA;                                             WHERE MTRF.CODCOLIGADA = 51&#xD;&#xA;                                             AND MTRF.IDPRJ = 1&#xD;&#xA;                                             AND MTRF.IDCURVADISTRIBUICAO  = MPDOCURVADISTRIB.IDCURVADISTRIBUICAO)) &#xD;&#xA;                                OR (EXISTS (SELECT 1 FROM MPARAMETRO &#xD;&#xA;                                      WHERE MPDOCURVADISTRIB.IDCURVADISTRIBUICAO = MPARAMETRO.VALORSTR &#xD;&#xA;                                      AND MPARAMETRO.CODCOLIGADA = 51 AND MPARAMETRO.IDPRJ = 1&#xD;&#xA;                                      AND MPARAMETRO.PARAMETRO = 'IDCURVADISTRIBUICAO'))  "><xs:complexType><xs:sequence><xs:element name="IDCURVADISTRIBUICAO" type="xs:int" minOccurs="0" /><xs:element name="QTDPDO" type="xs:int" minOccurs="0" /><xs:element name="PERIODO" type="xs:int" minOccurs="0" /><xs:element name="PERCENTUAL" type="xs:decimal" minOccurs="0" /><xs:element name="RECCREATEDBY" type="xs:string" minOccurs="0" /><xs:element name="RECCREATEDON" type="xs:dateTime" minOccurs="0" /><xs:element name="RECMODIFIEDBY" type="xs:string" minOccurs="0" /><xs:element name="RECMODIFIEDON" type="xs:dateTime" minOccurs="0" /></xs:sequence></xs:complexType></xs:element></xs:choice></xs:complexType></xs:element></xs:schema></NewDataSet>