﻿<NewDataSet><xs:schema id="NewDataSet" xmlns="" xmlns:xs="http://www.w3.org/2001/XMLSchema" xmlns:msdata="urn:schemas-microsoft-com:xml-msdata" xmlns:msprop="urn:schemas-microsoft-com:xml-msprop"><xs:element name="NewDataSet" msdata:IsDataSet="true" msdata:MainDataTable="MPEMUND" msdata:UseCurrentLocale="true"><xs:complexType><xs:choice minOccurs="0" maxOccurs="unbounded"><xs:element name="MPEMUND" msprop:_x0023__x0023_SQLFetch="00:00:00" msprop:_x0040_SQL="  SELECT * FROM MPEMUND (NOLOCK)   WHERE (CODCOLIGADA = 51 AND IDPRJ = 1)  "><xs:complexType><xs:sequence><xs:element name="CODCOLIGADA" type="xs:short" minOccurs="0" /><xs:element name="IDPRJ" type="xs:int" minOccurs="0" /><xs:element name="IDCMP" type="xs:int" minOccurs="0" /><xs:element name="UNDAFASTAMENTO" type="xs:string" minOccurs="0" /><xs:element name="UNDCAPACIDADE" type="xs:string" minOccurs="0" /><xs:element name="UNDCONSUMO" type="xs:string" minOccurs="0" /><xs:element name="UNDDISTANCIA" type="xs:string" minOccurs="0" /><xs:element name="UNDESPACAMENTO" type="xs:string" minOccurs="0" /><xs:element name="UNDESPESSURA" type="xs:string" minOccurs="0" /><xs:element name="UNDFATORCARGA" type="xs:string" minOccurs="0" /><xs:element name="UNDFATORCONVERSAO" type="xs:string" minOccurs="0" /><xs:element name="UNDFATOREFICIENCIA" type="xs:string" minOccurs="0" /><xs:element name="UNDLARGURAOPERACAO" type="xs:string" minOccurs="0" /><xs:element name="UNDLARGURASUPERPOS" type="xs:string" minOccurs="0" /><xs:element name="UNDLARGURAUTIL" type="xs:string" minOccurs="0" /><xs:element name="UNDPASSADAS" type="xs:string" minOccurs="0" /><xs:element name="UNDPROFUNDIDADE" type="xs:string" minOccurs="0" /><xs:element name="UNDTEMPOCARGA" type="xs:string" minOccurs="0" /><xs:element name="UNDTEMPOIDA" type="xs:string" minOccurs="0" /><xs:element name="UNDTEMPORETORNO" type="xs:string" minOccurs="0" /><xs:element name="UNDTEMPOCICLO" type="xs:string" minOccurs="0" /><xs:element name="UNDVELOCIDADEIDA" type="xs:string" minOccurs="0" /><xs:element name="UNDVELOCIDADERETORNO" type="xs:string" minOccurs="0" /><xs:element name="UNDPESOESPCOMPACTADO" type="xs:string" minOccurs="0" /><xs:element name="RECCREATEDBY" type="xs:string" minOccurs="0" /><xs:element name="RECCREATEDON" type="xs:dateTime" minOccurs="0" /><xs:element name="RECMODIFIEDBY" type="xs:string" minOccurs="0" /><xs:element name="RECMODIFIEDON" type="xs:dateTime" minOccurs="0" /></xs:sequence></xs:complexType></xs:element></xs:choice></xs:complexType></xs:element></xs:schema></NewDataSet>