﻿<NewDataSet><xs:schema id="NewDataSet" xmlns="" xmlns:xs="http://www.w3.org/2001/XMLSchema" xmlns:msdata="urn:schemas-microsoft-com:xml-msdata" xmlns:msprop="urn:schemas-microsoft-com:xml-msprop"><xs:element name="NewDataSet" msdata:IsDataSet="true" msdata:MainDataTable="MPRJ" msdata:UseCurrentLocale="true"><xs:complexType><xs:choice minOccurs="0" maxOccurs="unbounded"><xs:element name="MPRJ" msprop:_x0023__x0023_SQLFetch="00:00:00" msprop:_x0040_SQL="  SELECT * FROM MPRJ (NOLOCK)   WHERE (CODCOLIGADA = 51 AND IDPRJ = 1)  "><xs:complexType><xs:sequence><xs:element name="CODCOLIGADA" type="xs:short" minOccurs="0" /><xs:element name="IDPRJ" type="xs:int" minOccurs="0" /><xs:element name="CODFILIAL" type="xs:short" minOccurs="0" /><xs:element name="CODPRJ" type="xs:string" minOccurs="0" /><xs:element name="DESCRICAO" type="xs:string" minOccurs="0" /><xs:element name="RESPONSAVEL" type="xs:string" minOccurs="0" /><xs:element name="RUA" type="xs:string" minOccurs="0" /><xs:element name="NUMERO" type="xs:string" minOccurs="0" /><xs:element name="COMPLEMENTO" type="xs:string" minOccurs="0" /><xs:element name="BAIRRO" type="xs:string" minOccurs="0" /><xs:element name="CIDADE" type="xs:string" minOccurs="0" /><xs:element name="ESTADO" type="xs:string" minOccurs="0" /><xs:element name="PAIS" type="xs:string" minOccurs="0" /><xs:element name="CEP" type="xs:string" minOccurs="0" /><xs:element name="CGC" type="xs:string" minOccurs="0" /><xs:element name="INSCRESTADUAL" type="xs:string" minOccurs="0" /><xs:element name="TELEFONE" type="xs:string" minOccurs="0" /><xs:element name="FAX" type="xs:string" minOccurs="0" /><xs:element name="TELEX" type="xs:string" minOccurs="0" /><xs:element name="COMENTARIO" type="xs:string" minOccurs="0" /><xs:element name="PLANILHABLOQUEADA" type="xs:short" minOccurs="0" /><xs:element name="POSICAO" type="xs:short" minOccurs="0" /><xs:element name="CLASSIFICACAO" type="xs:string" minOccurs="0" /><xs:element name="CODDEPARTAMENTO" type="xs:string" minOccurs="0" /><xs:element name="CODCCUSTO" type="xs:string" minOccurs="0" /><xs:element name="CAMPOLIVRE1" type="xs:string" minOccurs="0" /><xs:element name="CAMPOLIVRE2" type="xs:string" minOccurs="0" /><xs:element name="CAMPOLIVRE3" type="xs:string" minOccurs="0" /><xs:element name="CAMPOLIVRE4" type="xs:string" minOccurs="0" /><xs:element name="CAMPOLIVREVALOR1" type="xs:decimal" minOccurs="0" /><xs:element name="CAMPOLIVREVALOR2" type="xs:decimal" minOccurs="0" /><xs:element name="IDCNTOF" type="xs:int" minOccurs="0" /><xs:element name="CHAPARESP" type="xs:string" minOccurs="0" /><xs:element name="ALIQISS" type="xs:decimal" minOccurs="0" /><xs:element name="CODMUNICIPIO" type="xs:string" minOccurs="0" /><xs:element name="TIPOPRJ" type="xs:short" minOccurs="0" /><xs:element name="IDPAI" type="xs:int" minOccurs="0" /><xs:element name="POSEQUALIZA" type="xs:short" minOccurs="0" /><xs:element name="VALORPROJETO" type="xs:decimal" minOccurs="0" /><xs:element name="EQUALIZADO" type="xs:short" minOccurs="0" /><xs:element name="REVISAO" type="xs:short" minOccurs="0" /><xs:element name="CODCOLCFO" type="xs:short" minOccurs="0" /><xs:element name="CODCLIENTE" type="xs:string" minOccurs="0" /><xs:element name="ULTIMOCALCULO" type="xs:dateTime" minOccurs="0" /><xs:element name="VALORPROJETOSEMBDI" type="xs:decimal" minOccurs="0" /><xs:element name="TOTALINDIRETO" type="xs:decimal" minOccurs="0" /><xs:element name="VALORBDI" type="xs:decimal" minOccurs="0" /><xs:element name="ULTIMOCALCULOCRONOG" type="xs:dateTime" minOccurs="0" /><xs:element name="MODELO" type="xs:short" minOccurs="0" /><xs:element name="MOVIMENTACAOPROTHEUS" type="xs:int" minOccurs="0" /><xs:element name="ID" type="xs:int" minOccurs="0" /><xs:element name="ART" type="xs:string" minOccurs="0" /><xs:element name="VALORPROJETO_SERVICO" type="xs:decimal" minOccurs="0" /><xs:element name="VALORPROJETOSEMBDI_SERVICO" type="xs:decimal" minOccurs="0" /><xs:element name="TOTALINDIRETO_SERVICO" type="xs:decimal" minOccurs="0" /><xs:element name="VALORBDI_SERVICO" type="xs:decimal" minOccurs="0" /><xs:element name="DESCRICAOREVISAO" type="xs:string" minOccurs="0" /><xs:element name="RECCREATEDBY" type="xs:string" minOccurs="0" /><xs:element name="RECCREATEDON" type="xs:dateTime" minOccurs="0" /><xs:element name="RECMODIFIEDBY" type="xs:string" minOccurs="0" /><xs:element name="RECMODIFIEDON" type="xs:dateTime" minOccurs="0" /><xs:element name="TIPOREVISAO" type="xs:string" minOccurs="0" /><xs:element name="TIPOFASE" type="xs:short" minOccurs="0" /><xs:element name="CODPRJAUX" type="xs:string" minOccurs="0" /><xs:element name="IDPAIAUX" type="xs:int" minOccurs="0" /><xs:element name="VALORPROJETO_RECEITA" type="xs:decimal" minOccurs="0" /><xs:element name="ULTIMAIMPORTAPROP" type="xs:dateTime" minOccurs="0" /><xs:element name="ULTIMOFECHAMENTOCONTINT" type="xs:dateTime" minOccurs="0" /><xs:element name="CNOPRJ" type="xs:string" minOccurs="0" /><xs:element name="INDPRESTSRV" type="xs:short" minOccurs="0" /><xs:element name="TPPRJ" type="xs:short" minOccurs="0" /><xs:element name="VERSAOBKPPRJ" type="xs:string" minOccurs="0" /><xs:element name="IDPAIS" type="xs:short" minOccurs="0" /><xs:element name="CODCOLTBORCAMENTO" type="xs:short" minOccurs="0" /><xs:element name="CODTBORCAMENTO" type="xs:string" minOccurs="0" /></xs:sequence></xs:complexType></xs:element></xs:choice></xs:complexType></xs:element></xs:schema><MPRJ><CODCOLIGADA>51</CODCOLIGADA><IDPRJ>1</IDPRJ><CODFILIAL>2</CODFILIAL><CODPRJ>RJ.2022.002</CODPRJ><DESCRICAO>RESIDENCIAL PORTO CARIOCA (FAIXA 2)</DESCRICAO><RUA>Rua Geógrafo Milton Santos (antiga Via D1)</RUA><COMPLEMENTO>Lote 01 - Quadra 01</COMPLEMENTO><BAIRRO>Santo Cristo</BAIRRO><CIDADE>Rio de Janeiro</CIDADE><ESTADO>RJ</ESTADO><CEP>20220-260</CEP><CGC>43.848.628/0002-35</CGC><POSICAO>4</POSICAO><CODCCUSTO>3.0001.05</CODCCUSTO><CODMUNICIPIO>04557</CODMUNICIPIO><TIPOPRJ>0</TIPOPRJ><IDPAI>10</IDPAI><VALORPROJETO>234223050.8200</VALORPROJETO><REVISAO>2</REVISAO><ULTIMOCALCULO>2023-09-13T10:13:58.45-03:00</ULTIMOCALCULO><VALORPROJETOSEMBDI>234223050.8200</VALORPROJETOSEMBDI><TOTALINDIRETO>0.0000</TOTALINDIRETO><VALORBDI>0.0000</VALORBDI><MODELO>0</MODELO><MOVIMENTACAOPROTHEUS>0</MOVIMENTACAOPROTHEUS><ID>450</ID><VALORPROJETO_SERVICO>0.0000</VALORPROJETO_SERVICO><VALORPROJETOSEMBDI_SERVICO>0.0000</VALORPROJETOSEMBDI_SERVICO><TOTALINDIRETO_SERVICO>0.0000</TOTALINDIRETO_SERVICO><VALORBDI_SERVICO>0.0000</VALORBDI_SERVICO><RECCREATEDBY>gabriel.lara</RECCREATEDBY><RECCREATEDON>2022-06-28T15:45:11-03:00</RECCREATEDON><RECMODIFIEDBY>Andreza.soares</RECMODIFIEDBY><RECMODIFIEDON>2023-09-13T10:14:04-03:00</RECMODIFIEDON><TIPOFASE>0</TIPOFASE><VALORPROJETO_RECEITA>0.0000</VALORPROJETO_RECEITA><INDPRESTSRV>0</INDPRESTSRV><VERSAOBKPPRJ>1.0.0</VERSAOBKPPRJ><IDPAIS>1</IDPAIS></MPRJ></NewDataSet>