﻿<NewDataSet><xs:schema id="NewDataSet" xmlns="" xmlns:xs="http://www.w3.org/2001/XMLSchema" xmlns:msdata="urn:schemas-microsoft-com:xml-msdata" xmlns:msprop="urn:schemas-microsoft-com:xml-msprop"><xs:element name="NewDataSet" msdata:IsDataSet="true" msdata:MainDataTable="MPRJCOMPL" msdata:UseCurrentLocale="true"><xs:complexType><xs:choice minOccurs="0" maxOccurs="unbounded"><xs:element name="MPRJCOMPL" msprop:_x0023__x0023_SQLFetch="00:00:00" msprop:_x0040_SQL="  SELECT * FROM MPRJCOMPL (NOLOCK)   WHERE (CODCOLIGADA = 51 AND IDPRJ = 1)  "><xs:complexType><xs:sequence><xs:element name="CODCOLIGADA" type="xs:short" minOccurs="0" /><xs:element name="IDPRJ" type="xs:int" minOccurs="0" /><xs:element name="CLIFOR" type="xs:string" minOccurs="0" /><xs:element name="DTBASE" type="xs:dateTime" minOccurs="0" /><xs:element name="DI" type="xs:decimal" minOccurs="0" /><xs:element name="DD" type="xs:decimal" minOccurs="0" /><xs:element name="COTA" type="xs:decimal" minOccurs="0" /><xs:element name="CODCQ" type="xs:string" minOccurs="0" /><xs:element name="RECCREATEDBY" type="xs:string" minOccurs="0" /><xs:element name="RECCREATEDON" type="xs:dateTime" minOccurs="0" /><xs:element name="RECMODIFIEDBY" type="xs:string" minOccurs="0" /><xs:element name="RECMODIFIEDON" type="xs:dateTime" minOccurs="0" /><xs:element name="LESTOQUE" type="xs:string" minOccurs="0" /><xs:element name="ORCAMENTOPRINCIPAL" type="xs:string" minOccurs="0" /></xs:sequence></xs:complexType></xs:element></xs:choice></xs:complexType></xs:element></xs:schema><MPRJCOMPL><CODCOLIGADA>51</CODCOLIGADA><IDPRJ>1</IDPRJ><CLIFOR>Incorporação</CLIFOR><DTBASE>2023-02-01T00:00:00-03:00</DTBASE><RECCREATEDBY>gabriel.lara</RECCREATEDBY><RECCREATEDON>2022-06-28T15:45:11-03:00</RECCREATEDON><RECMODIFIEDBY>izabela.almeida</RECMODIFIEDBY><RECMODIFIEDON>2023-03-13T10:25:01-03:00</RECMODIFIEDON><ORCAMENTOPRINCIPAL>T</ORCAMENTOPRINCIPAL></MPRJCOMPL></NewDataSet>