﻿<NewDataSet><xs:schema id="NewDataSet" xmlns="" xmlns:xs="http://www.w3.org/2001/XMLSchema" xmlns:msdata="urn:schemas-microsoft-com:xml-msdata" xmlns:msprop="urn:schemas-microsoft-com:xml-msprop"><xs:element name="NewDataSet" msdata:IsDataSet="true" msdata:MainDataTable="MPRODEQUIPISM" msdata:UseCurrentLocale="true"><xs:complexType><xs:choice minOccurs="0" maxOccurs="unbounded"><xs:element name="MPRODEQUIPISM" msprop:_x0023__x0023_SQLFetch="00:00:00.0156253" msprop:_x0040_SQL="  SELECT * FROM MPRODEQUIPISM (NOLOCK)   WHERE (CODCOLIGADA = 51 AND IDPRJ = 1)  "><xs:complexType><xs:sequence><xs:element name="CODCOLIGADA" type="xs:short" minOccurs="0" /><xs:element name="IDPRJ" type="xs:int" minOccurs="0" /><xs:element name="IDCMP" type="xs:int" minOccurs="0" /><xs:element name="IDISM" type="xs:int" minOccurs="0" /><xs:element name="AFASTAMENTO" type="xs:decimal" minOccurs="0" /><xs:element name="CAPACIDADE" type="xs:decimal" minOccurs="0" /><xs:element name="CONSUMO" type="xs:decimal" minOccurs="0" /><xs:element name="DISTANCIA" type="xs:decimal" minOccurs="0" /><xs:element name="ESPACAMENTO" type="xs:decimal" minOccurs="0" /><xs:element name="ESPESSURA" type="xs:decimal" minOccurs="0" /><xs:element name="FATORCARGA" type="xs:decimal" minOccurs="0" /><xs:element name="FATORCONVERSAO" type="xs:decimal" minOccurs="0" /><xs:element name="FATOREFICIENCIA" type="xs:decimal" minOccurs="0" /><xs:element name="LARGURAOPERACAO" type="xs:decimal" minOccurs="0" /><xs:element name="LARGURASUPERPOS" type="xs:decimal" minOccurs="0" /><xs:element name="LARGURAUTIL" type="xs:decimal" minOccurs="0" /><xs:element name="PASSADAS" type="xs:decimal" minOccurs="0" /><xs:element name="PROFUNDIDADE" type="xs:decimal" minOccurs="0" /><xs:element name="TEMPOCARGA" type="xs:decimal" minOccurs="0" /><xs:element name="TEMPOIDA" type="xs:decimal" minOccurs="0" /><xs:element name="TEMPORETORNO" type="xs:decimal" minOccurs="0" /><xs:element name="TEMPOCICLO" type="xs:decimal" minOccurs="0" /><xs:element name="VELOCIDADEIDA" type="xs:decimal" minOccurs="0" /><xs:element name="VELOCIDADERETORNO" type="xs:decimal" minOccurs="0" /><xs:element name="PRODUCAOTEORICA" type="xs:decimal" minOccurs="0" /><xs:element name="COEFOPERSIMULTANEA" type="xs:decimal" minOccurs="0" /><xs:element name="FORMULA" type="xs:string" minOccurs="0" /><xs:element name="PRODUCAOHORARIA" type="xs:decimal" minOccurs="0" /><xs:element name="NUMUNIDADES" type="xs:decimal" minOccurs="0" /><xs:element name="UTILPRODUTIVA" type="xs:decimal" minOccurs="0" /><xs:element name="UTILIMPRODUTIVA" type="xs:decimal" minOccurs="0" /><xs:element name="PRODUCAOEQUIPE" type="xs:decimal" minOccurs="0" /><xs:element name="CHEFE" type="xs:string" minOccurs="0" /><xs:element name="IDFORMUL" type="xs:int" minOccurs="0" /><xs:element name="UNID" type="xs:string" minOccurs="0" /><xs:element name="PRODUCAONULA" type="xs:int" minOccurs="0" /><xs:element name="OBSERVACAO" type="xs:string" minOccurs="0" /><xs:element name="PESOESPCOMPACTADO" type="xs:decimal" minOccurs="0" /><xs:element name="IDCMPFILHA" type="xs:int" minOccurs="0" /><xs:element name="RECCREATEDBY" type="xs:string" minOccurs="0" /><xs:element name="RECCREATEDON" type="xs:dateTime" minOccurs="0" /><xs:element name="RECMODIFIEDBY" type="xs:string" minOccurs="0" /><xs:element name="RECMODIFIEDON" type="xs:dateTime" minOccurs="0" /><xs:element name="IDFORMULPROD" type="xs:int" minOccurs="0" /><xs:element name="IDPRODEQUIP" type="xs:int" minOccurs="0" /></xs:sequence></xs:complexType></xs:element></xs:choice></xs:complexType></xs:element></xs:schema></NewDataSet>