﻿<NewDataSet><xs:schema id="NewDataSet" xmlns="" xmlns:xs="http://www.w3.org/2001/XMLSchema" xmlns:msdata="urn:schemas-microsoft-com:xml-msdata" xmlns:msprop="urn:schemas-microsoft-com:xml-msprop"><xs:element name="NewDataSet" msdata:IsDataSet="true" msdata:MainDataTable="GTIPOFORMULA" msdata:UseCurrentLocale="true"><xs:complexType><xs:choice minOccurs="0" maxOccurs="unbounded"><xs:element name="GTIPOFORMULA" msprop:_x0023__x0023_SQLFetch="00:00:00" msprop:_x0040_SQL="  SELECT * FROM GTIPOFORMULA (NOLOCK)   WHERE (CODSISTEMA = 'M')  "><xs:complexType><xs:sequence><xs:element name="CODSISTEMA" type="xs:string" minOccurs="0" /><xs:element name="CODTIPO" type="xs:int" minOccurs="0" /><xs:element name="NAMESPACE" type="xs:string" minOccurs="0" /><xs:element name="NOMECLASSES" type="xs:string" minOccurs="0" /><xs:element name="ARQUIVOS" type="xs:string" minOccurs="0" /><xs:element name="DESCRICAO" type="xs:string" minOccurs="0" /><xs:element name="RECCREATEDBY" type="xs:string" minOccurs="0" /><xs:element name="RECCREATEDON" type="xs:dateTime" minOccurs="0" /><xs:element name="RECMODIFIEDBY" type="xs:string" minOccurs="0" /><xs:element name="RECMODIFIEDON" type="xs:dateTime" minOccurs="0" /></xs:sequence></xs:complexType></xs:element></xs:choice></xs:complexType></xs:element></xs:schema><GTIPOFORMULA><CODSISTEMA>M</CODSISTEMA><CODTIPO>1</CODTIPO><NAMESPACE>RM.Prj.Formula</NAMESPACE><NOMECLASSES>PrjProvider;PrjTrfProvider;PrjCntProvider;PrjCmpProvider;PrjCronogProvider;PrjIsmProvider;PrjCntItmProvider;PrjCntMedProvider;PrjRecCmpProvider;PrjFolhaTarefaItemProvider;PrjCntPdoProvider</NOMECLASSES><ARQUIVOS>RM.Prj.Formula.dll;RM.Prj.Formula.dll;RM.Prj.Formula.dll;RM.Prj.Formula.dll;RM.Prj.Formula.dll;RM.Prj.Formula.dll;RM.Prj.Formula.dll;RM.Prj.Formula.dll;RM.Prj.Formula.dll;RM.Prj.Formula.dll;RM.Prj.Formula.dll</ARQUIVOS><DESCRICAO>Projetos</DESCRICAO></GTIPOFORMULA></NewDataSet>