﻿<NewDataSet><xs:schema id="NewDataSet" xmlns="" xmlns:xs="http://www.w3.org/2001/XMLSchema" xmlns:msdata="urn:schemas-microsoft-com:xml-msdata" xmlns:msprop="urn:schemas-microsoft-com:xml-msprop"><xs:element name="NewDataSet" msdata:IsDataSet="true" msdata:MainDataTable="MCNT" msdata:UseCurrentLocale="true"><xs:complexType><xs:choice minOccurs="0" maxOccurs="unbounded"><xs:element name="MCNT" msprop:_x0023__x0023_SQLFetch="00:00:00" msprop:_x0040_SQL="  SELECT * FROM MCNT (NOLOCK)   WHERE (CODCOLIGADA = 51 AND IDPRJ = 1)  "><xs:complexType><xs:sequence><xs:element name="CODCOLIGADA" type="xs:short" minOccurs="0" /><xs:element name="IDPRJ" type="xs:int" minOccurs="0" /><xs:element name="IDCNT" type="xs:int" minOccurs="0" /><xs:element name="NUMCNT" type="xs:string" minOccurs="0" /><xs:element name="NUMLICITACAO" type="xs:string" minOccurs="0" /><xs:element name="DATACONTRATO" type="xs:dateTime" minOccurs="0" /><xs:element name="DATAINICIO" type="xs:dateTime" minOccurs="0" /><xs:element name="DATAFIM" type="xs:dateTime" minOccurs="0" /><xs:element name="PERIODOREAJUSTE" type="xs:int" minOccurs="0" /><xs:element name="DATABASEREAJUSTE" type="xs:dateTime" minOccurs="0" /><xs:element name="VALORCONTRATO" type="xs:decimal" minOccurs="0" /><xs:element name="VALORADITIVO" type="xs:decimal" minOccurs="0" /><xs:element name="FATORCONTRATUAL" type="xs:decimal" minOccurs="0" /><xs:element name="PERIODICIDADEMED" type="xs:int" minOccurs="0" /><xs:element name="NUMERODIAS" type="xs:int" minOccurs="0" /><xs:element name="TIPO" type="xs:string" minOccurs="0" /><xs:element name="COMENTARIO" type="xs:string" minOccurs="0" /><xs:element name="BLOQUEADO" type="xs:short" minOccurs="0" /><xs:element name="CODCOLCFO" type="xs:short" minOccurs="0" /><xs:element name="CODCFO" type="xs:string" minOccurs="0" /><xs:element name="TOTALIZADOR" type="xs:short" minOccurs="0" /><xs:element name="IDCNTTOTALIZADOR" type="xs:int" minOccurs="0" /><xs:element name="ADITIVOPRAZO" type="xs:int" minOccurs="0" /><xs:element name="FONTERECURSO" type="xs:string" minOccurs="0" /><xs:element name="CAMPOLIVRE1" type="xs:string" minOccurs="0" /><xs:element name="CAMPOLIVRE2" type="xs:string" minOccurs="0" /><xs:element name="VLRRETENCAO" type="xs:decimal" minOccurs="0" /><xs:element name="TIPORETMEDICAO" type="xs:int" minOccurs="0" /><xs:element name="PERCRETMED" type="xs:decimal" minOccurs="0" /><xs:element name="IDMOVDEFAULT" type="xs:string" minOccurs="0" /><xs:element name="IDPRDDEFAULT" type="xs:int" minOccurs="0" /><xs:element name="CODCPG" type="xs:string" minOccurs="0" /><xs:element name="STATUS" type="xs:short" minOccurs="0" /><xs:element name="CHAPARESPONSAVEL" type="xs:string" minOccurs="0" /><xs:element name="FORMULAVALORLIBERACAO" type="xs:string" minOccurs="0" /><xs:element name="CODTMVESTORNODEFAULT" type="xs:string" minOccurs="0" /><xs:element name="CODFILIALDEFAULT" type="xs:short" minOccurs="0" /><xs:element name="CODLOCDEFAULT" type="xs:string" minOccurs="0" /><xs:element name="TIPOSRVREV" type="xs:string" minOccurs="0" /><xs:element name="TOTALMEDICAO" type="xs:decimal" minOccurs="0" /><xs:element name="SALDOCONTRATUAL" type="xs:decimal" minOccurs="0" /><xs:element name="TIPOITEMCONTRATO" type="xs:string" minOccurs="0" /><xs:element name="CNTMATERIAL" type="xs:string" minOccurs="0" /><xs:element name="QTDEPARCELAS" type="xs:short" minOccurs="0" /><xs:element name="RECCREATEDBY" type="xs:string" minOccurs="0" /><xs:element name="RECCREATEDON" type="xs:dateTime" minOccurs="0" /><xs:element name="RECMODIFIEDBY" type="xs:string" minOccurs="0" /><xs:element name="RECMODIFIEDON" type="xs:dateTime" minOccurs="0" /><xs:element name="USATIMESHEET" type="xs:short" minOccurs="0" /><xs:element name="TIPOMOVRETDEFAULT" type="xs:string" minOccurs="0" /><xs:element name="MEDICAOACIMADECEM" type="xs:int" minOccurs="0" /><xs:element name="TIPOREAJUSTE" type="xs:short" minOccurs="0" /><xs:element name="MOEDA" type="xs:string" minOccurs="0" /><xs:element name="APROPRIA" type="xs:short" minOccurs="0" /><xs:element name="TIPOAPLICRJT" type="xs:short" minOccurs="0" /><xs:element name="ART" type="xs:string" minOccurs="0" /><xs:element name="VALORCONTRATADO" type="xs:decimal" minOccurs="0" /></xs:sequence></xs:complexType></xs:element></xs:choice></xs:complexType></xs:element></xs:schema></NewDataSet>