﻿<NewDataSet><xs:schema id="NewDataSet" xmlns="" xmlns:xs="http://www.w3.org/2001/XMLSchema" xmlns:msdata="urn:schemas-microsoft-com:xml-msdata" xmlns:msprop="urn:schemas-microsoft-com:xml-msprop"><xs:element name="NewDataSet" msdata:IsDataSet="true" msdata:MainDataTable="MEQUIPEPRJMEMBRO" msdata:UseCurrentLocale="true"><xs:complexType><xs:choice minOccurs="0" maxOccurs="unbounded"><xs:element name="MEQUIPEPRJMEMBRO" msprop:_x0023__x0023_SQLFetch="00:00:00" msprop:_x0040_SQL="  SELECT * FROM MEQUIPEPRJMEMBRO (NOLOCK)   WHERE (CODCOLIGADA = 51 AND IDPRJ = 1)  "><xs:complexType><xs:sequence><xs:element name="CODCOLIGADA" type="xs:short" minOccurs="0" /><xs:element name="IDPRJ" type="xs:int" minOccurs="0" /><xs:element name="CODPESSOA" type="xs:int" minOccurs="0" /><xs:element name="RECCREATEDBY" type="xs:string" minOccurs="0" /><xs:element name="RECCREATEDON" type="xs:dateTime" minOccurs="0" /><xs:element name="RECMODIFIEDBY" type="xs:string" minOccurs="0" /><xs:element name="RECMODIFIEDON" type="xs:dateTime" minOccurs="0" /><xs:element name="IDEQUIPE" type="xs:int" minOccurs="0" /><xs:element name="IDEQUIPEMEMBRO" type="xs:int" minOccurs="0" /><xs:element name="IDISM" type="xs:int" minOccurs="0" /><xs:element name="IDPRJISM" type="xs:int" minOccurs="0" /><xs:element name="ATIVO" type="xs:short" minOccurs="0" /><xs:element name="TIPOMEMBROEQUIPE" type="xs:short" minOccurs="0" /><xs:element name="CODMEMBRO" type="xs:string" minOccurs="0" /><xs:element name="JORNADAPERIODO" type="xs:decimal" minOccurs="0" /><xs:element name="CODEXTERNO" type="xs:string" minOccurs="0" /><xs:element name="PESO" type="xs:decimal" minOccurs="0" /><xs:element name="MULTIEQUIPE" type="xs:short" minOccurs="0" /><xs:element name="CODCOLEXTERNO" type="xs:short" minOccurs="0" /></xs:sequence></xs:complexType></xs:element></xs:choice></xs:complexType></xs:element></xs:schema></NewDataSet>