﻿<NewDataSet><xs:schema id="NewDataSet" xmlns="" xmlns:xs="http://www.w3.org/2001/XMLSchema" xmlns:msdata="urn:schemas-microsoft-com:xml-msdata" xmlns:msprop="urn:schemas-microsoft-com:xml-msprop"><xs:element name="NewDataSet" msdata:IsDataSet="true" msdata:MainDataTable="MGISCOMPL" msdata:UseCurrentLocale="true"><xs:complexType><xs:choice minOccurs="0" maxOccurs="unbounded"><xs:element name="MGISCOMPL" msprop:_x0023__x0023_SQLFetch="00:00:00" msprop:_x0040_SQL="  SELECT * FROM MGISCOMPL (NOLOCK)   WHERE (CODCOLIGADA = 51 AND IDPRJ = 1)  "><xs:complexType><xs:sequence><xs:element name="CODCOLIGADA" type="xs:short" minOccurs="0" /><xs:element name="IDPRJ" type="xs:int" minOccurs="0" /><xs:element name="IDGIS" type="xs:int" minOccurs="0" /><xs:element name="RECCREATEDBY" type="xs:string" minOccurs="0" /><xs:element name="RECCREATEDON" type="xs:dateTime" minOccurs="0" /><xs:element name="RECMODIFIEDBY" type="xs:string" minOccurs="0" /><xs:element name="RECMODIFIEDON" type="xs:dateTime" minOccurs="0" /></xs:sequence></xs:complexType></xs:element></xs:choice></xs:complexType></xs:element></xs:schema><MGISCOMPL><CODCOLIGADA>51</CODCOLIGADA><IDPRJ>1</IDPRJ><IDGIS>23144</IDGIS><RECCREATEDBY>Sandra.ramos</RECCREATEDBY><RECCREATEDON>2014-05-15T09:36:46-03:00</RECCREATEDON><RECMODIFIEDBY>danilo.custodio</RECMODIFIEDBY><RECMODIFIEDON>2022-08-11T08:16:34-03:00</RECMODIFIEDON></MGISCOMPL><MGISCOMPL><CODCOLIGADA>51</CODCOLIGADA><IDPRJ>1</IDPRJ><IDGIS>23145</IDGIS><RECCREATEDBY>Juliana</RECCREATEDBY><RECCREATEDON>2013-02-18T11:04:40-03:00</RECCREATEDON><RECMODIFIEDBY>danilo.custodio</RECMODIFIEDBY><RECMODIFIEDON>2022-08-11T08:16:34-03:00</RECMODIFIEDON></MGISCOMPL><MGISCOMPL><CODCOLIGADA>51</CODCOLIGADA><IDPRJ>1</IDPRJ><IDGIS>23146</IDGIS><RECCREATEDBY>danilo.custodio</RECCREATEDBY><RECCREATEDON>2022-05-16T15:21:37-03:00</RECCREATEDON><RECMODIFIEDBY>danilo.custodio</RECMODIFIEDBY><RECMODIFIEDON>2022-08-11T08:16:34-03:00</RECMODIFIEDON></MGISCOMPL><MGISCOMPL><CODCOLIGADA>51</CODCOLIGADA><IDPRJ>1</IDPRJ><IDGIS>23147</IDGIS><RECCREATEDBY>Juliana</RECCREATEDBY><RECCREATEDON>2013-02-18T11:04:37-03:00</RECCREATEDON><RECMODIFIEDBY>danilo.custodio</RECMODIFIEDBY><RECMODIFIEDON>2022-08-11T08:16:34-03:00</RECMODIFIEDON></MGISCOMPL><MGISCOMPL><CODCOLIGADA>51</CODCOLIGADA><IDPRJ>1</IDPRJ><IDGIS>23148</IDGIS><RECCREATEDBY>Juliana</RECCREATEDBY><RECCREATEDON>2013-02-18T11:04:50-03:00</RECCREATEDON><RECMODIFIEDBY>danilo.custodio</RECMODIFIEDBY><RECMODIFIEDON>2022-08-11T08:16:34-03:00</RECMODIFIEDON></MGISCOMPL><MGISCOMPL><CODCOLIGADA>51</CODCOLIGADA><IDPRJ>1</IDPRJ><IDGIS>23149</IDGIS><RECCREATEDBY>danilo.custodio</RECCREATEDBY><RECCREATEDON>2019-04-26T17:35:44-03:00</RECCREATEDON><RECMODIFIEDBY>danilo.custodio</RECMODIFIEDBY><RECMODIFIEDON>2022-08-11T08:16:34-03:00</RECMODIFIEDON></MGISCOMPL><MGISCOMPL><CODCOLIGADA>51</CODCOLIGADA><IDPRJ>1</IDPRJ><IDGIS>23150</IDGIS><RECCREATEDBY>barbara.marcolino</RECCREATEDBY><RECCREATEDON>2013-09-13T09:12:11-03:00</RECCREATEDON><RECMODIFIEDBY>danilo.custodio</RECMODIFIEDBY><RECMODIFIEDON>2022-08-11T08:16:34-03:00</RECMODIFIEDON></MGISCOMPL><MGISCOMPL><CODCOLIGADA>51</CODCOLIGADA><IDPRJ>1</IDPRJ><IDGIS>23151</IDGIS><RECCREATEDBY>danilo.custodio</RECCREATEDBY><RECCREATEDON>2017-07-06T15:08:25-03:00</RECCREATEDON><RECMODIFIEDBY>danilo.custodio</RECMODIFIEDBY><RECMODIFIEDON>2022-08-11T08:16:34-03:00</RECMODIFIEDON></MGISCOMPL><MGISCOMPL><CODCOLIGADA>51</CODCOLIGADA><IDPRJ>1</IDPRJ><IDGIS>23152</IDGIS><RECCREATEDBY>Juliana</RECCREATEDBY><RECCREATEDON>2013-02-18T11:07:36-03:00</RECCREATEDON><RECMODIFIEDBY>danilo.custodio</RECMODIFIEDBY><RECMODIFIEDON>2022-08-11T08:16:35-03:00</RECMODIFIEDON></MGISCOMPL><MGISCOMPL><CODCOLIGADA>51</CODCOLIGADA><IDPRJ>1</IDPRJ><IDGIS>23153</IDGIS><RECCREATEDBY>Juliana</RECCREATEDBY><RECCREATEDON>2013-02-18T11:06:29-03:00</RECCREATEDON><RECMODIFIEDBY>danilo.custodio</RECMODIFIEDBY><RECMODIFIEDON>2022-08-11T08:16:35-03:00</RECMODIFIEDON></MGISCOMPL><MGISCOMPL><CODCOLIGADA>51</CODCOLIGADA><IDPRJ>1</IDPRJ><IDGIS>23154</IDGIS><RECCREATEDBY>adria.soares</RECCREATEDBY><RECCREATEDON>2014-04-22T09:26:11-03:00</RECCREATEDON><RECMODIFIEDBY>danilo.custodio</RECMODIFIEDBY><RECMODIFIEDON>2022-08-11T08:16:35-03:00</RECMODIFIEDON></MGISCOMPL><MGISCOMPL><CODCOLIGADA>51</CODCOLIGADA><IDPRJ>1</IDPRJ><IDGIS>23155</IDGIS><RECCREATEDBY>Juliana</RECCREATEDBY><RECCREATEDON>2013-02-18T11:04:39-03:00</RECCREATEDON><RECMODIFIEDBY>danilo.custodio</RECMODIFIEDBY><RECMODIFIEDON>2022-08-11T08:16:35-03:00</RECMODIFIEDON></MGISCOMPL><MGISCOMPL><CODCOLIGADA>51</CODCOLIGADA><IDPRJ>1</IDPRJ><IDGIS>23156</IDGIS><RECCREATEDBY>Juliana</RECCREATEDBY><RECCREATEDON>2013-02-18T11:04:43-03:00</RECCREATEDON><RECMODIFIEDBY>danilo.custodio</RECMODIFIEDBY><RECMODIFIEDON>2022-08-11T08:16:35-03:00</RECMODIFIEDON></MGISCOMPL><MGISCOMPL><CODCOLIGADA>51</CODCOLIGADA><IDPRJ>1</IDPRJ><IDGIS>23157</IDGIS><RECCREATEDBY>adria.soares</RECCREATEDBY><RECCREATEDON>2014-04-22T09:27:11-03:00</RECCREATEDON><RECMODIFIEDBY>danilo.custodio</RECMODIFIEDBY><RECMODIFIEDON>2022-08-11T08:16:35-03:00</RECMODIFIEDON></MGISCOMPL><MGISCOMPL><CODCOLIGADA>51</CODCOLIGADA><IDPRJ>1</IDPRJ><IDGIS>23158</IDGIS><RECCREATEDBY>Juliana</RECCREATEDBY><RECCREATEDON>2013-02-18T11:12:52-03:00</RECCREATEDON><RECMODIFIEDBY>danilo.custodio</RECMODIFIEDBY><RECMODIFIEDON>2022-08-11T08:16:35-03:00</RECMODIFIEDON></MGISCOMPL><MGISCOMPL><CODCOLIGADA>51</CODCOLIGADA><IDPRJ>1</IDPRJ><IDGIS>23159</IDGIS><RECCREATEDBY>adria.soares</RECCREATEDBY><RECCREATEDON>2014-04-22T09:27:29-03:00</RECCREATEDON><RECMODIFIEDBY>danilo.custodio</RECMODIFIEDBY><RECMODIFIEDON>2022-08-11T08:16:35-03:00</RECMODIFIEDON></MGISCOMPL><MGISCOMPL><CODCOLIGADA>51</CODCOLIGADA><IDPRJ>1</IDPRJ><IDGIS>23160</IDGIS><RECCREATEDBY>Juliana</RECCREATEDBY><RECCREATEDON>2012-06-13T08:52:29-03:00</RECCREATEDON><RECMODIFIEDBY>danilo.custodio</RECMODIFIEDBY><RECMODIFIEDON>2022-08-11T08:16:35-03:00</RECMODIFIEDON></MGISCOMPL><MGISCOMPL><CODCOLIGADA>51</CODCOLIGADA><IDPRJ>1</IDPRJ><IDGIS>23161</IDGIS><RECCREATEDBY>adria.soares</RECCREATEDBY><RECCREATEDON>2014-04-22T09:41:35-03:00</RECCREATEDON><RECMODIFIEDBY>danilo.custodio</RECMODIFIEDBY><RECMODIFIEDON>2022-08-11T08:16:35-03:00</RECMODIFIEDON></MGISCOMPL><MGISCOMPL><CODCOLIGADA>51</CODCOLIGADA><IDPRJ>1</IDPRJ><IDGIS>23162</IDGIS><RECCREATEDBY>Juliana</RECCREATEDBY><RECCREATEDON>2013-02-18T11:12:45-03:00</RECCREATEDON><RECMODIFIEDBY>danilo.custodio</RECMODIFIEDBY><RECMODIFIEDON>2022-08-11T08:16:35-03:00</RECMODIFIEDON></MGISCOMPL><MGISCOMPL><CODCOLIGADA>51</CODCOLIGADA><IDPRJ>1</IDPRJ><IDGIS>23163</IDGIS><RECCREATEDBY>Juliana</RECCREATEDBY><RECCREATEDON>2013-02-18T11:05:09-03:00</RECCREATEDON><RECMODIFIEDBY>danilo.custodio</RECMODIFIEDBY><RECMODIFIEDON>2022-08-11T08:16:35-03:00</RECMODIFIEDON></MGISCOMPL><MGISCOMPL><CODCOLIGADA>51</CODCOLIGADA><IDPRJ>1</IDPRJ><IDGIS>23164</IDGIS><RECCREATEDBY>Juliana</RECCREATEDBY><RECCREATEDON>2013-02-18T11:04:40-03:00</RECCREATEDON><RECMODIFIEDBY>danilo.custodio</RECMODIFIEDBY><RECMODIFIEDON>2022-08-11T08:16:35-03:00</RECMODIFIEDON></MGISCOMPL><MGISCOMPL><CODCOLIGADA>51</CODCOLIGADA><IDPRJ>1</IDPRJ><IDGIS>23165</IDGIS><RECCREATEDBY>Juliana</RECCREATEDBY><RECCREATEDON>2013-02-18T11:05:33-03:00</RECCREATEDON><RECMODIFIEDBY>danilo.custodio</RECMODIFIEDBY><RECMODIFIEDON>2022-08-11T08:16:35-03:00</RECMODIFIEDON></MGISCOMPL><MGISCOMPL><CODCOLIGADA>51</CODCOLIGADA><IDPRJ>1</IDPRJ><IDGIS>23166</IDGIS><RECCREATEDBY>Juliana</RECCREATEDBY><RECCREATEDON>2015-01-23T17:25:56-03:00</RECCREATEDON><RECMODIFIEDBY>danilo.custodio</RECMODIFIEDBY><RECMODIFIEDON>2022-08-11T08:16:35-03:00</RECMODIFIEDON></MGISCOMPL><MGISCOMPL><CODCOLIGADA>51</CODCOLIGADA><IDPRJ>1</IDPRJ><IDGIS>23167</IDGIS><RECCREATEDBY>Juliana</RECCREATEDBY><RECCREATEDON>2012-05-03T18:34:21-03:00</RECCREATEDON><RECMODIFIEDBY>danilo.custodio</RECMODIFIEDBY><RECMODIFIEDON>2022-08-11T08:16:35-03:00</RECMODIFIEDON></MGISCOMPL><MGISCOMPL><CODCOLIGADA>51</CODCOLIGADA><IDPRJ>1</IDPRJ><IDGIS>23168</IDGIS><RECCREATEDBY>Juliana</RECCREATEDBY><RECCREATEDON>2013-02-18T11:05:21-03:00</RECCREATEDON><RECMODIFIEDBY>danilo.custodio</RECMODIFIEDBY><RECMODIFIEDON>2022-08-11T08:16:35-03:00</RECMODIFIEDON></MGISCOMPL><MGISCOMPL><CODCOLIGADA>51</CODCOLIGADA><IDPRJ>1</IDPRJ><IDGIS>23169</IDGIS><RECCREATEDBY>Juliana</RECCREATEDBY><RECCREATEDON>2013-02-18T11:05:12-03:00</RECCREATEDON><RECMODIFIEDBY>danilo.custodio</RECMODIFIEDBY><RECMODIFIEDON>2022-08-11T08:16:35-03:00</RECMODIFIEDON></MGISCOMPL><MGISCOMPL><CODCOLIGADA>51</CODCOLIGADA><IDPRJ>1</IDPRJ><IDGIS>23170</IDGIS><RECCREATEDBY>Juliana</RECCREATEDBY><RECCREATEDON>2013-02-18T11:06:20-03:00</RECCREATEDON><RECMODIFIEDBY>danilo.custodio</RECMODIFIEDBY><RECMODIFIEDON>2022-08-11T08:16:35-03:00</RECMODIFIEDON></MGISCOMPL><MGISCOMPL><CODCOLIGADA>51</CODCOLIGADA><IDPRJ>1</IDPRJ><IDGIS>23171</IDGIS><RECCREATEDBY>Juliana</RECCREATEDBY><RECCREATEDON>2013-02-18T11:04:57-03:00</RECCREATEDON><RECMODIFIEDBY>danilo.custodio</RECMODIFIEDBY><RECMODIFIEDON>2022-08-11T08:16:35-03:00</RECMODIFIEDON></MGISCOMPL><MGISCOMPL><CODCOLIGADA>51</CODCOLIGADA><IDPRJ>1</IDPRJ><IDGIS>23172</IDGIS><RECCREATEDBY>danilo.custodio</RECCREATEDBY><RECCREATEDON>2015-09-09T15:55:01-03:00</RECCREATEDON><RECMODIFIEDBY>danilo.custodio</RECMODIFIEDBY><RECMODIFIEDON>2022-08-11T08:16:36-03:00</RECMODIFIEDON></MGISCOMPL><MGISCOMPL><CODCOLIGADA>51</CODCOLIGADA><IDPRJ>1</IDPRJ><IDGIS>23173</IDGIS><RECCREATEDBY>Juliana</RECCREATEDBY><RECCREATEDON>2012-11-05T17:15:41-03:00</RECCREATEDON><RECMODIFIEDBY>danilo.custodio</RECMODIFIEDBY><RECMODIFIEDON>2022-08-11T08:16:36-03:00</RECMODIFIEDON></MGISCOMPL><MGISCOMPL><CODCOLIGADA>51</CODCOLIGADA><IDPRJ>1</IDPRJ><IDGIS>23174</IDGIS><RECCREATEDBY>Juliana</RECCREATEDBY><RECCREATEDON>2014-10-02T10:29:50-03:00</RECCREATEDON><RECMODIFIEDBY>danilo.custodio</RECMODIFIEDBY><RECMODIFIEDON>2022-08-11T08:16:36-03:00</RECMODIFIEDON></MGISCOMPL><MGISCOMPL><CODCOLIGADA>51</CODCOLIGADA><IDPRJ>1</IDPRJ><IDGIS>23175</IDGIS><RECCREATEDBY>Juliana</RECCREATEDBY><RECCREATEDON>2013-02-18T11:04:51-03:00</RECCREATEDON><RECMODIFIEDBY>danilo.custodio</RECMODIFIEDBY><RECMODIFIEDON>2022-08-11T08:16:36-03:00</RECMODIFIEDON></MGISCOMPL><MGISCOMPL><CODCOLIGADA>51</CODCOLIGADA><IDPRJ>1</IDPRJ><IDGIS>23176</IDGIS><RECCREATEDBY>fabiana.calado</RECCREATEDBY><RECCREATEDON>2017-11-03T15:27:08-03:00</RECCREATEDON><RECMODIFIEDBY>danilo.custodio</RECMODIFIEDBY><RECMODIFIEDON>2022-08-11T08:16:36-03:00</RECMODIFIEDON></MGISCOMPL><MGISCOMPL><CODCOLIGADA>51</CODCOLIGADA><IDPRJ>1</IDPRJ><IDGIS>23177</IDGIS><RECCREATEDBY>danilo.custodio</RECCREATEDBY><RECCREATEDON>2015-04-01T08:51:05-03:00</RECCREATEDON><RECMODIFIEDBY>danilo.custodio</RECMODIFIEDBY><RECMODIFIEDON>2022-08-11T08:16:36-03:00</RECMODIFIEDON></MGISCOMPL><MGISCOMPL><CODCOLIGADA>51</CODCOLIGADA><IDPRJ>1</IDPRJ><IDGIS>23178</IDGIS><RECCREATEDBY>adria.soares</RECCREATEDBY><RECCREATEDON>2014-04-22T08:49:58-03:00</RECCREATEDON><RECMODIFIEDBY>danilo.custodio</RECMODIFIEDBY><RECMODIFIEDON>2022-08-11T08:16:36-03:00</RECMODIFIEDON></MGISCOMPL><MGISCOMPL><CODCOLIGADA>51</CODCOLIGADA><IDPRJ>1</IDPRJ><IDGIS>23179</IDGIS><RECCREATEDBY>Juliana</RECCREATEDBY><RECCREATEDON>2013-02-18T11:05:33-03:00</RECCREATEDON><RECMODIFIEDBY>danilo.custodio</RECMODIFIEDBY><RECMODIFIEDON>2022-08-11T08:16:36-03:00</RECMODIFIEDON></MGISCOMPL><MGISCOMPL><CODCOLIGADA>51</CODCOLIGADA><IDPRJ>1</IDPRJ><IDGIS>23180</IDGIS><RECCREATEDBY>Sandra.ramos</RECCREATEDBY><RECCREATEDON>2014-10-30T16:36:31-03:00</RECCREATEDON><RECMODIFIEDBY>danilo.custodio</RECMODIFIEDBY><RECMODIFIEDON>2022-08-11T08:16:36-03:00</RECMODIFIEDON></MGISCOMPL><MGISCOMPL><CODCOLIGADA>51</CODCOLIGADA><IDPRJ>1</IDPRJ><IDGIS>23181</IDGIS><RECCREATEDBY>adria.soares</RECCREATEDBY><RECCREATEDON>2014-04-22T09:28:56-03:00</RECCREATEDON><RECMODIFIEDBY>danilo.custodio</RECMODIFIEDBY><RECMODIFIEDON>2022-08-11T08:16:36-03:00</RECMODIFIEDON></MGISCOMPL><MGISCOMPL><CODCOLIGADA>51</CODCOLIGADA><IDPRJ>1</IDPRJ><IDGIS>23182</IDGIS><RECCREATEDBY>Juliana</RECCREATEDBY><RECCREATEDON>2013-02-18T11:04:46-03:00</RECCREATEDON><RECMODIFIEDBY>danilo.custodio</RECMODIFIEDBY><RECMODIFIEDON>2022-08-11T08:16:36-03:00</RECMODIFIEDON></MGISCOMPL><MGISCOMPL><CODCOLIGADA>51</CODCOLIGADA><IDPRJ>1</IDPRJ><IDGIS>23183</IDGIS><RECCREATEDBY>Juliana</RECCREATEDBY><RECCREATEDON>2013-02-18T11:04:55-03:00</RECCREATEDON><RECMODIFIEDBY>danilo.custodio</RECMODIFIEDBY><RECMODIFIEDON>2022-08-11T08:16:36-03:00</RECMODIFIEDON></MGISCOMPL><MGISCOMPL><CODCOLIGADA>51</CODCOLIGADA><IDPRJ>1</IDPRJ><IDGIS>23184</IDGIS><RECCREATEDBY>Sandra.ramos</RECCREATEDBY><RECCREATEDON>2015-04-23T11:47:06-03:00</RECCREATEDON><RECMODIFIEDBY>danilo.custodio</RECMODIFIEDBY><RECMODIFIEDON>2022-08-11T08:16:36-03:00</RECMODIFIEDON></MGISCOMPL><MGISCOMPL><CODCOLIGADA>51</CODCOLIGADA><IDPRJ>1</IDPRJ><IDGIS>23185</IDGIS><RECCREATEDBY>Juliana</RECCREATEDBY><RECCREATEDON>2014-08-04T17:45:17-03:00</RECCREATEDON><RECMODIFIEDBY>danilo.custodio</RECMODIFIEDBY><RECMODIFIEDON>2022-08-11T08:16:36-03:00</RECMODIFIEDON></MGISCOMPL><MGISCOMPL><CODCOLIGADA>51</CODCOLIGADA><IDPRJ>1</IDPRJ><IDGIS>23186</IDGIS><RECCREATEDBY>Juliana</RECCREATEDBY><RECCREATEDON>2014-01-03T18:17:32-03:00</RECCREATEDON><RECMODIFIEDBY>danilo.custodio</RECMODIFIEDBY><RECMODIFIEDON>2022-08-11T08:16:36-03:00</RECMODIFIEDON></MGISCOMPL><MGISCOMPL><CODCOLIGADA>51</CODCOLIGADA><IDPRJ>1</IDPRJ><IDGIS>23187</IDGIS><RECCREATEDBY>Juliana</RECCREATEDBY><RECCREATEDON>2013-02-18T11:06:08-03:00</RECCREATEDON><RECMODIFIEDBY>danilo.custodio</RECMODIFIEDBY><RECMODIFIEDON>2022-08-11T08:16:36-03:00</RECMODIFIEDON></MGISCOMPL><MGISCOMPL><CODCOLIGADA>51</CODCOLIGADA><IDPRJ>1</IDPRJ><IDGIS>23188</IDGIS><RECCREATEDBY>Juliana</RECCREATEDBY><RECCREATEDON>2013-02-18T11:06:32-03:00</RECCREATEDON><RECMODIFIEDBY>danilo.custodio</RECMODIFIEDBY><RECMODIFIEDON>2022-08-11T08:16:36-03:00</RECMODIFIEDON></MGISCOMPL><MGISCOMPL><CODCOLIGADA>51</CODCOLIGADA><IDPRJ>1</IDPRJ><IDGIS>23189</IDGIS><RECCREATEDBY>adria.soares</RECCREATEDBY><RECCREATEDON>2014-04-22T09:29:17-03:00</RECCREATEDON><RECMODIFIEDBY>danilo.custodio</RECMODIFIEDBY><RECMODIFIEDON>2022-08-11T08:16:36-03:00</RECMODIFIEDON></MGISCOMPL><MGISCOMPL><CODCOLIGADA>51</CODCOLIGADA><IDPRJ>1</IDPRJ><IDGIS>23190</IDGIS><RECCREATEDBY>Juliana</RECCREATEDBY><RECCREATEDON>2013-02-18T11:04:51-03:00</RECCREATEDON><RECMODIFIEDBY>danilo.custodio</RECMODIFIEDBY><RECMODIFIEDON>2022-08-11T08:16:36-03:00</RECMODIFIEDON></MGISCOMPL><MGISCOMPL><CODCOLIGADA>51</CODCOLIGADA><IDPRJ>1</IDPRJ><IDGIS>23191</IDGIS><RECCREATEDBY>Juliana</RECCREATEDBY><RECCREATEDON>2013-02-18T11:04:44-03:00</RECCREATEDON><RECMODIFIEDBY>danilo.custodio</RECMODIFIEDBY><RECMODIFIEDON>2022-08-11T08:16:36-03:00</RECMODIFIEDON></MGISCOMPL><MGISCOMPL><CODCOLIGADA>51</CODCOLIGADA><IDPRJ>1</IDPRJ><IDGIS>23192</IDGIS><RECCREATEDBY>Juliana</RECCREATEDBY><RECCREATEDON>2013-02-18T11:05:09-03:00</RECCREATEDON><RECMODIFIEDBY>danilo.custodio</RECMODIFIEDBY><RECMODIFIEDON>2022-08-11T08:16:36-03:00</RECMODIFIEDON></MGISCOMPL><MGISCOMPL><CODCOLIGADA>51</CODCOLIGADA><IDPRJ>1</IDPRJ><IDGIS>23193</IDGIS><RECCREATEDBY>Juliana</RECCREATEDBY><RECCREATEDON>2015-06-01T17:46:42-03:00</RECCREATEDON><RECMODIFIEDBY>danilo.custodio</RECMODIFIEDBY><RECMODIFIEDON>2022-08-11T08:16:37-03:00</RECMODIFIEDON></MGISCOMPL><MGISCOMPL><CODCOLIGADA>51</CODCOLIGADA><IDPRJ>1</IDPRJ><IDGIS>23194</IDGIS><RECCREATEDBY>Juliana</RECCREATEDBY><RECCREATEDON>2013-02-18T11:04:47-03:00</RECCREATEDON><RECMODIFIEDBY>danilo.custodio</RECMODIFIEDBY><RECMODIFIEDON>2022-08-11T08:16:37-03:00</RECMODIFIEDON></MGISCOMPL><MGISCOMPL><CODCOLIGADA>51</CODCOLIGADA><IDPRJ>1</IDPRJ><IDGIS>23195</IDGIS><RECCREATEDBY>Juliana</RECCREATEDBY><RECCREATEDON>2013-02-18T11:04:49-03:00</RECCREATEDON><RECMODIFIEDBY>danilo.custodio</RECMODIFIEDBY><RECMODIFIEDON>2022-08-11T08:16:37-03:00</RECMODIFIEDON></MGISCOMPL><MGISCOMPL><CODCOLIGADA>51</CODCOLIGADA><IDPRJ>1</IDPRJ><IDGIS>23196</IDGIS><RECCREATEDBY>Sandra.ramos</RECCREATEDBY><RECCREATEDON>2014-01-29T17:29:00-03:00</RECCREATEDON><RECMODIFIEDBY>danilo.custodio</RECMODIFIEDBY><RECMODIFIEDON>2022-08-11T08:16:37-03:00</RECMODIFIEDON></MGISCOMPL><MGISCOMPL><CODCOLIGADA>51</CODCOLIGADA><IDPRJ>1</IDPRJ><IDGIS>23197</IDGIS><RECCREATEDBY>Juliana</RECCREATEDBY><RECCREATEDON>2016-02-17T16:06:01-03:00</RECCREATEDON><RECMODIFIEDBY>danilo.custodio</RECMODIFIEDBY><RECMODIFIEDON>2022-08-11T08:16:37-03:00</RECMODIFIEDON></MGISCOMPL><MGISCOMPL><CODCOLIGADA>51</CODCOLIGADA><IDPRJ>1</IDPRJ><IDGIS>23198</IDGIS><RECCREATEDBY>danilo.custodio</RECCREATEDBY><RECCREATEDON>2015-04-23T17:34:38-03:00</RECCREATEDON><RECMODIFIEDBY>danilo.custodio</RECMODIFIEDBY><RECMODIFIEDON>2022-08-11T08:16:37-03:00</RECMODIFIEDON></MGISCOMPL><MGISCOMPL><CODCOLIGADA>51</CODCOLIGADA><IDPRJ>1</IDPRJ><IDGIS>23199</IDGIS><RECCREATEDBY>danilo.custodio</RECCREATEDBY><RECCREATEDON>2015-10-01T08:44:17-03:00</RECCREATEDON><RECMODIFIEDBY>danilo.custodio</RECMODIFIEDBY><RECMODIFIEDON>2022-08-11T08:16:37-03:00</RECMODIFIEDON></MGISCOMPL><MGISCOMPL><CODCOLIGADA>51</CODCOLIGADA><IDPRJ>1</IDPRJ><IDGIS>23200</IDGIS><RECCREATEDBY>barbara.marcolino</RECCREATEDBY><RECCREATEDON>2014-04-28T16:28:35-03:00</RECCREATEDON><RECMODIFIEDBY>danilo.custodio</RECMODIFIEDBY><RECMODIFIEDON>2022-08-11T08:16:37-03:00</RECMODIFIEDON></MGISCOMPL><MGISCOMPL><CODCOLIGADA>51</CODCOLIGADA><IDPRJ>1</IDPRJ><IDGIS>23201</IDGIS><RECCREATEDBY>Juliana</RECCREATEDBY><RECCREATEDON>2013-02-18T11:06:24-03:00</RECCREATEDON><RECMODIFIEDBY>danilo.custodio</RECMODIFIEDBY><RECMODIFIEDON>2022-08-11T08:16:37-03:00</RECMODIFIEDON></MGISCOMPL><MGISCOMPL><CODCOLIGADA>51</CODCOLIGADA><IDPRJ>1</IDPRJ><IDGIS>23202</IDGIS><RECCREATEDBY>Juliana</RECCREATEDBY><RECCREATEDON>2013-04-23T11:19:06-03:00</RECCREATEDON><RECMODIFIEDBY>danilo.custodio</RECMODIFIEDBY><RECMODIFIEDON>2022-08-11T08:16:37-03:00</RECMODIFIEDON></MGISCOMPL><MGISCOMPL><CODCOLIGADA>51</CODCOLIGADA><IDPRJ>1</IDPRJ><IDGIS>23203</IDGIS><RECCREATEDBY>danilo.custodio</RECCREATEDBY><RECCREATEDON>2015-09-08T09:30:10-03:00</RECCREATEDON><RECMODIFIEDBY>danilo.custodio</RECMODIFIEDBY><RECMODIFIEDON>2022-08-11T08:16:37-03:00</RECMODIFIEDON></MGISCOMPL><MGISCOMPL><CODCOLIGADA>51</CODCOLIGADA><IDPRJ>1</IDPRJ><IDGIS>23204</IDGIS><RECCREATEDBY>Juliana</RECCREATEDBY><RECCREATEDON>2013-02-18T11:04:55-03:00</RECCREATEDON><RECMODIFIEDBY>danilo.custodio</RECMODIFIEDBY><RECMODIFIEDON>2022-08-11T08:16:37-03:00</RECMODIFIEDON></MGISCOMPL><MGISCOMPL><CODCOLIGADA>51</CODCOLIGADA><IDPRJ>1</IDPRJ><IDGIS>23205</IDGIS><RECCREATEDBY>Juliana</RECCREATEDBY><RECCREATEDON>2013-02-18T11:05:07-03:00</RECCREATEDON><RECMODIFIEDBY>danilo.custodio</RECMODIFIEDBY><RECMODIFIEDON>2022-08-11T08:16:37-03:00</RECMODIFIEDON></MGISCOMPL><MGISCOMPL><CODCOLIGADA>51</CODCOLIGADA><IDPRJ>1</IDPRJ><IDGIS>23206</IDGIS><RECCREATEDBY>Juliana</RECCREATEDBY><RECCREATEDON>2014-01-03T17:53:47-03:00</RECCREATEDON><RECMODIFIEDBY>danilo.custodio</RECMODIFIEDBY><RECMODIFIEDON>2022-08-11T08:16:37-03:00</RECMODIFIEDON></MGISCOMPL><MGISCOMPL><CODCOLIGADA>51</CODCOLIGADA><IDPRJ>1</IDPRJ><IDGIS>23207</IDGIS><RECCREATEDBY>Juliana</RECCREATEDBY><RECCREATEDON>2013-02-18T11:04:41-03:00</RECCREATEDON><RECMODIFIEDBY>danilo.custodio</RECMODIFIEDBY><RECMODIFIEDON>2022-08-11T08:16:37-03:00</RECMODIFIEDON></MGISCOMPL><MGISCOMPL><CODCOLIGADA>51</CODCOLIGADA><IDPRJ>1</IDPRJ><IDGIS>23208</IDGIS><RECCREATEDBY>Juliana</RECCREATEDBY><RECCREATEDON>2013-02-18T11:04:54-03:00</RECCREATEDON><RECMODIFIEDBY>danilo.custodio</RECMODIFIEDBY><RECMODIFIEDON>2022-08-11T08:19:00-03:00</RECMODIFIEDON></MGISCOMPL><MGISCOMPL><CODCOLIGADA>51</CODCOLIGADA><IDPRJ>1</IDPRJ><IDGIS>23209</IDGIS><RECCREATEDBY>danilo.custodio</RECCREATEDBY><RECCREATEDON>2015-09-09T16:09:54-03:00</RECCREATEDON><RECMODIFIEDBY>danilo.custodio</RECMODIFIEDBY><RECMODIFIEDON>2022-08-11T08:19:00-03:00</RECMODIFIEDON></MGISCOMPL><MGISCOMPL><CODCOLIGADA>51</CODCOLIGADA><IDPRJ>1</IDPRJ><IDGIS>23210</IDGIS><RECCREATEDBY>adria.soares</RECCREATEDBY><RECCREATEDON>2014-04-22T09:29:59-03:00</RECCREATEDON><RECMODIFIEDBY>danilo.custodio</RECMODIFIEDBY><RECMODIFIEDON>2022-08-11T08:19:00-03:00</RECMODIFIEDON></MGISCOMPL><MGISCOMPL><CODCOLIGADA>51</CODCOLIGADA><IDPRJ>1</IDPRJ><IDGIS>23211</IDGIS><RECCREATEDBY>Juliana</RECCREATEDBY><RECCREATEDON>2013-09-16T18:10:31-03:00</RECCREATEDON><RECMODIFIEDBY>danilo.custodio</RECMODIFIEDBY><RECMODIFIEDON>2022-08-11T08:19:01-03:00</RECMODIFIEDON></MGISCOMPL><MGISCOMPL><CODCOLIGADA>51</CODCOLIGADA><IDPRJ>1</IDPRJ><IDGIS>23212</IDGIS><RECCREATEDBY>Juliana</RECCREATEDBY><RECCREATEDON>2014-10-02T17:43:57-03:00</RECCREATEDON><RECMODIFIEDBY>danilo.custodio</RECMODIFIEDBY><RECMODIFIEDON>2022-08-11T08:19:01-03:00</RECMODIFIEDON></MGISCOMPL><MGISCOMPL><CODCOLIGADA>51</CODCOLIGADA><IDPRJ>1</IDPRJ><IDGIS>23213</IDGIS><RECCREATEDBY>danilo.custodio</RECCREATEDBY><RECCREATEDON>2015-09-09T16:09:07-03:00</RECCREATEDON><RECMODIFIEDBY>danilo.custodio</RECMODIFIEDBY><RECMODIFIEDON>2022-08-11T08:19:01-03:00</RECMODIFIEDON></MGISCOMPL><MGISCOMPL><CODCOLIGADA>51</CODCOLIGADA><IDPRJ>1</IDPRJ><IDGIS>23214</IDGIS><RECCREATEDBY>barbara.marcolino</RECCREATEDBY><RECCREATEDON>2014-05-08T16:41:41-03:00</RECCREATEDON><RECMODIFIEDBY>danilo.custodio</RECMODIFIEDBY><RECMODIFIEDON>2022-08-11T08:19:01-03:00</RECMODIFIEDON></MGISCOMPL><MGISCOMPL><CODCOLIGADA>51</CODCOLIGADA><IDPRJ>1</IDPRJ><IDGIS>23215</IDGIS><RECCREATEDBY>Juliana</RECCREATEDBY><RECCREATEDON>2013-09-19T16:33:03-03:00</RECCREATEDON><RECMODIFIEDBY>danilo.custodio</RECMODIFIEDBY><RECMODIFIEDON>2022-08-11T08:19:01-03:00</RECMODIFIEDON></MGISCOMPL><MGISCOMPL><CODCOLIGADA>51</CODCOLIGADA><IDPRJ>1</IDPRJ><IDGIS>23216</IDGIS><RECCREATEDBY>Juliana</RECCREATEDBY><RECCREATEDON>2013-02-18T11:05:27-03:00</RECCREATEDON><RECMODIFIEDBY>danilo.custodio</RECMODIFIEDBY><RECMODIFIEDON>2022-08-11T08:19:01-03:00</RECMODIFIEDON></MGISCOMPL><MGISCOMPL><CODCOLIGADA>51</CODCOLIGADA><IDPRJ>1</IDPRJ><IDGIS>23217</IDGIS><RECCREATEDBY>Juliana</RECCREATEDBY><RECCREATEDON>2013-02-18T11:04:58-03:00</RECCREATEDON><RECMODIFIEDBY>danilo.custodio</RECMODIFIEDBY><RECMODIFIEDON>2022-08-11T08:19:01-03:00</RECMODIFIEDON></MGISCOMPL><MGISCOMPL><CODCOLIGADA>51</CODCOLIGADA><IDPRJ>1</IDPRJ><IDGIS>23218</IDGIS><RECCREATEDBY>Juliana</RECCREATEDBY><RECCREATEDON>2013-02-18T11:11:03-03:00</RECCREATEDON><RECMODIFIEDBY>danilo.custodio</RECMODIFIEDBY><RECMODIFIEDON>2022-08-11T08:19:01-03:00</RECMODIFIEDON></MGISCOMPL><MGISCOMPL><CODCOLIGADA>51</CODCOLIGADA><IDPRJ>1</IDPRJ><IDGIS>23219</IDGIS><RECCREATEDBY>Juliana</RECCREATEDBY><RECCREATEDON>2013-02-18T11:11:01-03:00</RECCREATEDON><RECMODIFIEDBY>danilo.custodio</RECMODIFIEDBY><RECMODIFIEDON>2022-08-11T08:19:01-03:00</RECMODIFIEDON></MGISCOMPL><MGISCOMPL><CODCOLIGADA>51</CODCOLIGADA><IDPRJ>1</IDPRJ><IDGIS>23220</IDGIS><RECCREATEDBY>Juliana</RECCREATEDBY><RECCREATEDON>2015-09-23T14:37:59-03:00</RECCREATEDON><RECMODIFIEDBY>danilo.custodio</RECMODIFIEDBY><RECMODIFIEDON>2022-08-11T08:19:01-03:00</RECMODIFIEDON></MGISCOMPL><MGISCOMPL><CODCOLIGADA>51</CODCOLIGADA><IDPRJ>1</IDPRJ><IDGIS>23221</IDGIS><RECCREATEDBY>barbara.marcolino</RECCREATEDBY><RECCREATEDON>2013-09-13T11:11:59-03:00</RECCREATEDON><RECMODIFIEDBY>danilo.custodio</RECMODIFIEDBY><RECMODIFIEDON>2022-08-11T08:19:01-03:00</RECMODIFIEDON></MGISCOMPL><MGISCOMPL><CODCOLIGADA>51</CODCOLIGADA><IDPRJ>1</IDPRJ><IDGIS>23222</IDGIS><RECCREATEDBY>Juliana</RECCREATEDBY><RECCREATEDON>2013-02-18T11:05:33-03:00</RECCREATEDON><RECMODIFIEDBY>danilo.custodio</RECMODIFIEDBY><RECMODIFIEDON>2022-08-11T08:19:01-03:00</RECMODIFIEDON></MGISCOMPL><MGISCOMPL><CODCOLIGADA>51</CODCOLIGADA><IDPRJ>1</IDPRJ><IDGIS>23223</IDGIS><RECCREATEDBY>gabriel.lara</RECCREATEDBY><RECCREATEDON>2019-12-17T15:10:20-03:00</RECCREATEDON><RECMODIFIEDBY>danilo.custodio</RECMODIFIEDBY><RECMODIFIEDON>2022-08-11T08:19:01-03:00</RECMODIFIEDON></MGISCOMPL><MGISCOMPL><CODCOLIGADA>51</CODCOLIGADA><IDPRJ>1</IDPRJ><IDGIS>23224</IDGIS><RECCREATEDBY>Juliana</RECCREATEDBY><RECCREATEDON>2013-02-18T11:06:01-03:00</RECCREATEDON><RECMODIFIEDBY>danilo.custodio</RECMODIFIEDBY><RECMODIFIEDON>2022-08-11T08:19:01-03:00</RECMODIFIEDON></MGISCOMPL><MGISCOMPL><CODCOLIGADA>51</CODCOLIGADA><IDPRJ>1</IDPRJ><IDGIS>23225</IDGIS><RECCREATEDBY>barbara.marcolino</RECCREATEDBY><RECCREATEDON>2013-03-11T16:47:21-03:00</RECCREATEDON><RECMODIFIEDBY>danilo.custodio</RECMODIFIEDBY><RECMODIFIEDON>2022-08-11T08:19:01-03:00</RECMODIFIEDON></MGISCOMPL><MGISCOMPL><CODCOLIGADA>51</CODCOLIGADA><IDPRJ>1</IDPRJ><IDGIS>23226</IDGIS><RECCREATEDBY>barbara.marcolino</RECCREATEDBY><RECCREATEDON>2013-03-11T16:47:21-03:00</RECCREATEDON><RECMODIFIEDBY>danilo.custodio</RECMODIFIEDBY><RECMODIFIEDON>2022-08-11T08:19:01-03:00</RECMODIFIEDON></MGISCOMPL><MGISCOMPL><CODCOLIGADA>51</CODCOLIGADA><IDPRJ>1</IDPRJ><IDGIS>23227</IDGIS><RECCREATEDBY>Sandra.ramos</RECCREATEDBY><RECCREATEDON>2014-09-30T11:51:30-03:00</RECCREATEDON><RECMODIFIEDBY>danilo.custodio</RECMODIFIEDBY><RECMODIFIEDON>2022-08-11T08:19:01-03:00</RECMODIFIEDON></MGISCOMPL><MGISCOMPL><CODCOLIGADA>51</CODCOLIGADA><IDPRJ>1</IDPRJ><IDGIS>23228</IDGIS><RECCREATEDBY>Juliana</RECCREATEDBY><RECCREATEDON>2013-02-18T11:04:38-03:00</RECCREATEDON><RECMODIFIEDBY>danilo.custodio</RECMODIFIEDBY><RECMODIFIEDON>2022-08-11T08:19:01-03:00</RECMODIFIEDON></MGISCOMPL><MGISCOMPL><CODCOLIGADA>51</CODCOLIGADA><IDPRJ>1</IDPRJ><IDGIS>23229</IDGIS><RECCREATEDBY>Juliana</RECCREATEDBY><RECCREATEDON>2013-02-18T11:04:45-03:00</RECCREATEDON><RECMODIFIEDBY>danilo.custodio</RECMODIFIEDBY><RECMODIFIEDON>2022-08-11T08:19:01-03:00</RECMODIFIEDON></MGISCOMPL><MGISCOMPL><CODCOLIGADA>51</CODCOLIGADA><IDPRJ>1</IDPRJ><IDGIS>23230</IDGIS><RECCREATEDBY>Juliana</RECCREATEDBY><RECCREATEDON>2013-02-18T11:05:39-03:00</RECCREATEDON><RECMODIFIEDBY>danilo.custodio</RECMODIFIEDBY><RECMODIFIEDON>2022-08-11T08:19:01-03:00</RECMODIFIEDON></MGISCOMPL><MGISCOMPL><CODCOLIGADA>51</CODCOLIGADA><IDPRJ>1</IDPRJ><IDGIS>23231</IDGIS><RECCREATEDBY>Juliana</RECCREATEDBY><RECCREATEDON>2012-06-13T08:52:29-03:00</RECCREATEDON><RECMODIFIEDBY>danilo.custodio</RECMODIFIEDBY><RECMODIFIEDON>2022-08-11T08:19:01-03:00</RECMODIFIEDON></MGISCOMPL><MGISCOMPL><CODCOLIGADA>51</CODCOLIGADA><IDPRJ>1</IDPRJ><IDGIS>23232</IDGIS><RECCREATEDBY>Sandra.ramos</RECCREATEDBY><RECCREATEDON>2015-04-22T16:56:49-03:00</RECCREATEDON><RECMODIFIEDBY>danilo.custodio</RECMODIFIEDBY><RECMODIFIEDON>2022-08-11T08:19:02-03:00</RECMODIFIEDON></MGISCOMPL><MGISCOMPL><CODCOLIGADA>51</CODCOLIGADA><IDPRJ>1</IDPRJ><IDGIS>23233</IDGIS><RECCREATEDBY>danilo.custodio</RECCREATEDBY><RECCREATEDON>2018-07-10T17:05:29-03:00</RECCREATEDON><RECMODIFIEDBY>danilo.custodio</RECMODIFIEDBY><RECMODIFIEDON>2022-08-11T08:19:02-03:00</RECMODIFIEDON></MGISCOMPL><MGISCOMPL><CODCOLIGADA>51</CODCOLIGADA><IDPRJ>1</IDPRJ><IDGIS>23234</IDGIS><RECCREATEDBY>Juliana</RECCREATEDBY><RECCREATEDON>2013-02-18T11:05:17-03:00</RECCREATEDON><RECMODIFIEDBY>danilo.custodio</RECMODIFIEDBY><RECMODIFIEDON>2022-08-11T08:19:02-03:00</RECMODIFIEDON></MGISCOMPL><MGISCOMPL><CODCOLIGADA>51</CODCOLIGADA><IDPRJ>1</IDPRJ><IDGIS>23235</IDGIS><RECCREATEDBY>gabriel.lara</RECCREATEDBY><RECCREATEDON>2019-12-18T13:29:51-03:00</RECCREATEDON><RECMODIFIEDBY>danilo.custodio</RECMODIFIEDBY><RECMODIFIEDON>2022-08-11T08:19:02-03:00</RECMODIFIEDON></MGISCOMPL><MGISCOMPL><CODCOLIGADA>51</CODCOLIGADA><IDPRJ>1</IDPRJ><IDGIS>23236</IDGIS><RECCREATEDBY>Juliana</RECCREATEDBY><RECCREATEDON>2013-02-18T11:07:28-03:00</RECCREATEDON><RECMODIFIEDBY>danilo.custodio</RECMODIFIEDBY><RECMODIFIEDON>2022-08-11T08:19:02-03:00</RECMODIFIEDON></MGISCOMPL><MGISCOMPL><CODCOLIGADA>51</CODCOLIGADA><IDPRJ>1</IDPRJ><IDGIS>23237</IDGIS><RECCREATEDBY>Juliana</RECCREATEDBY><RECCREATEDON>2013-02-18T11:07:34-03:00</RECCREATEDON><RECMODIFIEDBY>danilo.custodio</RECMODIFIEDBY><RECMODIFIEDON>2022-08-11T08:19:02-03:00</RECMODIFIEDON></MGISCOMPL><MGISCOMPL><CODCOLIGADA>51</CODCOLIGADA><IDPRJ>1</IDPRJ><IDGIS>23238</IDGIS><RECCREATEDBY>Juliana</RECCREATEDBY><RECCREATEDON>2012-06-13T08:52:28-03:00</RECCREATEDON><RECMODIFIEDBY>danilo.custodio</RECMODIFIEDBY><RECMODIFIEDON>2022-08-11T08:19:02-03:00</RECMODIFIEDON></MGISCOMPL><MGISCOMPL><CODCOLIGADA>51</CODCOLIGADA><IDPRJ>1</IDPRJ><IDGIS>23239</IDGIS><RECCREATEDBY>Juliana</RECCREATEDBY><RECCREATEDON>2013-02-18T11:07:18-03:00</RECCREATEDON><RECMODIFIEDBY>danilo.custodio</RECMODIFIEDBY><RECMODIFIEDON>2022-08-11T08:19:02-03:00</RECMODIFIEDON></MGISCOMPL><MGISCOMPL><CODCOLIGADA>51</CODCOLIGADA><IDPRJ>1</IDPRJ><IDGIS>23240</IDGIS><RECCREATEDBY>danilo.custodio</RECCREATEDBY><RECCREATEDON>2016-05-17T15:18:24-03:00</RECCREATEDON><RECMODIFIEDBY>danilo.custodio</RECMODIFIEDBY><RECMODIFIEDON>2022-08-11T08:19:02-03:00</RECMODIFIEDON></MGISCOMPL><MGISCOMPL><CODCOLIGADA>51</CODCOLIGADA><IDPRJ>1</IDPRJ><IDGIS>23241</IDGIS><RECCREATEDBY>Juliana</RECCREATEDBY><RECCREATEDON>2013-02-18T11:07:32-03:00</RECCREATEDON><RECMODIFIEDBY>danilo.custodio</RECMODIFIEDBY><RECMODIFIEDON>2022-08-11T08:19:02-03:00</RECMODIFIEDON></MGISCOMPL><MGISCOMPL><CODCOLIGADA>51</CODCOLIGADA><IDPRJ>1</IDPRJ><IDGIS>23242</IDGIS><RECCREATEDBY>Juliana</RECCREATEDBY><RECCREATEDON>2013-02-18T11:04:48-03:00</RECCREATEDON><RECMODIFIEDBY>danilo.custodio</RECMODIFIEDBY><RECMODIFIEDON>2022-08-11T08:19:02-03:00</RECMODIFIEDON></MGISCOMPL><MGISCOMPL><CODCOLIGADA>51</CODCOLIGADA><IDPRJ>1</IDPRJ><IDGIS>23243</IDGIS><RECCREATEDBY>Juliana</RECCREATEDBY><RECCREATEDON>2013-02-18T11:04:42-03:00</RECCREATEDON><RECMODIFIEDBY>danilo.custodio</RECMODIFIEDBY><RECMODIFIEDON>2022-08-11T08:19:02-03:00</RECMODIFIEDON></MGISCOMPL><MGISCOMPL><CODCOLIGADA>51</CODCOLIGADA><IDPRJ>1</IDPRJ><IDGIS>23244</IDGIS><RECCREATEDBY>Juliana</RECCREATEDBY><RECCREATEDON>2013-01-16T15:49:28-03:00</RECCREATEDON><RECMODIFIEDBY>danilo.custodio</RECMODIFIEDBY><RECMODIFIEDON>2022-08-11T08:19:03-03:00</RECMODIFIEDON></MGISCOMPL><MGISCOMPL><CODCOLIGADA>51</CODCOLIGADA><IDPRJ>1</IDPRJ><IDGIS>23245</IDGIS><RECCREATEDBY>Juliana</RECCREATEDBY><RECCREATEDON>2013-02-18T11:06:26-03:00</RECCREATEDON><RECMODIFIEDBY>danilo.custodio</RECMODIFIEDBY><RECMODIFIEDON>2022-08-11T08:19:03-03:00</RECMODIFIEDON></MGISCOMPL><MGISCOMPL><CODCOLIGADA>51</CODCOLIGADA><IDPRJ>1</IDPRJ><IDGIS>23246</IDGIS><RECCREATEDBY>danilo.custodio</RECCREATEDBY><RECCREATEDON>2015-09-09T11:57:58-03:00</RECCREATEDON><RECMODIFIEDBY>danilo.custodio</RECMODIFIEDBY><RECMODIFIEDON>2022-08-11T08:19:03-03:00</RECMODIFIEDON></MGISCOMPL><MGISCOMPL><CODCOLIGADA>51</CODCOLIGADA><IDPRJ>1</IDPRJ><IDGIS>23247</IDGIS><RECCREATEDBY>danilo.custodio</RECCREATEDBY><RECCREATEDON>2019-12-19T15:44:21-03:00</RECCREATEDON><RECMODIFIEDBY>danilo.custodio</RECMODIFIEDBY><RECMODIFIEDON>2022-08-11T08:19:05-03:00</RECMODIFIEDON></MGISCOMPL><MGISCOMPL><CODCOLIGADA>51</CODCOLIGADA><IDPRJ>1</IDPRJ><IDGIS>23248</IDGIS><RECCREATEDBY>gabriel.lara</RECCREATEDBY><RECCREATEDON>2020-02-04T15:37:04-03:00</RECCREATEDON><RECMODIFIEDBY>danilo.custodio</RECMODIFIEDBY><RECMODIFIEDON>2022-08-11T08:19:06-03:00</RECMODIFIEDON></MGISCOMPL><MGISCOMPL><CODCOLIGADA>51</CODCOLIGADA><IDPRJ>1</IDPRJ><IDGIS>23249</IDGIS><RECCREATEDBY>vitoria.cota</RECCREATEDBY><RECCREATEDON>2021-08-17T10:51:50-03:00</RECCREATEDON><RECMODIFIEDBY>danilo.custodio</RECMODIFIEDBY><RECMODIFIEDON>2022-08-11T08:19:06-03:00</RECMODIFIEDON></MGISCOMPL><MGISCOMPL><CODCOLIGADA>51</CODCOLIGADA><IDPRJ>1</IDPRJ><IDGIS>23250</IDGIS><RECCREATEDBY>Juliana</RECCREATEDBY><RECCREATEDON>2013-04-05T17:36:40-03:00</RECCREATEDON><RECMODIFIEDBY>danilo.custodio</RECMODIFIEDBY><RECMODIFIEDON>2022-08-11T08:19:06-03:00</RECMODIFIEDON></MGISCOMPL><MGISCOMPL><CODCOLIGADA>51</CODCOLIGADA><IDPRJ>1</IDPRJ><IDGIS>23251</IDGIS><RECCREATEDBY>Sandra.ramos</RECCREATEDBY><RECCREATEDON>2013-12-09T11:34:38-03:00</RECCREATEDON><RECMODIFIEDBY>danilo.custodio</RECMODIFIEDBY><RECMODIFIEDON>2022-08-11T08:19:07-03:00</RECMODIFIEDON></MGISCOMPL><MGISCOMPL><CODCOLIGADA>51</CODCOLIGADA><IDPRJ>1</IDPRJ><IDGIS>23252</IDGIS><RECCREATEDBY>Juliana</RECCREATEDBY><RECCREATEDON>2016-10-26T08:56:03-03:00</RECCREATEDON><RECMODIFIEDBY>danilo.custodio</RECMODIFIEDBY><RECMODIFIEDON>2022-08-11T08:19:07-03:00</RECMODIFIEDON></MGISCOMPL><MGISCOMPL><CODCOLIGADA>51</CODCOLIGADA><IDPRJ>1</IDPRJ><IDGIS>23253</IDGIS><RECCREATEDBY>Juliana</RECCREATEDBY><RECCREATEDON>2018-03-13T18:57:38-03:00</RECCREATEDON><RECMODIFIEDBY>danilo.custodio</RECMODIFIEDBY><RECMODIFIEDON>2022-08-11T08:19:07-03:00</RECMODIFIEDON></MGISCOMPL><MGISCOMPL><CODCOLIGADA>51</CODCOLIGADA><IDPRJ>1</IDPRJ><IDGIS>23254</IDGIS><RECCREATEDBY>gabriel.lara</RECCREATEDBY><RECCREATEDON>2020-12-11T16:53:02-03:00</RECCREATEDON><RECMODIFIEDBY>danilo.custodio</RECMODIFIEDBY><RECMODIFIEDON>2022-08-11T08:19:08-03:00</RECMODIFIEDON></MGISCOMPL><MGISCOMPL><CODCOLIGADA>51</CODCOLIGADA><IDPRJ>1</IDPRJ><IDGIS>24735</IDGIS><RECCREATEDBY>Juliana</RECCREATEDBY><RECCREATEDON>2013-02-18T11:07:31-03:00</RECCREATEDON><RECMODIFIEDBY>danilo.custodio</RECMODIFIEDBY><RECMODIFIEDON>2022-12-21T13:27:39-03:00</RECMODIFIEDON></MGISCOMPL><MGISCOMPL><CODCOLIGADA>51</CODCOLIGADA><IDPRJ>1</IDPRJ><IDGIS>24736</IDGIS><RECCREATEDBY>Juliana</RECCREATEDBY><RECCREATEDON>2013-06-13T09:05:45-03:00</RECCREATEDON><RECMODIFIEDBY>danilo.custodio</RECMODIFIEDBY><RECMODIFIEDON>2022-12-21T13:27:39-03:00</RECMODIFIEDON></MGISCOMPL><MGISCOMPL><CODCOLIGADA>51</CODCOLIGADA><IDPRJ>1</IDPRJ><IDGIS>24737</IDGIS><RECCREATEDBY>danilo.custodio</RECCREATEDBY><RECCREATEDON>2019-07-23T11:17:42-03:00</RECCREATEDON><RECMODIFIEDBY>danilo.custodio</RECMODIFIEDBY><RECMODIFIEDON>2022-12-21T13:27:39-03:00</RECMODIFIEDON></MGISCOMPL><MGISCOMPL><CODCOLIGADA>51</CODCOLIGADA><IDPRJ>1</IDPRJ><IDGIS>24738</IDGIS><RECCREATEDBY>Juliana</RECCREATEDBY><RECCREATEDON>2013-02-18T11:05:03-03:00</RECCREATEDON><RECMODIFIEDBY>danilo.custodio</RECMODIFIEDBY><RECMODIFIEDON>2022-12-21T13:27:40-03:00</RECMODIFIEDON></MGISCOMPL><MGISCOMPL><CODCOLIGADA>51</CODCOLIGADA><IDPRJ>1</IDPRJ><IDGIS>24739</IDGIS><RECCREATEDBY>barbara.marcolino</RECCREATEDBY><RECCREATEDON>2014-04-30T10:53:07-03:00</RECCREATEDON><RECMODIFIEDBY>danilo.custodio</RECMODIFIEDBY><RECMODIFIEDON>2023-01-04T13:11:09-03:00</RECMODIFIEDON></MGISCOMPL><MGISCOMPL><CODCOLIGADA>51</CODCOLIGADA><IDPRJ>1</IDPRJ><IDGIS>24740</IDGIS><RECCREATEDBY>danilo.custodio</RECCREATEDBY><RECCREATEDON>2019-05-07T17:26:19-03:00</RECCREATEDON><RECMODIFIEDBY>danilo.custodio</RECMODIFIEDBY><RECMODIFIEDON>2023-01-04T13:11:09-03:00</RECMODIFIEDON></MGISCOMPL><MGISCOMPL><CODCOLIGADA>51</CODCOLIGADA><IDPRJ>1</IDPRJ><IDGIS>24741</IDGIS><RECCREATEDBY>danilo.custodio</RECCREATEDBY><RECCREATEDON>2021-08-26T15:50:40-03:00</RECCREATEDON><RECMODIFIEDBY>danilo.custodio</RECMODIFIEDBY><RECMODIFIEDON>2023-01-04T13:11:09-03:00</RECMODIFIEDON></MGISCOMPL><MGISCOMPL><CODCOLIGADA>51</CODCOLIGADA><IDPRJ>1</IDPRJ><IDGIS>24742</IDGIS><RECCREATEDBY>danilo.custodio</RECCREATEDBY><RECCREATEDON>2019-04-01T11:23:33-03:00</RECCREATEDON><RECMODIFIEDBY>danilo.custodio</RECMODIFIEDBY><RECMODIFIEDON>2023-01-04T13:11:10-03:00</RECMODIFIEDON></MGISCOMPL><MGISCOMPL><CODCOLIGADA>51</CODCOLIGADA><IDPRJ>1</IDPRJ><IDGIS>24743</IDGIS><RECCREATEDBY>adria.soares</RECCREATEDBY><RECCREATEDON>2014-04-22T09:31:44-03:00</RECCREATEDON><RECMODIFIEDBY>danilo.custodio</RECMODIFIEDBY><RECMODIFIEDON>2023-01-04T13:11:11-03:00</RECMODIFIEDON></MGISCOMPL><MGISCOMPL><CODCOLIGADA>51</CODCOLIGADA><IDPRJ>1</IDPRJ><IDGIS>24744</IDGIS><RECCREATEDBY>Juliana</RECCREATEDBY><RECCREATEDON>2013-02-18T11:04:52-03:00</RECCREATEDON><RECMODIFIEDBY>danilo.custodio</RECMODIFIEDBY><RECMODIFIEDON>2023-01-05T08:30:32-03:00</RECMODIFIEDON></MGISCOMPL></NewDataSet>