﻿<NewDataSet><xs:schema id="NewDataSet" xmlns="" xmlns:xs="http://www.w3.org/2001/XMLSchema" xmlns:msdata="urn:schemas-microsoft-com:xml-msdata" xmlns:msprop="urn:schemas-microsoft-com:xml-msprop"><xs:element name="NewDataSet" msdata:IsDataSet="true" msdata:MainDataTable="MGIS" msdata:UseCurrentLocale="true"><xs:complexType><xs:choice minOccurs="0" maxOccurs="unbounded"><xs:element name="MGIS" msprop:_x0023__x0023_SQLFetch="00:00:00" msprop:_x0040_SQL="  SELECT * FROM MGIS (NOLOCK)   WHERE (CODCOLIGADA = 51) AND&#xD;&#xA;                                     ((IDPRJ = 1) OR (IDPRJ = 0))  "><xs:complexType><xs:sequence><xs:element name="CODCOLIGADA" type="xs:short" minOccurs="0" /><xs:element name="IDPRJ" type="xs:int" minOccurs="0" /><xs:element name="IDGIS" type="xs:int" minOccurs="0" /><xs:element name="CODGIS" type="xs:string" minOccurs="0" /><xs:element name="DESCGIS" type="xs:string" minOccurs="0" /><xs:element name="GRUPODNER" type="xs:string" minOccurs="0" /><xs:element name="BDI" type="xs:decimal" minOccurs="0" /><xs:element name="LEISOCIAL" type="xs:short" minOccurs="0" /><xs:element name="PERCSOBREGRPDNER" type="xs:string" minOccurs="0" /><xs:element name="CODISMINI" type="xs:string" minOccurs="0" /><xs:element name="CODISMFIM" type="xs:string" minOccurs="0" /><xs:element name="CODUNDDEFAULT" type="xs:string" minOccurs="0" /><xs:element name="CODCPG" type="xs:string" minOccurs="0" /><xs:element name="JORNADA" type="xs:decimal" minOccurs="0" /><xs:element name="PRAZORESSUP" type="xs:int" minOccurs="0" /><xs:element name="EQUALIZAVEL" type="xs:int" minOccurs="0" /><xs:element name="CODTBORCAMENTO" type="xs:string" minOccurs="0" /><xs:element name="RECCREATEDBY" type="xs:string" minOccurs="0" /><xs:element name="RECCREATEDON" type="xs:dateTime" minOccurs="0" /><xs:element name="RECMODIFIEDBY" type="xs:string" minOccurs="0" /><xs:element name="RECMODIFIEDON" type="xs:dateTime" minOccurs="0" /><xs:element name="CODCOLTBORCAMENTO" type="xs:short" minOccurs="0" /><xs:element name="IDGISPINI" type="xs:int" minOccurs="0" /><xs:element name="CODTBGRUPOORC" type="xs:string" minOccurs="0" /></xs:sequence></xs:complexType></xs:element></xs:choice></xs:complexType></xs:element></xs:schema><MGIS><CODCOLIGADA>51</CODCOLIGADA><IDPRJ>1</IDPRJ><IDGIS>23144</IDGIS><CODGIS>DICC</CODGIS><DESCGIS>MATERIAL ESCRITORIO</DESCGIS><GRUPODNER>A</GRUPODNER><BDI>1.00000000</BDI><LEISOCIAL>0</LEISOCIAL><EQUALIZAVEL>0</EQUALIZAVEL><RECCREATEDBY>Sandra.ramos</RECCREATEDBY><RECCREATEDON>2014-05-15T09:36:46-03:00</RECCREATEDON><RECMODIFIEDBY>izabela.almeida</RECMODIFIEDBY><RECMODIFIEDON>2023-03-28T13:50:34-03:00</RECMODIFIEDON></MGIS><MGIS><CODCOLIGADA>51</CODCOLIGADA><IDPRJ>1</IDPRJ><IDGIS>23145</IDGIS><CODGIS>ECOM</CODGIS><DESCGIS>COMPACTADOR</DESCGIS><GRUPODNER>A</GRUPODNER><BDI>1.00000000</BDI><LEISOCIAL>0</LEISOCIAL><CODISMINI>ECOM</CODISMINI><CODISMFIM>ECOM.999.999.9999</CODISMFIM><PRAZORESSUP>18</PRAZORESSUP><RECCREATEDBY>Juliana</RECCREATEDBY><RECCREATEDON>2013-02-18T11:04:40-03:00</RECCREATEDON><RECMODIFIEDBY>danilo.custodio</RECMODIFIEDBY><RECMODIFIEDON>2022-08-11T08:16:34-03:00</RECMODIFIEDON></MGIS><MGIS><CODCOLIGADA>51</CODCOLIGADA><IDPRJ>1</IDPRJ><IDGIS>23146</IDGIS><CODGIS>EDIS</CODGIS><DESCGIS>DISCO</DESCGIS><GRUPODNER>A</GRUPODNER><BDI>1.00000000</BDI><LEISOCIAL>0</LEISOCIAL><EQUALIZAVEL>0</EQUALIZAVEL><RECCREATEDBY>danilo.custodio</RECCREATEDBY><RECCREATEDON>2022-05-16T15:21:37-03:00</RECCREATEDON><RECMODIFIEDBY>danilo.custodio</RECMODIFIEDBY><RECMODIFIEDON>2022-08-11T08:16:34-03:00</RECMODIFIEDON></MGIS><MGIS><CODCOLIGADA>51</CODCOLIGADA><IDPRJ>1</IDPRJ><IDGIS>23147</IDGIS><CODGIS>FMOD</CODGIS><DESCGIS>MAO DE OBRA DIRETA</DESCGIS><GRUPODNER>B</GRUPODNER><BDI>1.00000000</BDI><LEISOCIAL>1</LEISOCIAL><CODISMINI>FMOD</CODISMINI><CODISMFIM>FMOD.999.999.9999</CODISMFIM><PRAZORESSUP>18</PRAZORESSUP><RECCREATEDBY>Juliana</RECCREATEDBY><RECCREATEDON>2013-02-18T11:04:37-03:00</RECCREATEDON><RECMODIFIEDBY>danilo.custodio</RECMODIFIEDBY><RECMODIFIEDON>2022-08-11T08:16:34-03:00</RECMODIFIEDON></MGIS><MGIS><CODCOLIGADA>51</CODCOLIGADA><IDPRJ>1</IDPRJ><IDGIS>23148</IDGIS><CODGIS>MACO</CODGIS><DESCGIS>AÇO ESTRUTURAL</DESCGIS><GRUPODNER>C</GRUPODNER><BDI>1.00000000</BDI><LEISOCIAL>0</LEISOCIAL><CODISMINI>MACO</CODISMINI><CODISMFIM>MACO.999.999.9999</CODISMFIM><CODUNDDEFAULT>KG</CODUNDDEFAULT><PRAZORESSUP>18</PRAZORESSUP><RECCREATEDBY>Juliana</RECCREATEDBY><RECCREATEDON>2013-02-18T11:04:50-03:00</RECCREATEDON><RECMODIFIEDBY>danilo.custodio</RECMODIFIEDBY><RECMODIFIEDON>2022-08-11T08:16:34-03:00</RECMODIFIEDON></MGIS><MGIS><CODCOLIGADA>51</CODCOLIGADA><IDPRJ>1</IDPRJ><IDGIS>23149</IDGIS><CODGIS>MADE</CODGIS><DESCGIS>MATERIAL ADESIVO</DESCGIS><GRUPODNER>C</GRUPODNER><BDI>1.00000000</BDI><LEISOCIAL>0</LEISOCIAL><EQUALIZAVEL>0</EQUALIZAVEL><RECCREATEDBY>danilo.custodio</RECCREATEDBY><RECCREATEDON>2019-04-26T17:35:44-03:00</RECCREATEDON><RECMODIFIEDBY>izabela.almeida</RECMODIFIEDBY><RECMODIFIEDON>2023-05-19T11:21:02-03:00</RECMODIFIEDON></MGIS><MGIS><CODCOLIGADA>51</CODCOLIGADA><IDPRJ>1</IDPRJ><IDGIS>23150</IDGIS><CODGIS>EFIN</CODGIS><DESCGIS>PISTOLA FINCA PINO</DESCGIS><GRUPODNER>A</GRUPODNER><BDI>1.00000000</BDI><LEISOCIAL>0</LEISOCIAL><PRAZORESSUP>18</PRAZORESSUP><EQUALIZAVEL>0</EQUALIZAVEL><RECCREATEDBY>barbara.marcolino</RECCREATEDBY><RECCREATEDON>2013-09-13T09:12:11-03:00</RECCREATEDON><RECMODIFIEDBY>danilo.custodio</RECMODIFIEDBY><RECMODIFIEDON>2022-08-11T08:16:34-03:00</RECMODIFIEDON></MGIS><MGIS><CODCOLIGADA>51</CODCOLIGADA><IDPRJ>1</IDPRJ><IDGIS>23151</IDGIS><CODGIS>MADI</CODGIS><DESCGIS>ADITIVO</DESCGIS><GRUPODNER>C</GRUPODNER><BDI>1.00000000</BDI><LEISOCIAL>0</LEISOCIAL><EQUALIZAVEL>0</EQUALIZAVEL><RECCREATEDBY>danilo.custodio</RECCREATEDBY><RECCREATEDON>2017-07-06T15:08:24-03:00</RECCREATEDON><RECMODIFIEDBY>izabela.almeida</RECMODIFIEDBY><RECMODIFIEDON>2023-05-19T11:20:29-03:00</RECMODIFIEDON></MGIS><MGIS><CODCOLIGADA>51</CODCOLIGADA><IDPRJ>1</IDPRJ><IDGIS>23152</IDGIS><CODGIS>MAND</CODGIS><DESCGIS>ANDAIME</DESCGIS><GRUPODNER>C</GRUPODNER><BDI>1.00000000</BDI><LEISOCIAL>0</LEISOCIAL><CODISMINI>MAND</CODISMINI><CODISMFIM>MAND.999.999.9999</CODISMFIM><PRAZORESSUP>0</PRAZORESSUP><RECCREATEDBY>Juliana</RECCREATEDBY><RECCREATEDON>2013-02-18T11:07:36-03:00</RECCREATEDON><RECMODIFIEDBY>danilo.custodio</RECMODIFIEDBY><RECMODIFIEDON>2022-08-11T08:16:34-03:00</RECMODIFIEDON></MGIS><MGIS><CODCOLIGADA>51</CODCOLIGADA><IDPRJ>1</IDPRJ><IDGIS>23153</IDGIS><CODGIS>MARD</CODGIS><DESCGIS>ARDOSIA</DESCGIS><GRUPODNER>C</GRUPODNER><BDI>1.00000000</BDI><LEISOCIAL>0</LEISOCIAL><CODISMINI>MARD</CODISMINI><CODISMFIM>MARD.999.999.9999</CODISMFIM><PRAZORESSUP>18</PRAZORESSUP><RECCREATEDBY>Juliana</RECCREATEDBY><RECCREATEDON>2013-02-18T11:06:29-03:00</RECCREATEDON><RECMODIFIEDBY>danilo.custodio</RECMODIFIEDBY><RECMODIFIEDON>2022-08-11T08:16:35-03:00</RECMODIFIEDON></MGIS><MGIS><CODCOLIGADA>51</CODCOLIGADA><IDPRJ>1</IDPRJ><IDGIS>23154</IDGIS><CODGIS>MARE</CODGIS><DESCGIS>AREIA
</DESCGIS><GRUPODNER>C</GRUPODNER><BDI>1.00000000</BDI><LEISOCIAL>0</LEISOCIAL><PRAZORESSUP>21</PRAZORESSUP><EQUALIZAVEL>0</EQUALIZAVEL><RECCREATEDBY>adria.soares</RECCREATEDBY><RECCREATEDON>2014-04-22T09:26:11-03:00</RECCREATEDON><RECMODIFIEDBY>danilo.custodio</RECMODIFIEDBY><RECMODIFIEDON>2022-08-11T08:16:35-03:00</RECMODIFIEDON></MGIS><MGIS><CODCOLIGADA>51</CODCOLIGADA><IDPRJ>1</IDPRJ><IDGIS>23155</IDGIS><CODGIS>MARG</CODGIS><DESCGIS>ARGAMASSA</DESCGIS><GRUPODNER>C</GRUPODNER><BDI>1.00000000</BDI><LEISOCIAL>0</LEISOCIAL><CODISMINI>MARG</CODISMINI><CODISMFIM>MARG.999.999.9999</CODISMFIM><PRAZORESSUP>21</PRAZORESSUP><RECCREATEDBY>Juliana</RECCREATEDBY><RECCREATEDON>2013-02-18T11:04:39-03:00</RECCREATEDON><RECMODIFIEDBY>danilo.custodio</RECMODIFIEDBY><RECMODIFIEDON>2022-08-11T08:16:35-03:00</RECMODIFIEDON></MGIS><MGIS><CODCOLIGADA>51</CODCOLIGADA><IDPRJ>1</IDPRJ><IDGIS>23156</IDGIS><CODGIS>MARP</CODGIS><DESCGIS>ARAME / PREGO</DESCGIS><GRUPODNER>C</GRUPODNER><BDI>1.00000000</BDI><LEISOCIAL>0</LEISOCIAL><CODISMINI>MARP</CODISMINI><CODISMFIM>MARP.999.999.9999</CODISMFIM><PRAZORESSUP>18</PRAZORESSUP><RECCREATEDBY>Juliana</RECCREATEDBY><RECCREATEDON>2013-02-18T11:04:43-03:00</RECCREATEDON><RECMODIFIEDBY>danilo.custodio</RECMODIFIEDBY><RECMODIFIEDON>2022-08-11T08:16:35-03:00</RECMODIFIEDON></MGIS><MGIS><CODCOLIGADA>51</CODCOLIGADA><IDPRJ>1</IDPRJ><IDGIS>23157</IDGIS><CODGIS>MBRI</CODGIS><DESCGIS>BRITA/BICA CORRIDA/PEDRA DE MAO/PO DE PEDRA
</DESCGIS><GRUPODNER>C</GRUPODNER><BDI>1.00000000</BDI><LEISOCIAL>0</LEISOCIAL><PRAZORESSUP>18</PRAZORESSUP><EQUALIZAVEL>0</EQUALIZAVEL><RECCREATEDBY>adria.soares</RECCREATEDBY><RECCREATEDON>2014-04-22T09:27:11-03:00</RECCREATEDON><RECMODIFIEDBY>danilo.custodio</RECMODIFIEDBY><RECMODIFIEDON>2022-08-11T08:16:35-03:00</RECMODIFIEDON></MGIS><MGIS><CODCOLIGADA>51</CODCOLIGADA><IDPRJ>1</IDPRJ><IDGIS>23158</IDGIS><CODGIS>MCAB</CODGIS><DESCGIS>CABO DE ACO NAO ESTRUTURAL</DESCGIS><GRUPODNER>C</GRUPODNER><BDI>1.00000000</BDI><LEISOCIAL>0</LEISOCIAL><PRAZORESSUP>18</PRAZORESSUP><RECCREATEDBY>Juliana</RECCREATEDBY><RECCREATEDON>2013-02-18T11:12:51-03:00</RECCREATEDON><RECMODIFIEDBY>danilo.custodio</RECMODIFIEDBY><RECMODIFIEDON>2022-08-11T08:16:35-03:00</RECMODIFIEDON></MGIS><MGIS><CODCOLIGADA>51</CODCOLIGADA><IDPRJ>1</IDPRJ><IDGIS>23159</IDGIS><CODGIS>MCAL</CODGIS><DESCGIS>CAL</DESCGIS><GRUPODNER>C</GRUPODNER><BDI>1.00000000</BDI><LEISOCIAL>0</LEISOCIAL><PRAZORESSUP>18</PRAZORESSUP><EQUALIZAVEL>0</EQUALIZAVEL><RECCREATEDBY>adria.soares</RECCREATEDBY><RECCREATEDON>2014-04-22T09:27:29-03:00</RECCREATEDON><RECMODIFIEDBY>danilo.custodio</RECMODIFIEDBY><RECMODIFIEDON>2022-08-11T08:16:35-03:00</RECMODIFIEDON></MGIS><MGIS><CODCOLIGADA>51</CODCOLIGADA><IDPRJ>1</IDPRJ><IDGIS>23160</IDGIS><CODGIS>MCAR</CODGIS><DESCGIS>CALHAS E RUFOS</DESCGIS><GRUPODNER>C</GRUPODNER><BDI>1.00000000</BDI><LEISOCIAL>0</LEISOCIAL><CODISMINI>MCAR</CODISMINI><CODISMFIM>MCAR.999.999.9999</CODISMFIM><PRAZORESSUP>0</PRAZORESSUP><RECCREATEDBY>Juliana</RECCREATEDBY><RECCREATEDON>2012-06-13T08:52:29-03:00</RECCREATEDON><RECMODIFIEDBY>danilo.custodio</RECMODIFIEDBY><RECMODIFIEDON>2022-08-11T08:16:35-03:00</RECMODIFIEDON></MGIS><MGIS><CODCOLIGADA>51</CODCOLIGADA><IDPRJ>1</IDPRJ><IDGIS>23161</IDGIS><CODGIS>MCIM</CODGIS><DESCGIS>CIMENTO
</DESCGIS><GRUPODNER>C</GRUPODNER><BDI>1.00000000</BDI><LEISOCIAL>0</LEISOCIAL><PRAZORESSUP>21</PRAZORESSUP><EQUALIZAVEL>0</EQUALIZAVEL><RECCREATEDBY>adria.soares</RECCREATEDBY><RECCREATEDON>2014-04-22T09:41:35-03:00</RECCREATEDON><RECMODIFIEDBY>danilo.custodio</RECMODIFIEDBY><RECMODIFIEDON>2022-08-11T08:16:35-03:00</RECMODIFIEDON></MGIS><MGIS><CODCOLIGADA>51</CODCOLIGADA><IDPRJ>1</IDPRJ><IDGIS>23162</IDGIS><CODGIS>MCIN</CODGIS><DESCGIS>EXTINTORES / SINALIZAÇAO / ACESSORIOS</DESCGIS><GRUPODNER>C</GRUPODNER><BDI>1.00000000</BDI><LEISOCIAL>0</LEISOCIAL><CODISMINI>MCIN</CODISMINI><CODISMFIM>MCIN.999.999.9999</CODISMFIM><PRAZORESSUP>25</PRAZORESSUP><RECCREATEDBY>Juliana</RECCREATEDBY><RECCREATEDON>2013-02-18T11:12:45-03:00</RECCREATEDON><RECMODIFIEDBY>danilo.custodio</RECMODIFIEDBY><RECMODIFIEDON>2022-08-11T08:16:35-03:00</RECMODIFIEDON></MGIS><MGIS><CODCOLIGADA>51</CODCOLIGADA><IDPRJ>1</IDPRJ><IDGIS>23163</IDGIS><CODGIS>MCOB</CODGIS><DESCGIS>TELHA</DESCGIS><GRUPODNER>C</GRUPODNER><BDI>1.00000000</BDI><LEISOCIAL>0</LEISOCIAL><CODISMINI>MCOB</CODISMINI><CODISMFIM>MCOB.999.999.9999</CODISMFIM><PRAZORESSUP>18</PRAZORESSUP><RECCREATEDBY>Juliana</RECCREATEDBY><RECCREATEDON>2013-02-18T11:05:09-03:00</RECCREATEDON><RECMODIFIEDBY>danilo.custodio</RECMODIFIEDBY><RECMODIFIEDON>2022-08-11T08:16:35-03:00</RECMODIFIEDON></MGIS><MGIS><CODCOLIGADA>51</CODCOLIGADA><IDPRJ>1</IDPRJ><IDGIS>23164</IDGIS><CODGIS>MCON</CODGIS><DESCGIS>CONCRETO</DESCGIS><GRUPODNER>C</GRUPODNER><BDI>1.00000000</BDI><LEISOCIAL>0</LEISOCIAL><CODISMINI>MCON</CODISMINI><CODISMFIM>MCON.999.999.9999</CODISMFIM><PRAZORESSUP>18</PRAZORESSUP><RECCREATEDBY>Juliana</RECCREATEDBY><RECCREATEDON>2013-02-18T11:04:40-03:00</RECCREATEDON><RECMODIFIEDBY>danilo.custodio</RECMODIFIEDBY><RECMODIFIEDON>2022-08-11T08:16:35-03:00</RECMODIFIEDON></MGIS><MGIS><CODCOLIGADA>51</CODCOLIGADA><IDPRJ>1</IDPRJ><IDGIS>23165</IDGIS><CODGIS>MCPM</CODGIS><DESCGIS>CAIXA PRE-MOLDADA</DESCGIS><GRUPODNER>C</GRUPODNER><BDI>1.00000000</BDI><LEISOCIAL>0</LEISOCIAL><CODISMINI>MCPM</CODISMINI><CODISMFIM>MCPM.999.999.9999</CODISMFIM><PRAZORESSUP>21</PRAZORESSUP><RECCREATEDBY>Juliana</RECCREATEDBY><RECCREATEDON>2013-02-18T11:05:33-03:00</RECCREATEDON><RECMODIFIEDBY>danilo.custodio</RECMODIFIEDBY><RECMODIFIEDON>2022-08-11T08:16:35-03:00</RECMODIFIEDON></MGIS><MGIS><CODCOLIGADA>51</CODCOLIGADA><IDPRJ>1</IDPRJ><IDGIS>23166</IDGIS><CODGIS>MCXA</CODGIS><DESCGIS>CAIXA D'ÁGUA</DESCGIS><GRUPODNER>C</GRUPODNER><BDI>1.00000000</BDI><LEISOCIAL>0</LEISOCIAL><EQUALIZAVEL>0</EQUALIZAVEL><RECCREATEDBY>Juliana</RECCREATEDBY><RECCREATEDON>2015-01-23T17:25:56-03:00</RECCREATEDON><RECMODIFIEDBY>danilo.custodio</RECMODIFIEDBY><RECMODIFIEDON>2022-08-11T08:16:35-03:00</RECMODIFIEDON></MGIS><MGIS><CODCOLIGADA>51</CODCOLIGADA><IDPRJ>1</IDPRJ><IDGIS>23167</IDGIS><CODGIS>MDES</CODGIS><DESCGIS>DESMOLDANTES</DESCGIS><GRUPODNER>C</GRUPODNER><BDI>1.00000000</BDI><LEISOCIAL>0</LEISOCIAL><PRAZORESSUP>25</PRAZORESSUP><EQUALIZAVEL>0</EQUALIZAVEL><RECCREATEDBY>Juliana</RECCREATEDBY><RECCREATEDON>2012-05-03T18:34:20-03:00</RECCREATEDON><RECMODIFIEDBY>danilo.custodio</RECMODIFIEDBY><RECMODIFIEDON>2022-08-11T08:16:35-03:00</RECMODIFIEDON></MGIS><MGIS><CODCOLIGADA>51</CODCOLIGADA><IDPRJ>1</IDPRJ><IDGIS>23168</IDGIS><CODGIS>MEAL</CODGIS><DESCGIS>ESQUADRIA DE ALUMINIO</DESCGIS><GRUPODNER>C</GRUPODNER><BDI>1.00000000</BDI><LEISOCIAL>0</LEISOCIAL><CODISMINI>MEAL</CODISMINI><CODISMFIM>MEAL.999.999.9999</CODISMFIM><PRAZORESSUP>18</PRAZORESSUP><RECCREATEDBY>Juliana</RECCREATEDBY><RECCREATEDON>2013-02-18T11:05:21-03:00</RECCREATEDON><RECMODIFIEDBY>danilo.custodio</RECMODIFIEDBY><RECMODIFIEDON>2022-08-11T08:16:35-03:00</RECMODIFIEDON></MGIS><MGIS><CODCOLIGADA>51</CODCOLIGADA><IDPRJ>1</IDPRJ><IDGIS>23169</IDGIS><CODGIS>MELE</CODGIS><DESCGIS>MATERIAL ELETRICO / TELEFONIA</DESCGIS><GRUPODNER>C</GRUPODNER><BDI>1.00000000</BDI><LEISOCIAL>0</LEISOCIAL><CODISMINI>MELE</CODISMINI><CODISMFIM>MELE.999.999.9999</CODISMFIM><PRAZORESSUP>21</PRAZORESSUP><RECCREATEDBY>Juliana</RECCREATEDBY><RECCREATEDON>2013-02-18T11:05:12-03:00</RECCREATEDON><RECMODIFIEDBY>danilo.custodio</RECMODIFIEDBY><RECMODIFIEDON>2022-08-11T08:16:35-03:00</RECMODIFIEDON></MGIS><MGIS><CODCOLIGADA>51</CODCOLIGADA><IDPRJ>1</IDPRJ><IDGIS>23170</IDGIS><CODGIS>MEMD</CODGIS><DESCGIS>ESQUADRIA DE MADEIRA</DESCGIS><GRUPODNER>C</GRUPODNER><BDI>1.00000000</BDI><LEISOCIAL>0</LEISOCIAL><CODISMINI>MEMD</CODISMINI><CODISMFIM>MEMD.999.999.9999</CODISMFIM><PRAZORESSUP>18</PRAZORESSUP><RECCREATEDBY>Juliana</RECCREATEDBY><RECCREATEDON>2013-02-18T11:06:20-03:00</RECCREATEDON><RECMODIFIEDBY>danilo.custodio</RECMODIFIEDBY><RECMODIFIEDON>2022-08-11T08:16:35-03:00</RECMODIFIEDON></MGIS><MGIS><CODCOLIGADA>51</CODCOLIGADA><IDPRJ>1</IDPRJ><IDGIS>23171</IDGIS><CODGIS>MEMT</CODGIS><DESCGIS>ESQUADRIA METALICA</DESCGIS><GRUPODNER>C</GRUPODNER><BDI>1.00000000</BDI><LEISOCIAL>0</LEISOCIAL><CODISMINI>MEMT</CODISMINI><CODISMFIM>MEMT.999.999.9999</CODISMFIM><PRAZORESSUP>18</PRAZORESSUP><RECCREATEDBY>Juliana</RECCREATEDBY><RECCREATEDON>2013-02-18T11:04:57-03:00</RECCREATEDON><RECMODIFIEDBY>danilo.custodio</RECMODIFIEDBY><RECMODIFIEDON>2022-08-11T08:16:35-03:00</RECMODIFIEDON></MGIS><MGIS><CODCOLIGADA>51</CODCOLIGADA><IDPRJ>1</IDPRJ><IDGIS>23172</IDGIS><CODGIS>MEPE</CODGIS><DESCGIS>EPE</DESCGIS><GRUPODNER>A</GRUPODNER><BDI>1.00000000</BDI><LEISOCIAL>0</LEISOCIAL><EQUALIZAVEL>0</EQUALIZAVEL><RECCREATEDBY>danilo.custodio</RECCREATEDBY><RECCREATEDON>2015-09-09T15:55:01-03:00</RECCREATEDON><RECMODIFIEDBY>danilo.custodio</RECMODIFIEDBY><RECMODIFIEDON>2022-08-11T08:16:36-03:00</RECMODIFIEDON></MGIS><MGIS><CODCOLIGADA>51</CODCOLIGADA><IDPRJ>1</IDPRJ><IDGIS>23173</IDGIS><CODGIS>MEPS</CODGIS><DESCGIS>MOLDURA FACHADA / SHAFT EM EPS</DESCGIS><GRUPODNER>C</GRUPODNER><BDI>1.00000000</BDI><LEISOCIAL>0</LEISOCIAL><PRAZORESSUP>18</PRAZORESSUP><EQUALIZAVEL>0</EQUALIZAVEL><RECCREATEDBY>Juliana</RECCREATEDBY><RECCREATEDON>2012-11-05T17:15:41-03:00</RECCREATEDON><RECMODIFIEDBY>danilo.custodio</RECMODIFIEDBY><RECMODIFIEDON>2022-08-11T08:16:36-03:00</RECMODIFIEDON></MGIS><MGIS><CODCOLIGADA>51</CODCOLIGADA><IDPRJ>1</IDPRJ><IDGIS>23174</IDGIS><CODGIS>MESM</CODGIS><DESCGIS>ESCADA</DESCGIS><GRUPODNER>A</GRUPODNER><BDI>1.00000000</BDI><LEISOCIAL>0</LEISOCIAL><EQUALIZAVEL>0</EQUALIZAVEL><RECCREATEDBY>Juliana</RECCREATEDBY><RECCREATEDON>2014-10-02T10:29:50-03:00</RECCREATEDON><RECMODIFIEDBY>danilo.custodio</RECMODIFIEDBY><RECMODIFIEDON>2022-08-11T08:16:36-03:00</RECMODIFIEDON></MGIS><MGIS><CODCOLIGADA>51</CODCOLIGADA><IDPRJ>1</IDPRJ><IDGIS>23175</IDGIS><CODGIS>MESP</CODGIS><DESCGIS>PASTILHA DE CONCRETO / DISTANCIADOR / ESPAÇADOR</DESCGIS><GRUPODNER>C</GRUPODNER><BDI>1.00000000</BDI><LEISOCIAL>0</LEISOCIAL><CODISMINI>MESP</CODISMINI><CODISMFIM>MESP.999.999.9999</CODISMFIM><PRAZORESSUP>21</PRAZORESSUP><RECCREATEDBY>Juliana</RECCREATEDBY><RECCREATEDON>2013-02-18T11:04:51-03:00</RECCREATEDON><RECMODIFIEDBY>danilo.custodio</RECMODIFIEDBY><RECMODIFIEDON>2022-08-11T08:16:36-03:00</RECMODIFIEDON></MGIS><MGIS><CODCOLIGADA>51</CODCOLIGADA><IDPRJ>1</IDPRJ><IDGIS>23176</IDGIS><CODGIS>MEVD</CODGIS><DESCGIS>VIDRO</DESCGIS><GRUPODNER>A</GRUPODNER><BDI>1.00000000</BDI><LEISOCIAL>0</LEISOCIAL><EQUALIZAVEL>0</EQUALIZAVEL><RECCREATEDBY>fabiana.calado</RECCREATEDBY><RECCREATEDON>2017-11-03T15:27:08-03:00</RECCREATEDON><RECMODIFIEDBY>danilo.custodio</RECMODIFIEDBY><RECMODIFIEDON>2022-08-11T08:16:36-03:00</RECMODIFIEDON></MGIS><MGIS><CODCOLIGADA>51</CODCOLIGADA><IDPRJ>1</IDPRJ><IDGIS>23177</IDGIS><CODGIS>MFCR</CODGIS><DESCGIS>FITA CREPE</DESCGIS><GRUPODNER>C</GRUPODNER><BDI>1.00000000</BDI><LEISOCIAL>0</LEISOCIAL><EQUALIZAVEL>0</EQUALIZAVEL><RECCREATEDBY>danilo.custodio</RECCREATEDBY><RECCREATEDON>2015-04-01T08:51:05-03:00</RECCREATEDON><RECMODIFIEDBY>danilo.custodio</RECMODIFIEDBY><RECMODIFIEDON>2022-08-11T08:16:36-03:00</RECMODIFIEDON></MGIS><MGIS><CODCOLIGADA>51</CODCOLIGADA><IDPRJ>1</IDPRJ><IDGIS>23178</IDGIS><CODGIS>MFEC</CODGIS><DESCGIS>FECHADURAS/TRINCOS/DOBRADICAS

</DESCGIS><GRUPODNER>C</GRUPODNER><BDI>1.00000000</BDI><LEISOCIAL>0</LEISOCIAL><PRAZORESSUP>18</PRAZORESSUP><EQUALIZAVEL>0</EQUALIZAVEL><RECCREATEDBY>adria.soares</RECCREATEDBY><RECCREATEDON>2014-04-22T08:49:58-03:00</RECCREATEDON><RECMODIFIEDBY>danilo.custodio</RECMODIFIEDBY><RECMODIFIEDON>2022-08-11T08:16:36-03:00</RECMODIFIEDON></MGIS><MGIS><CODCOLIGADA>51</CODCOLIGADA><IDPRJ>1</IDPRJ><IDGIS>23179</IDGIS><CODGIS>MFEF</CODGIS><DESCGIS>TAMPA DE FERRO FUNDIDO / TAMPA METALICA / TAMPA EM CONCRETO / TAMPA EM AÇO SAE</DESCGIS><GRUPODNER>C</GRUPODNER><BDI>1.00000000</BDI><LEISOCIAL>0</LEISOCIAL><CODISMINI>MFEF</CODISMINI><CODISMFIM>MFEF.999.999.9999</CODISMFIM><PRAZORESSUP>21</PRAZORESSUP><RECCREATEDBY>Juliana</RECCREATEDBY><RECCREATEDON>2013-02-18T11:05:33-03:00</RECCREATEDON><RECMODIFIEDBY>danilo.custodio</RECMODIFIEDBY><RECMODIFIEDON>2022-08-11T08:16:36-03:00</RECMODIFIEDON></MGIS><MGIS><CODCOLIGADA>51</CODCOLIGADA><IDPRJ>1</IDPRJ><IDGIS>23180</IDGIS><CODGIS>MFER</CODGIS><DESCGIS>FERRO</DESCGIS><GRUPODNER>C</GRUPODNER><BDI>1.00000000</BDI><LEISOCIAL>0</LEISOCIAL><EQUALIZAVEL>0</EQUALIZAVEL><RECCREATEDBY>Sandra.ramos</RECCREATEDBY><RECCREATEDON>2014-10-30T16:36:31-03:00</RECCREATEDON><RECMODIFIEDBY>danilo.custodio</RECMODIFIEDBY><RECMODIFIEDON>2022-08-11T08:16:36-03:00</RECMODIFIEDON></MGIS><MGIS><CODCOLIGADA>51</CODCOLIGADA><IDPRJ>1</IDPRJ><IDGIS>23181</IDGIS><CODGIS>MFOR</CODGIS><DESCGIS>FORMA DE ACO/METALICA
</DESCGIS><GRUPODNER>C</GRUPODNER><BDI>1.00000000</BDI><LEISOCIAL>0</LEISOCIAL><PRAZORESSUP>18</PRAZORESSUP><EQUALIZAVEL>0</EQUALIZAVEL><RECCREATEDBY>adria.soares</RECCREATEDBY><RECCREATEDON>2014-04-22T09:28:56-03:00</RECCREATEDON><RECMODIFIEDBY>danilo.custodio</RECMODIFIEDBY><RECMODIFIEDON>2022-08-11T08:16:36-03:00</RECMODIFIEDON></MGIS><MGIS><CODCOLIGADA>51</CODCOLIGADA><IDPRJ>1</IDPRJ><IDGIS>23182</IDGIS><CODGIS>MGCC</CODGIS><DESCGIS>GUARDA CORPO / CORRIMAO</DESCGIS><GRUPODNER>C</GRUPODNER><BDI>1.00000000</BDI><LEISOCIAL>0</LEISOCIAL><CODISMINI>MGCC</CODISMINI><CODISMFIM>MGCC.999.999.9999</CODISMFIM><PRAZORESSUP>18</PRAZORESSUP><RECCREATEDBY>Juliana</RECCREATEDBY><RECCREATEDON>2013-02-18T11:04:46-03:00</RECCREATEDON><RECMODIFIEDBY>danilo.custodio</RECMODIFIEDBY><RECMODIFIEDON>2022-08-11T08:16:36-03:00</RECMODIFIEDON></MGIS><MGIS><CODCOLIGADA>51</CODCOLIGADA><IDPRJ>1</IDPRJ><IDGIS>23183</IDGIS><CODGIS>MHID</CODGIS><DESCGIS>MATERIAL HIDROSANITARIO</DESCGIS><GRUPODNER>C</GRUPODNER><BDI>1.00000000</BDI><LEISOCIAL>0</LEISOCIAL><CODISMINI>MHID</CODISMINI><CODISMFIM>MHID.999.999.9999</CODISMFIM><PRAZORESSUP>18</PRAZORESSUP><RECCREATEDBY>Juliana</RECCREATEDBY><RECCREATEDON>2013-02-18T11:04:55-03:00</RECCREATEDON><RECMODIFIEDBY>danilo.custodio</RECMODIFIEDBY><RECMODIFIEDON>2022-08-11T08:16:36-03:00</RECMODIFIEDON></MGIS><MGIS><CODCOLIGADA>51</CODCOLIGADA><IDPRJ>1</IDPRJ><IDGIS>23184</IDGIS><CODGIS>MIMP</CODGIS><DESCGIS>MATERIAL IMPERMEABILIZANTE</DESCGIS><GRUPODNER>N</GRUPODNER><BDI>1.00000000</BDI><LEISOCIAL>0</LEISOCIAL><EQUALIZAVEL>0</EQUALIZAVEL><RECCREATEDBY>Sandra.ramos</RECCREATEDBY><RECCREATEDON>2015-04-23T11:47:06-03:00</RECCREATEDON><RECMODIFIEDBY>danilo.custodio</RECMODIFIEDBY><RECMODIFIEDON>2022-08-11T08:16:36-03:00</RECMODIFIEDON></MGIS><MGIS><CODCOLIGADA>51</CODCOLIGADA><IDPRJ>1</IDPRJ><IDGIS>23185</IDGIS><CODGIS>MJTA</CODGIS><DESCGIS>ISOPOR / JUNTA</DESCGIS><GRUPODNER>C</GRUPODNER><BDI>1.00000000</BDI><LEISOCIAL>0</LEISOCIAL><EQUALIZAVEL>0</EQUALIZAVEL><RECCREATEDBY>Juliana</RECCREATEDBY><RECCREATEDON>2014-08-04T17:45:17-03:00</RECCREATEDON><RECMODIFIEDBY>danilo.custodio</RECMODIFIEDBY><RECMODIFIEDON>2022-08-11T08:16:36-03:00</RECMODIFIEDON></MGIS><MGIS><CODCOLIGADA>51</CODCOLIGADA><IDPRJ>1</IDPRJ><IDGIS>23186</IDGIS><CODGIS>MLAM</CODGIS><DESCGIS>PISO EM LAMINADO / MADEIRA</DESCGIS><GRUPODNER>C</GRUPODNER><BDI>1.00000000</BDI><LEISOCIAL>0</LEISOCIAL><EQUALIZAVEL>0</EQUALIZAVEL><RECCREATEDBY>Juliana</RECCREATEDBY><RECCREATEDON>2014-01-03T18:17:32-03:00</RECCREATEDON><RECMODIFIEDBY>danilo.custodio</RECMODIFIEDBY><RECMODIFIEDON>2022-08-11T08:16:36-03:00</RECMODIFIEDON></MGIS><MGIS><CODCOLIGADA>51</CODCOLIGADA><IDPRJ>1</IDPRJ><IDGIS>23187</IDGIS><CODGIS>MLEM</CODGIS><DESCGIS>LOUÇAS / METAIS</DESCGIS><GRUPODNER>C</GRUPODNER><BDI>1.00000000</BDI><LEISOCIAL>0</LEISOCIAL><CODISMINI>MLEM</CODISMINI><CODISMFIM>MLEM.999.999.9999</CODISMFIM><PRAZORESSUP>60</PRAZORESSUP><RECCREATEDBY>Juliana</RECCREATEDBY><RECCREATEDON>2013-02-18T11:06:08-03:00</RECCREATEDON><RECMODIFIEDBY>danilo.custodio</RECMODIFIEDBY><RECMODIFIEDON>2022-08-11T08:16:36-03:00</RECMODIFIEDON></MGIS><MGIS><CODCOLIGADA>51</CODCOLIGADA><IDPRJ>1</IDPRJ><IDGIS>23188</IDGIS><CODGIS>MLIM</CODGIS><DESCGIS>MATERIAL DE LIMPEZA</DESCGIS><GRUPODNER>C</GRUPODNER><BDI>1.00000000</BDI><LEISOCIAL>0</LEISOCIAL><CODISMINI>MLIN</CODISMINI><CODISMFIM>MLIN.999.999.9999</CODISMFIM><PRAZORESSUP>18</PRAZORESSUP><RECCREATEDBY>Juliana</RECCREATEDBY><RECCREATEDON>2013-02-18T11:06:32-03:00</RECCREATEDON><RECMODIFIEDBY>danilo.custodio</RECMODIFIEDBY><RECMODIFIEDON>2022-08-11T08:16:36-03:00</RECMODIFIEDON></MGIS><MGIS><CODCOLIGADA>51</CODCOLIGADA><IDPRJ>1</IDPRJ><IDGIS>23189</IDGIS><CODGIS>MLIX</CODGIS><DESCGIS>LIXAS
</DESCGIS><GRUPODNER>C</GRUPODNER><BDI>1.00000000</BDI><LEISOCIAL>0</LEISOCIAL><PRAZORESSUP>18</PRAZORESSUP><EQUALIZAVEL>0</EQUALIZAVEL><RECCREATEDBY>adria.soares</RECCREATEDBY><RECCREATEDON>2014-04-22T09:29:17-03:00</RECCREATEDON><RECMODIFIEDBY>danilo.custodio</RECMODIFIEDBY><RECMODIFIEDON>2022-08-11T08:16:36-03:00</RECMODIFIEDON></MGIS><MGIS><CODCOLIGADA>51</CODCOLIGADA><IDPRJ>1</IDPRJ><IDGIS>23190</IDGIS><CODGIS>MLON</CODGIS><DESCGIS>LONA</DESCGIS><GRUPODNER>C</GRUPODNER><BDI>1.00000000</BDI><LEISOCIAL>0</LEISOCIAL><CODISMINI>MLON</CODISMINI><CODISMFIM>MLON.999.999.9999</CODISMFIM><PRAZORESSUP>21</PRAZORESSUP><RECCREATEDBY>Juliana</RECCREATEDBY><RECCREATEDON>2013-02-18T11:04:51-03:00</RECCREATEDON><RECMODIFIEDBY>danilo.custodio</RECMODIFIEDBY><RECMODIFIEDON>2022-08-11T08:16:36-03:00</RECMODIFIEDON></MGIS><MGIS><CODCOLIGADA>51</CODCOLIGADA><IDPRJ>1</IDPRJ><IDGIS>23191</IDGIS><CODGIS>MMAD</CODGIS><DESCGIS>MADEIRA</DESCGIS><GRUPODNER>C</GRUPODNER><BDI>1.00000000</BDI><LEISOCIAL>0</LEISOCIAL><CODISMINI>MMAD</CODISMINI><CODISMFIM>MMAD.999.999.9999</CODISMFIM><PRAZORESSUP>21</PRAZORESSUP><RECCREATEDBY>Juliana</RECCREATEDBY><RECCREATEDON>2013-02-18T11:04:44-03:00</RECCREATEDON><RECMODIFIEDBY>danilo.custodio</RECMODIFIEDBY><RECMODIFIEDON>2022-08-11T08:16:36-03:00</RECMODIFIEDON></MGIS><MGIS><CODCOLIGADA>51</CODCOLIGADA><IDPRJ>1</IDPRJ><IDGIS>23192</IDGIS><CODGIS>MMDT</CODGIS><DESCGIS>ENGRADAMENTO DE MADEIRA / METALICO</DESCGIS><GRUPODNER>C</GRUPODNER><BDI>1.00000000</BDI><LEISOCIAL>0</LEISOCIAL><CODISMINI>MMDT</CODISMINI><CODISMFIM>MMDT.999.999.9999</CODISMFIM><PRAZORESSUP>18</PRAZORESSUP><RECCREATEDBY>Juliana</RECCREATEDBY><RECCREATEDON>2013-02-18T11:05:09-03:00</RECCREATEDON><RECMODIFIEDBY>danilo.custodio</RECMODIFIEDBY><RECMODIFIEDON>2022-08-11T08:16:36-03:00</RECMODIFIEDON></MGIS><MGIS><CODCOLIGADA>51</CODCOLIGADA><IDPRJ>1</IDPRJ><IDGIS>23193</IDGIS><CODGIS>MPGO</CODGIS><DESCGIS>PREGO</DESCGIS><GRUPODNER>N</GRUPODNER><BDI>1.00000000</BDI><LEISOCIAL>0</LEISOCIAL><EQUALIZAVEL>0</EQUALIZAVEL><RECCREATEDBY>Juliana</RECCREATEDBY><RECCREATEDON>2015-06-01T17:46:42-03:00</RECCREATEDON><RECMODIFIEDBY>danilo.custodio</RECMODIFIEDBY><RECMODIFIEDON>2022-08-11T08:16:36-03:00</RECMODIFIEDON></MGIS><MGIS><CODCOLIGADA>51</CODCOLIGADA><IDPRJ>1</IDPRJ><IDGIS>23194</IDGIS><CODGIS>MPIN</CODGIS><DESCGIS>MATERIAL PINTURA</DESCGIS><GRUPODNER>C</GRUPODNER><BDI>1.00000000</BDI><LEISOCIAL>0</LEISOCIAL><CODISMINI>MPIN</CODISMINI><CODISMFIM>MPIN.999.999.9999</CODISMFIM><PRAZORESSUP>25</PRAZORESSUP><RECCREATEDBY>Juliana</RECCREATEDBY><RECCREATEDON>2013-02-18T11:04:47-03:00</RECCREATEDON><RECMODIFIEDBY>danilo.custodio</RECMODIFIEDBY><RECMODIFIEDON>2022-08-11T08:16:37-03:00</RECMODIFIEDON></MGIS><MGIS><CODCOLIGADA>51</CODCOLIGADA><IDPRJ>1</IDPRJ><IDGIS>23195</IDGIS><CODGIS>MPID</CODGIS><DESCGIS>PLACA DE IDENTIFICAÇAO</DESCGIS><GRUPODNER>C</GRUPODNER><BDI>1.00000000</BDI><LEISOCIAL>0</LEISOCIAL><CODISMINI>MPID</CODISMINI><CODISMFIM>MPID.999.999.9999</CODISMFIM><PRAZORESSUP>21</PRAZORESSUP><RECCREATEDBY>Juliana</RECCREATEDBY><RECCREATEDON>2013-02-18T11:04:49-03:00</RECCREATEDON><RECMODIFIEDBY>danilo.custodio</RECMODIFIEDBY><RECMODIFIEDON>2022-08-11T08:16:37-03:00</RECMODIFIEDON></MGIS><MGIS><CODCOLIGADA>51</CODCOLIGADA><IDPRJ>1</IDPRJ><IDGIS>23196</IDGIS><CODGIS>MPLA</CODGIS><DESCGIS>PLACAS</DESCGIS><GRUPODNER>C</GRUPODNER><BDI>1.00000000</BDI><LEISOCIAL>0</LEISOCIAL><PRAZORESSUP>21</PRAZORESSUP><EQUALIZAVEL>0</EQUALIZAVEL><RECCREATEDBY>Sandra.ramos</RECCREATEDBY><RECCREATEDON>2014-01-29T17:29:00-03:00</RECCREATEDON><RECMODIFIEDBY>danilo.custodio</RECMODIFIEDBY><RECMODIFIEDON>2022-08-11T08:16:37-03:00</RECMODIFIEDON></MGIS><MGIS><CODCOLIGADA>51</CODCOLIGADA><IDPRJ>1</IDPRJ><IDGIS>23197</IDGIS><CODGIS>MPLP</CODGIS><DESCGIS>PLACA PRE-MOLDADA</DESCGIS><GRUPODNER>C</GRUPODNER><BDI>1.00000000</BDI><LEISOCIAL>0</LEISOCIAL><EQUALIZAVEL>0</EQUALIZAVEL><RECCREATEDBY>Juliana</RECCREATEDBY><RECCREATEDON>2016-02-17T16:06:01-03:00</RECCREATEDON><RECMODIFIEDBY>danilo.custodio</RECMODIFIEDBY><RECMODIFIEDON>2022-08-11T08:16:37-03:00</RECMODIFIEDON></MGIS><MGIS><CODCOLIGADA>51</CODCOLIGADA><IDPRJ>1</IDPRJ><IDGIS>23198</IDGIS><CODGIS>MPPA</CODGIS><DESCGIS>PARAFUSO / PORCA / ARRUELA</DESCGIS><GRUPODNER>N</GRUPODNER><BDI>1.00000000</BDI><LEISOCIAL>0</LEISOCIAL><EQUALIZAVEL>0</EQUALIZAVEL><RECCREATEDBY>danilo.custodio</RECCREATEDBY><RECCREATEDON>2015-04-23T17:34:38-03:00</RECCREATEDON><RECMODIFIEDBY>danilo.custodio</RECMODIFIEDBY><RECMODIFIEDON>2022-08-11T08:16:37-03:00</RECMODIFIEDON></MGIS><MGIS><CODCOLIGADA>51</CODCOLIGADA><IDPRJ>1</IDPRJ><IDGIS>23199</IDGIS><CODGIS>MPRE</CODGIS><DESCGIS>PRESILHA</DESCGIS><GRUPODNER>A</GRUPODNER><BDI>1.00000000</BDI><LEISOCIAL>0</LEISOCIAL><EQUALIZAVEL>0</EQUALIZAVEL><RECCREATEDBY>danilo.custodio</RECCREATEDBY><RECCREATEDON>2015-10-01T08:44:17-03:00</RECCREATEDON><RECMODIFIEDBY>danilo.custodio</RECMODIFIEDBY><RECMODIFIEDON>2022-08-11T08:16:37-03:00</RECMODIFIEDON></MGIS><MGIS><CODCOLIGADA>51</CODCOLIGADA><IDPRJ>1</IDPRJ><IDGIS>23200</IDGIS><CODGIS>MPVC</CODGIS><DESCGIS>REVESTIMENTO EM PVC</DESCGIS><GRUPODNER>A</GRUPODNER><BDI>1.00000000</BDI><LEISOCIAL>0</LEISOCIAL><EQUALIZAVEL>0</EQUALIZAVEL><RECCREATEDBY>barbara.marcolino</RECCREATEDBY><RECCREATEDON>2014-04-28T16:28:35-03:00</RECCREATEDON><RECMODIFIEDBY>danilo.custodio</RECMODIFIEDBY><RECMODIFIEDON>2022-08-11T08:16:37-03:00</RECMODIFIEDON></MGIS><MGIS><CODCOLIGADA>51</CODCOLIGADA><IDPRJ>1</IDPRJ><IDGIS>23201</IDGIS><CODGIS>MRCE</CODGIS><DESCGIS>CERAMICA / AZULEJO / PISO</DESCGIS><GRUPODNER>C</GRUPODNER><BDI>1.00000000</BDI><LEISOCIAL>0</LEISOCIAL><CODISMINI>MRCE</CODISMINI><CODISMFIM>MRCE.999.999.9999</CODISMFIM><PRAZORESSUP>25</PRAZORESSUP><RECCREATEDBY>Juliana</RECCREATEDBY><RECCREATEDON>2013-02-18T11:06:24-03:00</RECCREATEDON><RECMODIFIEDBY>danilo.custodio</RECMODIFIEDBY><RECMODIFIEDON>2022-08-11T08:16:37-03:00</RECMODIFIEDON></MGIS><MGIS><CODCOLIGADA>51</CODCOLIGADA><IDPRJ>1</IDPRJ><IDGIS>23202</IDGIS><CODGIS>MRGM</CODGIS><DESCGIS>GRANITO / MARMORE</DESCGIS><GRUPODNER>C</GRUPODNER><BDI>1.00000000</BDI><LEISOCIAL>0</LEISOCIAL><EQUALIZAVEL>0</EQUALIZAVEL><RECCREATEDBY>Juliana</RECCREATEDBY><RECCREATEDON>2013-04-23T11:19:06-03:00</RECCREATEDON><RECMODIFIEDBY>danilo.custodio</RECMODIFIEDBY><RECMODIFIEDON>2022-08-11T08:16:37-03:00</RECMODIFIEDON></MGIS><MGIS><CODCOLIGADA>51</CODCOLIGADA><IDPRJ>1</IDPRJ><IDGIS>23203</IDGIS><CODGIS>MSIL</CODGIS><DESCGIS>SILICONE</DESCGIS><GRUPODNER>A</GRUPODNER><BDI>1.00000000</BDI><LEISOCIAL>0</LEISOCIAL><EQUALIZAVEL>0</EQUALIZAVEL><RECCREATEDBY>danilo.custodio</RECCREATEDBY><RECCREATEDON>2015-09-08T09:30:10-03:00</RECCREATEDON><RECMODIFIEDBY>danilo.custodio</RECMODIFIEDBY><RECMODIFIEDON>2022-08-11T08:16:37-03:00</RECMODIFIEDON></MGIS><MGIS><CODCOLIGADA>51</CODCOLIGADA><IDPRJ>1</IDPRJ><IDGIS>23204</IDGIS><CODGIS>MTEL</CODGIS><DESCGIS>TELA PARA ALAMBRADO / GRADIL / CERCA / FECHAMENTOS</DESCGIS><GRUPODNER>C</GRUPODNER><BDI>1.00000000</BDI><LEISOCIAL>0</LEISOCIAL><CODISMINI>MTEL</CODISMINI><CODISMFIM>MTEL.999.999.9999</CODISMFIM><PRAZORESSUP>18</PRAZORESSUP><RECCREATEDBY>Juliana</RECCREATEDBY><RECCREATEDON>2013-02-18T11:04:55-03:00</RECCREATEDON><RECMODIFIEDBY>danilo.custodio</RECMODIFIEDBY><RECMODIFIEDON>2022-08-11T08:16:37-03:00</RECMODIFIEDON></MGIS><MGIS><CODCOLIGADA>51</CODCOLIGADA><IDPRJ>1</IDPRJ><IDGIS>23205</IDGIS><CODGIS>MVER</CODGIS><DESCGIS>VERGA / CONTRA VERGA</DESCGIS><GRUPODNER>C</GRUPODNER><BDI>1.00000000</BDI><LEISOCIAL>0</LEISOCIAL><CODISMINI>MVER</CODISMINI><CODISMFIM>MVER.999.999.9999</CODISMFIM><PRAZORESSUP>18</PRAZORESSUP><RECCREATEDBY>Juliana</RECCREATEDBY><RECCREATEDON>2013-02-18T11:05:07-03:00</RECCREATEDON><RECMODIFIEDBY>danilo.custodio</RECMODIFIEDBY><RECMODIFIEDON>2022-08-11T08:16:37-03:00</RECMODIFIEDON></MGIS><MGIS><CODCOLIGADA>51</CODCOLIGADA><IDPRJ>1</IDPRJ><IDGIS>23206</IDGIS><CODGIS>MVIL</CODGIS><DESCGIS>PISO VINILICO</DESCGIS><GRUPODNER>C</GRUPODNER><BDI>1.00000000</BDI><LEISOCIAL>0</LEISOCIAL><EQUALIZAVEL>0</EQUALIZAVEL><RECCREATEDBY>Juliana</RECCREATEDBY><RECCREATEDON>2014-01-03T17:53:47-03:00</RECCREATEDON><RECMODIFIEDBY>danilo.custodio</RECMODIFIEDBY><RECMODIFIEDON>2022-08-11T08:16:37-03:00</RECMODIFIEDON></MGIS><MGIS><CODCOLIGADA>51</CODCOLIGADA><IDPRJ>1</IDPRJ><IDGIS>23207</IDGIS><CODGIS>SEMP</CODGIS><DESCGIS>SERVICO DE TERCEIROS</DESCGIS><GRUPODNER>B</GRUPODNER><BDI>1.00000000</BDI><LEISOCIAL>0</LEISOCIAL><CODISMINI>SEMP</CODISMINI><CODISMFIM>SEMP.999.999.9999</CODISMFIM><PRAZORESSUP>0</PRAZORESSUP><RECCREATEDBY>Juliana</RECCREATEDBY><RECCREATEDON>2013-02-18T11:04:41-03:00</RECCREATEDON><RECMODIFIEDBY>danilo.custodio</RECMODIFIEDBY><RECMODIFIEDON>2022-08-11T08:16:37-03:00</RECMODIFIEDON></MGIS><MGIS><CODCOLIGADA>51</CODCOLIGADA><IDPRJ>1</IDPRJ><IDGIS>23208</IDGIS><CODGIS>MALV</CODGIS><DESCGIS>BLOCO CERAMICO / BLOCO CONCRETO / TIJOLO MACIÇO</DESCGIS><GRUPODNER>C</GRUPODNER><BDI>1.00000000</BDI><LEISOCIAL>0</LEISOCIAL><CODISMINI>MALV</CODISMINI><CODISMFIM>MALV.999.999.9999</CODISMFIM><PRAZORESSUP>21</PRAZORESSUP><RECCREATEDBY>Juliana</RECCREATEDBY><RECCREATEDON>2013-02-18T11:04:54-03:00</RECCREATEDON><RECMODIFIEDBY>danilo.custodio</RECMODIFIEDBY><RECMODIFIEDON>2022-08-11T08:19:00-03:00</RECMODIFIEDON></MGIS><MGIS><CODCOLIGADA>51</CODCOLIGADA><IDPRJ>1</IDPRJ><IDGIS>23209</IDGIS><CODGIS>MCHA</CODGIS><DESCGIS>CHAPA</DESCGIS><GRUPODNER>A</GRUPODNER><BDI>1.00000000</BDI><LEISOCIAL>0</LEISOCIAL><EQUALIZAVEL>0</EQUALIZAVEL><RECCREATEDBY>danilo.custodio</RECCREATEDBY><RECCREATEDON>2015-09-09T16:09:54-03:00</RECCREATEDON><RECMODIFIEDBY>danilo.custodio</RECMODIFIEDBY><RECMODIFIEDON>2022-08-11T08:19:00-03:00</RECMODIFIEDON></MGIS><MGIS><CODCOLIGADA>51</CODCOLIGADA><IDPRJ>1</IDPRJ><IDGIS>23210</IDGIS><CODGIS>MMEU</CODGIS><DESCGIS>MOVEIS / ELETRODOMESTICOS / UTENSILIOS DOMESTICOS
</DESCGIS><GRUPODNER>C</GRUPODNER><BDI>1.00000000</BDI><LEISOCIAL>0</LEISOCIAL><PRAZORESSUP>25</PRAZORESSUP><EQUALIZAVEL>0</EQUALIZAVEL><RECCREATEDBY>adria.soares</RECCREATEDBY><RECCREATEDON>2014-04-22T09:29:59-03:00</RECCREATEDON><RECMODIFIEDBY>danilo.custodio</RECMODIFIEDBY><RECMODIFIEDON>2022-08-11T08:19:00-03:00</RECMODIFIEDON></MGIS><MGIS><CODCOLIGADA>51</CODCOLIGADA><IDPRJ>1</IDPRJ><IDGIS>23211</IDGIS><CODGIS>DIBT</CODGIS><DESCGIS>BARRACAS E TENDAS</DESCGIS><GRUPODNER>C</GRUPODNER><BDI>1.00000000</BDI><LEISOCIAL>0</LEISOCIAL><PRAZORESSUP>30</PRAZORESSUP><EQUALIZAVEL>0</EQUALIZAVEL><RECCREATEDBY>Juliana</RECCREATEDBY><RECCREATEDON>2013-09-16T18:10:30-03:00</RECCREATEDON><RECMODIFIEDBY>danilo.custodio</RECMODIFIEDBY><RECMODIFIEDON>2022-08-11T08:19:01-03:00</RECMODIFIEDON></MGIS><MGIS><CODCOLIGADA>51</CODCOLIGADA><IDPRJ>1</IDPRJ><IDGIS>23212</IDGIS><CODGIS>MPME</CODGIS><DESCGIS>PISO METALICO</DESCGIS><GRUPODNER>C</GRUPODNER><BDI>1.00000000</BDI><LEISOCIAL>0</LEISOCIAL><EQUALIZAVEL>0</EQUALIZAVEL><RECCREATEDBY>Juliana</RECCREATEDBY><RECCREATEDON>2014-10-02T17:43:57-03:00</RECCREATEDON><RECMODIFIEDBY>danilo.custodio</RECMODIFIEDBY><RECMODIFIEDON>2022-08-11T08:19:01-03:00</RECMODIFIEDON></MGIS><MGIS><CODCOLIGADA>51</CODCOLIGADA><IDPRJ>1</IDPRJ><IDGIS>23213</IDGIS><CODGIS>DIEQ</CODGIS><DESCGIS>RELOGIO DE PONTO</DESCGIS><GRUPODNER>A</GRUPODNER><BDI>1.00000000</BDI><LEISOCIAL>0</LEISOCIAL><EQUALIZAVEL>0</EQUALIZAVEL><RECCREATEDBY>danilo.custodio</RECCREATEDBY><RECCREATEDON>2015-09-09T16:09:07-03:00</RECCREATEDON><RECMODIFIEDBY>danilo.custodio</RECMODIFIEDBY><RECMODIFIEDON>2022-08-11T08:19:01-03:00</RECMODIFIEDON></MGIS><MGIS><CODCOLIGADA>51</CODCOLIGADA><IDPRJ>1</IDPRJ><IDGIS>23214</IDGIS><CODGIS>ECAT</CODGIS><DESCGIS>CATRACA</DESCGIS><GRUPODNER>A</GRUPODNER><BDI>1.00000000</BDI><LEISOCIAL>0</LEISOCIAL><EQUALIZAVEL>0</EQUALIZAVEL><RECCREATEDBY>barbara.marcolino</RECCREATEDBY><RECCREATEDON>2014-05-08T16:41:41-03:00</RECCREATEDON><RECMODIFIEDBY>danilo.custodio</RECMODIFIEDBY><RECMODIFIEDON>2022-08-11T08:19:01-03:00</RECMODIFIEDON></MGIS><MGIS><CODCOLIGADA>51</CODCOLIGADA><IDPRJ>1</IDPRJ><IDGIS>23215</IDGIS><CODGIS>DICT</CODGIS><DESCGIS>CONTAINER</DESCGIS><GRUPODNER>C</GRUPODNER><BDI>1.00000000</BDI><LEISOCIAL>0</LEISOCIAL><EQUALIZAVEL>0</EQUALIZAVEL><RECCREATEDBY>Juliana</RECCREATEDBY><RECCREATEDON>2013-09-19T16:33:03-03:00</RECCREATEDON><RECMODIFIEDBY>danilo.custodio</RECMODIFIEDBY><RECMODIFIEDON>2022-08-11T08:19:01-03:00</RECMODIFIEDON></MGIS><MGIS><CODCOLIGADA>51</CODCOLIGADA><IDPRJ>1</IDPRJ><IDGIS>23216</IDGIS><CODGIS>ECAB</CODGIS><DESCGIS>CAMINHAO</DESCGIS><GRUPODNER>A</GRUPODNER><BDI>1.00000000</BDI><LEISOCIAL>0</LEISOCIAL><CODISMINI>ECAB</CODISMINI><CODISMFIM>ECAB.999.999.9999</CODISMFIM><PRAZORESSUP>18</PRAZORESSUP><RECCREATEDBY>Juliana</RECCREATEDBY><RECCREATEDON>2013-02-18T11:05:27-03:00</RECCREATEDON><RECMODIFIEDBY>danilo.custodio</RECMODIFIEDBY><RECMODIFIEDON>2022-08-11T08:19:01-03:00</RECMODIFIEDON></MGIS><MGIS><CODCOLIGADA>51</CODCOLIGADA><IDPRJ>1</IDPRJ><IDGIS>23217</IDGIS><CODGIS>EESC</CODGIS><DESCGIS>ESCAVADEIRA / RETROESCAVADEITRA</DESCGIS><GRUPODNER>A</GRUPODNER><BDI>1.00000000</BDI><LEISOCIAL>0</LEISOCIAL><CODISMINI>EESC</CODISMINI><CODISMFIM>EESC.999.999.9999</CODISMFIM><PRAZORESSUP>18</PRAZORESSUP><RECCREATEDBY>Juliana</RECCREATEDBY><RECCREATEDON>2013-02-18T11:04:58-03:00</RECCREATEDON><RECMODIFIEDBY>danilo.custodio</RECMODIFIEDBY><RECMODIFIEDON>2022-08-11T08:19:01-03:00</RECMODIFIEDON></MGIS><MGIS><CODCOLIGADA>51</CODCOLIGADA><IDPRJ>1</IDPRJ><IDGIS>23218</IDGIS><CODGIS>EMAR</CODGIS><DESCGIS>MARTELETE</DESCGIS><GRUPODNER>A</GRUPODNER><BDI>1.00000000</BDI><LEISOCIAL>0</LEISOCIAL><CODISMINI>EMAR</CODISMINI><CODISMFIM>EMAR.999.999.9999</CODISMFIM><PRAZORESSUP>0</PRAZORESSUP><RECCREATEDBY>Juliana</RECCREATEDBY><RECCREATEDON>2013-02-18T11:11:03-03:00</RECCREATEDON><RECMODIFIEDBY>danilo.custodio</RECMODIFIEDBY><RECMODIFIEDON>2022-08-11T08:19:01-03:00</RECMODIFIEDON></MGIS><MGIS><CODCOLIGADA>51</CODCOLIGADA><IDPRJ>1</IDPRJ><IDGIS>23219</IDGIS><CODGIS>SEST</CODGIS><DESCGIS>ESTACA</DESCGIS><GRUPODNER>C</GRUPODNER><BDI>1.00000000</BDI><LEISOCIAL>0</LEISOCIAL><CODISMINI>SEST</CODISMINI><CODISMFIM>SEST.999.999.9999</CODISMFIM><PRAZORESSUP>18</PRAZORESSUP><RECCREATEDBY>Juliana</RECCREATEDBY><RECCREATEDON>2013-02-18T11:11:01-03:00</RECCREATEDON><RECMODIFIEDBY>danilo.custodio</RECMODIFIEDBY><RECMODIFIEDON>2022-08-11T08:19:01-03:00</RECMODIFIEDON></MGIS><MGIS><CODCOLIGADA>51</CODCOLIGADA><IDPRJ>1</IDPRJ><IDGIS>23220</IDGIS><CODGIS>MPER</CODGIS><DESCGIS>PERFIL</DESCGIS><GRUPODNER>N</GRUPODNER><BDI>1.00000000</BDI><LEISOCIAL>0</LEISOCIAL><EQUALIZAVEL>0</EQUALIZAVEL><RECCREATEDBY>Juliana</RECCREATEDBY><RECCREATEDON>2015-09-23T14:37:59-03:00</RECCREATEDON><RECMODIFIEDBY>danilo.custodio</RECMODIFIEDBY><RECMODIFIEDON>2022-08-11T08:19:01-03:00</RECMODIFIEDON></MGIS><MGIS><CODCOLIGADA>51</CODCOLIGADA><IDPRJ>1</IDPRJ><IDGIS>23221</IDGIS><CODGIS>MCAN</CODGIS><DESCGIS>CANTONEIRA</DESCGIS><GRUPODNER>C</GRUPODNER><BDI>1.00000000</BDI><LEISOCIAL>0</LEISOCIAL><PRAZORESSUP>18</PRAZORESSUP><EQUALIZAVEL>0</EQUALIZAVEL><RECCREATEDBY>barbara.marcolino</RECCREATEDBY><RECCREATEDON>2013-09-13T11:11:59-03:00</RECCREATEDON><RECMODIFIEDBY>danilo.custodio</RECMODIFIEDBY><RECMODIFIEDON>2022-08-11T08:19:01-03:00</RECMODIFIEDON></MGIS><MGIS><CODCOLIGADA>51</CODCOLIGADA><IDPRJ>1</IDPRJ><IDGIS>23222</IDGIS><CODGIS>MANE</CODGIS><DESCGIS>ANEL PRE-MOLDADO</DESCGIS><GRUPODNER>C</GRUPODNER><BDI>1.00000000</BDI><LEISOCIAL>0</LEISOCIAL><CODISMINI>MANE</CODISMINI><CODISMFIM>MANE.999.999.9999</CODISMFIM><PRAZORESSUP>18</PRAZORESSUP><RECCREATEDBY>Juliana</RECCREATEDBY><RECCREATEDON>2013-02-18T11:05:33-03:00</RECCREATEDON><RECMODIFIEDBY>danilo.custodio</RECMODIFIEDBY><RECMODIFIEDON>2022-08-11T08:19:01-03:00</RECMODIFIEDON></MGIS><MGIS><CODCOLIGADA>51</CODCOLIGADA><IDPRJ>1</IDPRJ><IDGIS>23223</IDGIS><CODGIS>MGRE</CODGIS><DESCGIS>GRELHA</DESCGIS><GRUPODNER>A</GRUPODNER><BDI>1.00000000</BDI><LEISOCIAL>0</LEISOCIAL><EQUALIZAVEL>0</EQUALIZAVEL><RECCREATEDBY>gabriel.lara</RECCREATEDBY><RECCREATEDON>2019-12-17T15:10:20-03:00</RECCREATEDON><RECMODIFIEDBY>danilo.custodio</RECMODIFIEDBY><RECMODIFIEDON>2022-08-11T08:19:01-03:00</RECMODIFIEDON></MGIS><MGIS><CODCOLIGADA>51</CODCOLIGADA><IDPRJ>1</IDPRJ><IDGIS>23224</IDGIS><CODGIS>MLAJ</CODGIS><DESCGIS>LAJE</DESCGIS><GRUPODNER>C</GRUPODNER><BDI>1.00000000</BDI><LEISOCIAL>0</LEISOCIAL><CODISMINI>MLAJ</CODISMINI><CODISMFIM>MLAJ.999.999.9999</CODISMFIM><PRAZORESSUP>18</PRAZORESSUP><RECCREATEDBY>Juliana</RECCREATEDBY><RECCREATEDON>2013-02-18T11:06:01-03:00</RECCREATEDON><RECMODIFIEDBY>danilo.custodio</RECMODIFIEDBY><RECMODIFIEDON>2022-08-11T08:19:01-03:00</RECMODIFIEDON></MGIS><MGIS><CODCOLIGADA>51</CODCOLIGADA><IDPRJ>1</IDPRJ><IDGIS>23225</IDGIS><CODGIS>ECPR</CODGIS><DESCGIS>COMPRESSOR</DESCGIS><GRUPODNER>A</GRUPODNER><BDI>1.00000000</BDI><LEISOCIAL>0</LEISOCIAL><CODISMINI>ECPR</CODISMINI><CODISMFIM>ECPR.999.999.9999</CODISMFIM><PRAZORESSUP>0</PRAZORESSUP><RECCREATEDBY>barbara.marcolino</RECCREATEDBY><RECCREATEDON>2013-03-11T16:47:21-03:00</RECCREATEDON><RECMODIFIEDBY>danilo.custodio</RECMODIFIEDBY><RECMODIFIEDON>2022-08-11T08:19:01-03:00</RECMODIFIEDON></MGIS><MGIS><CODCOLIGADA>51</CODCOLIGADA><IDPRJ>1</IDPRJ><IDGIS>23226</IDGIS><CODGIS>EMDE</CODGIS><DESCGIS>MARTELO DEMOLIDOR</DESCGIS><GRUPODNER>A</GRUPODNER><BDI>1.00000000</BDI><LEISOCIAL>0</LEISOCIAL><CODISMINI>EMDE</CODISMINI><CODISMFIM>EMDE.999.999.9999</CODISMFIM><PRAZORESSUP>0</PRAZORESSUP><RECCREATEDBY>barbara.marcolino</RECCREATEDBY><RECCREATEDON>2013-03-11T16:47:21-03:00</RECCREATEDON><RECMODIFIEDBY>danilo.custodio</RECMODIFIEDBY><RECMODIFIEDON>2022-08-11T08:19:01-03:00</RECMODIFIEDON></MGIS><MGIS><CODCOLIGADA>51</CODCOLIGADA><IDPRJ>1</IDPRJ><IDGIS>23227</IDGIS><CODGIS>MBLB</CODGIS><DESCGIS>BOCA DE LOBO</DESCGIS><GRUPODNER>C</GRUPODNER><BDI>1.00000000</BDI><LEISOCIAL>0</LEISOCIAL><EQUALIZAVEL>0</EQUALIZAVEL><RECCREATEDBY>Sandra.ramos</RECCREATEDBY><RECCREATEDON>2014-09-30T11:51:30-03:00</RECCREATEDON><RECMODIFIEDBY>danilo.custodio</RECMODIFIEDBY><RECMODIFIEDON>2022-08-11T08:19:01-03:00</RECMODIFIEDON></MGIS><MGIS><CODCOLIGADA>51</CODCOLIGADA><IDPRJ>1</IDPRJ><IDGIS>23228</IDGIS><CODGIS>MMEF</CODGIS><DESCGIS>MEIO FIO</DESCGIS><GRUPODNER>C</GRUPODNER><BDI>1.00000000</BDI><LEISOCIAL>0</LEISOCIAL><CODISMINI>MMEF</CODISMINI><CODISMFIM>MMEF.999.999.9999</CODISMFIM><PRAZORESSUP>21</PRAZORESSUP><RECCREATEDBY>Juliana</RECCREATEDBY><RECCREATEDON>2013-02-18T11:04:38-03:00</RECCREATEDON><RECMODIFIEDBY>danilo.custodio</RECMODIFIEDBY><RECMODIFIEDON>2022-08-11T08:19:01-03:00</RECMODIFIEDON></MGIS><MGIS><CODCOLIGADA>51</CODCOLIGADA><IDPRJ>1</IDPRJ><IDGIS>23229</IDGIS><CODGIS>SGRA</CODGIS><DESCGIS>GRAMA</DESCGIS><GRUPODNER>B</GRUPODNER><BDI>1.00000000</BDI><LEISOCIAL>0</LEISOCIAL><CODISMINI>SGRA</CODISMINI><CODISMFIM>SGRA.999.999.9999</CODISMFIM><PRAZORESSUP>21</PRAZORESSUP><RECCREATEDBY>Juliana</RECCREATEDBY><RECCREATEDON>2013-02-18T11:04:45-03:00</RECCREATEDON><RECMODIFIEDBY>danilo.custodio</RECMODIFIEDBY><RECMODIFIEDON>2022-08-11T08:19:01-03:00</RECMODIFIEDON></MGIS><MGIS><CODCOLIGADA>51</CODCOLIGADA><IDPRJ>1</IDPRJ><IDGIS>23230</IDGIS><CODGIS>MTCO</CODGIS><DESCGIS>TUBO DE CONCRETO / CANALETA DE CONCRETO</DESCGIS><GRUPODNER>C</GRUPODNER><BDI>1.00000000</BDI><LEISOCIAL>0</LEISOCIAL><CODISMINI>MTCO</CODISMINI><CODISMFIM>MTCO.999.999.9999</CODISMFIM><PRAZORESSUP>21</PRAZORESSUP><RECCREATEDBY>Juliana</RECCREATEDBY><RECCREATEDON>2013-02-18T11:05:39-03:00</RECCREATEDON><RECMODIFIEDBY>danilo.custodio</RECMODIFIEDBY><RECMODIFIEDON>2022-08-11T08:19:01-03:00</RECMODIFIEDON></MGIS><MGIS><CODCOLIGADA>51</CODCOLIGADA><IDPRJ>1</IDPRJ><IDGIS>23231</IDGIS><CODGIS>EMUC</CODGIS><DESCGIS>MUNCK</DESCGIS><GRUPODNER>A</GRUPODNER><BDI>1.00000000</BDI><LEISOCIAL>0</LEISOCIAL><CODISMINI>EMUC</CODISMINI><CODISMFIM>EMUC.999.999.9999</CODISMFIM><PRAZORESSUP>0</PRAZORESSUP><RECCREATEDBY>Juliana</RECCREATEDBY><RECCREATEDON>2012-06-13T08:52:29-03:00</RECCREATEDON><RECMODIFIEDBY>danilo.custodio</RECMODIFIEDBY><RECMODIFIEDON>2022-08-11T08:19:01-03:00</RECMODIFIEDON></MGIS><MGIS><CODCOLIGADA>51</CODCOLIGADA><IDPRJ>1</IDPRJ><IDGIS>23232</IDGIS><CODGIS>MGAL</CODGIS><DESCGIS>ADUELAS DE CONCRETO</DESCGIS><GRUPODNER>A</GRUPODNER><BDI>1.00000000</BDI><LEISOCIAL>0</LEISOCIAL><EQUALIZAVEL>0</EQUALIZAVEL><RECCREATEDBY>Sandra.ramos</RECCREATEDBY><RECCREATEDON>2015-04-22T16:56:49-03:00</RECCREATEDON><RECMODIFIEDBY>danilo.custodio</RECMODIFIEDBY><RECMODIFIEDON>2022-08-11T08:19:02-03:00</RECMODIFIEDON></MGIS><MGIS><CODCOLIGADA>51</CODCOLIGADA><IDPRJ>1</IDPRJ><IDGIS>23233</IDGIS><CODGIS>MGAB</CODGIS><DESCGIS>GABIAO</DESCGIS><GRUPODNER>A</GRUPODNER><BDI>1.00000000</BDI><LEISOCIAL>0</LEISOCIAL><EQUALIZAVEL>0</EQUALIZAVEL><RECCREATEDBY>danilo.custodio</RECCREATEDBY><RECCREATEDON>2018-07-10T17:05:29-03:00</RECCREATEDON><RECMODIFIEDBY>izabela.almeida</RECMODIFIEDBY><RECMODIFIEDON>2023-03-28T13:50:57-03:00</RECMODIFIEDON></MGIS><MGIS><CODCOLIGADA>51</CODCOLIGADA><IDPRJ>1</IDPRJ><IDGIS>23234</IDGIS><CODGIS>EBOM</CODGIS><DESCGIS>BOMBAS</DESCGIS><GRUPODNER>A</GRUPODNER><BDI>1.00000000</BDI><LEISOCIAL>0</LEISOCIAL><PRAZORESSUP>21</PRAZORESSUP><RECCREATEDBY>Juliana</RECCREATEDBY><RECCREATEDON>2013-02-18T11:05:17-03:00</RECCREATEDON><RECMODIFIEDBY>danilo.custodio</RECMODIFIEDBY><RECMODIFIEDON>2022-08-11T08:19:02-03:00</RECMODIFIEDON></MGIS><MGIS><CODCOLIGADA>51</CODCOLIGADA><IDPRJ>1</IDPRJ><IDGIS>23235</IDGIS><CODGIS>MCNC</CODGIS><DESCGIS>CANAL DE CONCRETO ARMADO</DESCGIS><GRUPODNER>A</GRUPODNER><BDI>1.00000000</BDI><LEISOCIAL>0</LEISOCIAL><EQUALIZAVEL>0</EQUALIZAVEL><RECCREATEDBY>gabriel.lara</RECCREATEDBY><RECCREATEDON>2019-12-18T13:29:51-03:00</RECCREATEDON><RECMODIFIEDBY>danilo.custodio</RECMODIFIEDBY><RECMODIFIEDON>2022-08-11T08:19:02-03:00</RECMODIFIEDON></MGIS><MGIS><CODCOLIGADA>51</CODCOLIGADA><IDPRJ>1</IDPRJ><IDGIS>23236</IDGIS><CODGIS>SEPI</CODGIS><DESCGIS>UNIFORMES/EQUIPAMENTOS DE SEGURANÇA INDIVIDUAL</DESCGIS><GRUPODNER>B</GRUPODNER><BDI>1.00000000</BDI><LEISOCIAL>0</LEISOCIAL><CODISMINI>SEPI</CODISMINI><CODISMFIM>SEPI.999.999.9999</CODISMFIM><PRAZORESSUP>30</PRAZORESSUP><RECCREATEDBY>Juliana</RECCREATEDBY><RECCREATEDON>2013-02-18T11:07:28-03:00</RECCREATEDON><RECMODIFIEDBY>danilo.custodio</RECMODIFIEDBY><RECMODIFIEDON>2022-08-11T08:19:02-03:00</RECMODIFIEDON></MGIS><MGIS><CODCOLIGADA>51</CODCOLIGADA><IDPRJ>1</IDPRJ><IDGIS>23237</IDGIS><CODGIS>EFER</CODGIS><DESCGIS>FERRAMENTAS</DESCGIS><GRUPODNER>A</GRUPODNER><BDI>1.00000000</BDI><LEISOCIAL>0</LEISOCIAL><CODISMINI>EFER</CODISMINI><CODISMFIM>EFER.999.999.9999</CODISMFIM><PRAZORESSUP>18</PRAZORESSUP><RECCREATEDBY>Juliana</RECCREATEDBY><RECCREATEDON>2013-02-18T11:07:34-03:00</RECCREATEDON><RECMODIFIEDBY>danilo.custodio</RECMODIFIEDBY><RECMODIFIEDON>2022-08-11T08:19:02-03:00</RECMODIFIEDON></MGIS><MGIS><CODCOLIGADA>51</CODCOLIGADA><IDPRJ>1</IDPRJ><IDGIS>23238</IDGIS><CODGIS>DIAL</CODGIS><DESCGIS>DESPESAS INDIRETAS DE ALOJAMENTO</DESCGIS><GRUPODNER>C</GRUPODNER><BDI>1.00000000</BDI><LEISOCIAL>0</LEISOCIAL><PRAZORESSUP>0</PRAZORESSUP><RECCREATEDBY>Juliana</RECCREATEDBY><RECCREATEDON>2012-06-13T08:52:28-03:00</RECCREATEDON><RECMODIFIEDBY>danilo.custodio</RECMODIFIEDBY><RECMODIFIEDON>2022-08-11T08:19:02-03:00</RECMODIFIEDON></MGIS><MGIS><CODCOLIGADA>51</CODCOLIGADA><IDPRJ>1</IDPRJ><IDGIS>23239</IDGIS><CODGIS>DICN</CODGIS><DESCGIS>CANTEIRO</DESCGIS><GRUPODNER>C</GRUPODNER><BDI>1.00000000</BDI><LEISOCIAL>0</LEISOCIAL><CODISMINI>DICN</CODISMINI><CODISMFIM>DICN.999.999.9999</CODISMFIM><PRAZORESSUP>18</PRAZORESSUP><RECCREATEDBY>Juliana</RECCREATEDBY><RECCREATEDON>2013-02-18T11:07:18-03:00</RECCREATEDON><RECMODIFIEDBY>danilo.custodio</RECMODIFIEDBY><RECMODIFIEDON>2022-08-11T08:19:02-03:00</RECMODIFIEDON></MGIS><MGIS><CODCOLIGADA>51</CODCOLIGADA><IDPRJ>1</IDPRJ><IDGIS>23240</IDGIS><CODGIS>MEPC</CODGIS><DESCGIS>EQUIPAMENTOS DE PROTECAO COLETIVA
</DESCGIS><GRUPODNER>A</GRUPODNER><BDI>1.00000000</BDI><LEISOCIAL>0</LEISOCIAL><EQUALIZAVEL>0</EQUALIZAVEL><RECCREATEDBY>danilo.custodio</RECCREATEDBY><RECCREATEDON>2016-05-17T15:18:24-03:00</RECCREATEDON><RECMODIFIEDBY>danilo.custodio</RECMODIFIEDBY><RECMODIFIEDON>2022-08-11T08:19:02-03:00</RECMODIFIEDON></MGIS><MGIS><CODCOLIGADA>51</CODCOLIGADA><IDPRJ>1</IDPRJ><IDGIS>23241</IDGIS><CODGIS>ECPC</CODGIS><DESCGIS>CARREGADEIRA / PA CARREGADEIRA</DESCGIS><GRUPODNER>A</GRUPODNER><BDI>1.00000000</BDI><LEISOCIAL>0</LEISOCIAL><CODISMINI>ECPC</CODISMINI><CODISMFIM>ECPC.999.999.9999</CODISMFIM><PRAZORESSUP>0</PRAZORESSUP><RECCREATEDBY>Juliana</RECCREATEDBY><RECCREATEDON>2013-02-18T11:07:32-03:00</RECCREATEDON><RECMODIFIEDBY>danilo.custodio</RECMODIFIEDBY><RECMODIFIEDON>2022-08-11T08:19:02-03:00</RECMODIFIEDON></MGIS><MGIS><CODCOLIGADA>51</CODCOLIGADA><IDPRJ>1</IDPRJ><IDGIS>23242</IDGIS><CODGIS>MEQP</CODGIS><DESCGIS>EQUIPAMENTOS QUADRA / CENTRO SOCIAL / LAZER</DESCGIS><GRUPODNER>C</GRUPODNER><BDI>1.00000000</BDI><LEISOCIAL>0</LEISOCIAL><CODISMINI>MEQP</CODISMINI><CODISMFIM>MEQP.999.999.9999</CODISMFIM><PRAZORESSUP>18</PRAZORESSUP><RECCREATEDBY>Juliana</RECCREATEDBY><RECCREATEDON>2013-02-18T11:04:48-03:00</RECCREATEDON><RECMODIFIEDBY>danilo.custodio</RECMODIFIEDBY><RECMODIFIEDON>2022-08-11T08:19:02-03:00</RECMODIFIEDON></MGIS><MGIS><CODCOLIGADA>51</CODCOLIGADA><IDPRJ>1</IDPRJ><IDGIS>23243</IDGIS><CODGIS>STAF</CODGIS><DESCGIS>ASFALTO</DESCGIS><GRUPODNER>B</GRUPODNER><BDI>1.00000000</BDI><LEISOCIAL>0</LEISOCIAL><CODISMINI>STAF</CODISMINI><CODISMFIM>STAF.999.999.9999</CODISMFIM><PRAZORESSUP>0</PRAZORESSUP><RECCREATEDBY>Juliana</RECCREATEDBY><RECCREATEDON>2013-02-18T11:04:42-03:00</RECCREATEDON><RECMODIFIEDBY>danilo.custodio</RECMODIFIEDBY><RECMODIFIEDON>2022-08-11T08:19:02-03:00</RECMODIFIEDON></MGIS><MGIS><CODCOLIGADA>51</CODCOLIGADA><IDPRJ>1</IDPRJ><IDGIS>23244</IDGIS><CODGIS>MCHU</CODGIS><DESCGIS>CHURRASQUEIRA</DESCGIS><GRUPODNER>C</GRUPODNER><BDI>1.00000000</BDI><LEISOCIAL>0</LEISOCIAL><EQUALIZAVEL>0</EQUALIZAVEL><RECCREATEDBY>Juliana</RECCREATEDBY><RECCREATEDON>2013-01-16T15:49:28-03:00</RECCREATEDON><RECMODIFIEDBY>danilo.custodio</RECMODIFIEDBY><RECMODIFIEDON>2022-08-11T08:19:03-03:00</RECMODIFIEDON></MGIS><MGIS><CODCOLIGADA>51</CODCOLIGADA><IDPRJ>1</IDPRJ><IDGIS>23245</IDGIS><CODGIS>MRGE</CODGIS><DESCGIS>REVESTIMENTO EM GESSO</DESCGIS><GRUPODNER>C</GRUPODNER><BDI>1.00000000</BDI><LEISOCIAL>0</LEISOCIAL><CODISMINI>MRGE</CODISMINI><CODISMFIM>MRGE.999.999.9999</CODISMFIM><PRAZORESSUP>18</PRAZORESSUP><RECCREATEDBY>Juliana</RECCREATEDBY><RECCREATEDON>2013-02-18T11:06:26-03:00</RECCREATEDON><RECMODIFIEDBY>danilo.custodio</RECMODIFIEDBY><RECMODIFIEDON>2022-08-11T08:19:03-03:00</RECMODIFIEDON></MGIS><MGIS><CODCOLIGADA>51</CODCOLIGADA><IDPRJ>1</IDPRJ><IDGIS>23246</IDGIS><CODGIS>EQES</CODGIS><DESCGIS>ESCORAMENTO BLINDADO
</DESCGIS><GRUPODNER>A</GRUPODNER><BDI>1.00000000</BDI><LEISOCIAL>0</LEISOCIAL><CODISMINI>EQES.   .   .</CODISMINI><CODISMFIM>EQES.999.999.9999</CODISMFIM><PRAZORESSUP>18</PRAZORESSUP><EQUALIZAVEL>0</EQUALIZAVEL><RECCREATEDBY>danilo.custodio</RECCREATEDBY><RECCREATEDON>2015-09-09T11:57:58-03:00</RECCREATEDON><RECMODIFIEDBY>danilo.custodio</RECMODIFIEDBY><RECMODIFIEDON>2022-08-11T08:19:03-03:00</RECMODIFIEDON></MGIS><MGIS><CODCOLIGADA>51</CODCOLIGADA><IDPRJ>1</IDPRJ><IDGIS>23247</IDGIS><CODGIS>METE</CODGIS><DESCGIS>MATERIAL ETE</DESCGIS><GRUPODNER>A</GRUPODNER><BDI>1.00000000</BDI><LEISOCIAL>0</LEISOCIAL><EQUALIZAVEL>0</EQUALIZAVEL><RECCREATEDBY>danilo.custodio</RECCREATEDBY><RECCREATEDON>2019-12-19T15:44:21-03:00</RECCREATEDON><RECMODIFIEDBY>danilo.custodio</RECMODIFIEDBY><RECMODIFIEDON>2022-08-11T08:19:05-03:00</RECMODIFIEDON></MGIS><MGIS><CODCOLIGADA>51</CODCOLIGADA><IDPRJ>1</IDPRJ><IDGIS>23248</IDGIS><CODGIS>MEXA</CODGIS><DESCGIS>EXAUSTOR</DESCGIS><GRUPODNER>A</GRUPODNER><BDI>1.00000000</BDI><LEISOCIAL>0</LEISOCIAL><EQUALIZAVEL>0</EQUALIZAVEL><RECCREATEDBY>gabriel.lara</RECCREATEDBY><RECCREATEDON>2020-02-04T15:37:04-03:00</RECCREATEDON><RECMODIFIEDBY>danilo.custodio</RECMODIFIEDBY><RECMODIFIEDON>2022-08-11T08:19:06-03:00</RECMODIFIEDON></MGIS><MGIS><CODCOLIGADA>51</CODCOLIGADA><IDPRJ>1</IDPRJ><IDGIS>23249</IDGIS><CODGIS>EECA</CODGIS><DESCGIS>ELEVADOR DE CARGA</DESCGIS><GRUPODNER>A</GRUPODNER><BDI>1.00000000</BDI><LEISOCIAL>0</LEISOCIAL><EQUALIZAVEL>0</EQUALIZAVEL><RECCREATEDBY>vitoria.cota</RECCREATEDBY><RECCREATEDON>2021-08-17T10:51:50-03:00</RECCREATEDON><RECMODIFIEDBY>danilo.custodio</RECMODIFIEDBY><RECMODIFIEDON>2022-08-11T08:19:06-03:00</RECMODIFIEDON></MGIS><MGIS><CODCOLIGADA>51</CODCOLIGADA><IDPRJ>1</IDPRJ><IDGIS>23250</IDGIS><CODGIS>MCEF</CODGIS><DESCGIS>CERCAS/FECHAMENTOS</DESCGIS><GRUPODNER>C</GRUPODNER><BDI>1.00000000</BDI><LEISOCIAL>0</LEISOCIAL><PRAZORESSUP>18</PRAZORESSUP><EQUALIZAVEL>0</EQUALIZAVEL><RECCREATEDBY>Juliana</RECCREATEDBY><RECCREATEDON>2013-04-05T17:36:40-03:00</RECCREATEDON><RECMODIFIEDBY>danilo.custodio</RECMODIFIEDBY><RECMODIFIEDON>2022-08-11T08:19:06-03:00</RECMODIFIEDON></MGIS><MGIS><CODCOLIGADA>51</CODCOLIGADA><IDPRJ>1</IDPRJ><IDGIS>23251</IDGIS><CODGIS>MMOU</CODGIS><DESCGIS>MOURAO</DESCGIS><GRUPODNER>C</GRUPODNER><BDI>1.00000000</BDI><LEISOCIAL>0</LEISOCIAL><PRAZORESSUP>18</PRAZORESSUP><EQUALIZAVEL>0</EQUALIZAVEL><RECCREATEDBY>Sandra.ramos</RECCREATEDBY><RECCREATEDON>2013-12-09T11:34:38-03:00</RECCREATEDON><RECMODIFIEDBY>danilo.custodio</RECMODIFIEDBY><RECMODIFIEDON>2022-08-11T08:19:07-03:00</RECMODIFIEDON></MGIS><MGIS><CODCOLIGADA>51</CODCOLIGADA><IDPRJ>1</IDPRJ><IDGIS>23252</IDGIS><CODGIS>MSIN</CODGIS><DESCGIS>MATERIAL DE SINALIZACAO</DESCGIS><GRUPODNER>C</GRUPODNER><BDI>1.00000000</BDI><LEISOCIAL>0</LEISOCIAL><EQUALIZAVEL>0</EQUALIZAVEL><RECCREATEDBY>Juliana</RECCREATEDBY><RECCREATEDON>2016-10-26T08:56:03-03:00</RECCREATEDON><RECMODIFIEDBY>danilo.custodio</RECMODIFIEDBY><RECMODIFIEDON>2022-08-11T08:19:07-03:00</RECMODIFIEDON></MGIS><MGIS><CODCOLIGADA>51</CODCOLIGADA><IDPRJ>1</IDPRJ><IDGIS>23253</IDGIS><CODGIS>ETRA</CODGIS><DESCGIS>TRATOR</DESCGIS><GRUPODNER>A</GRUPODNER><BDI>1.00000000</BDI><LEISOCIAL>0</LEISOCIAL><EQUALIZAVEL>0</EQUALIZAVEL><RECCREATEDBY>Juliana</RECCREATEDBY><RECCREATEDON>2018-03-13T18:57:38-03:00</RECCREATEDON><RECMODIFIEDBY>danilo.custodio</RECMODIFIEDBY><RECMODIFIEDON>2022-08-11T08:19:07-03:00</RECMODIFIEDON></MGIS><MGIS><CODCOLIGADA>51</CODCOLIGADA><IDPRJ>1</IDPRJ><IDGIS>23254</IDGIS><CODGIS>MROD</CODGIS><DESCGIS>RODAPE</DESCGIS><GRUPODNER>A</GRUPODNER><BDI>1.00000000</BDI><LEISOCIAL>0</LEISOCIAL><EQUALIZAVEL>0</EQUALIZAVEL><RECCREATEDBY>gabriel.lara</RECCREATEDBY><RECCREATEDON>2020-12-11T16:53:02-03:00</RECCREATEDON><RECMODIFIEDBY>danilo.custodio</RECMODIFIEDBY><RECMODIFIEDON>2022-08-11T08:19:08-03:00</RECMODIFIEDON></MGIS><MGIS><CODCOLIGADA>51</CODCOLIGADA><IDPRJ>1</IDPRJ><IDGIS>24735</IDGIS><CODGIS>EGAB</CODGIS><DESCGIS>GABARITO</DESCGIS><GRUPODNER>A</GRUPODNER><BDI>1.00000000</BDI><LEISOCIAL>0</LEISOCIAL><CODISMINI>EGAB</CODISMINI><CODISMFIM>EGAB.999.999.9999</CODISMFIM><PRAZORESSUP>18</PRAZORESSUP><RECCREATEDBY>Juliana</RECCREATEDBY><RECCREATEDON>2013-02-18T11:07:31-03:00</RECCREATEDON><RECMODIFIEDBY>danilo.custodio</RECMODIFIEDBY><RECMODIFIEDON>2022-12-21T13:27:39-03:00</RECMODIFIEDON></MGIS><MGIS><CODCOLIGADA>51</CODCOLIGADA><IDPRJ>1</IDPRJ><IDGIS>24736</IDGIS><CODGIS>SPSG</CODGIS><DESCGIS>PAISAGISMO (PLANTIO DE ARVORES)</DESCGIS><GRUPODNER>B</GRUPODNER><BDI>1.00000000</BDI><LEISOCIAL>0</LEISOCIAL><CODISMINI>SPSG</CODISMINI><CODISMFIM>SPSG.999.999.9999</CODISMFIM><PRAZORESSUP>18</PRAZORESSUP><RECCREATEDBY>Juliana</RECCREATEDBY><RECCREATEDON>2013-06-13T09:05:45-03:00</RECCREATEDON><RECMODIFIEDBY>danilo.custodio</RECMODIFIEDBY><RECMODIFIEDON>2022-12-21T13:27:39-03:00</RECMODIFIEDON></MGIS><MGIS><CODCOLIGADA>51</CODCOLIGADA><IDPRJ>1</IDPRJ><IDGIS>24737</IDGIS><CODGIS>MPED</CODGIS><DESCGIS>PEDRAS DE REVESTIMENTO</DESCGIS><GRUPODNER>A</GRUPODNER><BDI>1.00000000</BDI><LEISOCIAL>0</LEISOCIAL><EQUALIZAVEL>0</EQUALIZAVEL><RECCREATEDBY>danilo.custodio</RECCREATEDBY><RECCREATEDON>2019-07-23T11:17:42-03:00</RECCREATEDON><RECMODIFIEDBY>danilo.custodio</RECMODIFIEDBY><RECMODIFIEDON>2022-12-21T13:27:39-03:00</RECMODIFIEDON></MGIS><MGIS><CODCOLIGADA>51</CODCOLIGADA><IDPRJ>1</IDPRJ><IDGIS>24738</IDGIS><CODGIS>ESCM</CODGIS><DESCGIS>CIMBRAMENTO METALICO</DESCGIS><GRUPODNER>A</GRUPODNER><BDI>1.00000000</BDI><LEISOCIAL>0</LEISOCIAL><CODISMINI>ESCM</CODISMINI><CODISMFIM>ESCM.999.999.9999</CODISMFIM><PRAZORESSUP>18</PRAZORESSUP><RECCREATEDBY>Juliana</RECCREATEDBY><RECCREATEDON>2013-02-18T11:05:03-03:00</RECCREATEDON><RECMODIFIEDBY>danilo.custodio</RECMODIFIEDBY><RECMODIFIEDON>2022-12-21T13:27:40-03:00</RECMODIFIEDON></MGIS><MGIS><CODCOLIGADA>51</CODCOLIGADA><IDPRJ>1</IDPRJ><IDGIS>24739</IDGIS><CODGIS>DIBQ</CODGIS><DESCGIS>BANHEIRO QUIMICO</DESCGIS><GRUPODNER>A</GRUPODNER><BDI>1.00000000</BDI><LEISOCIAL>0</LEISOCIAL><EQUALIZAVEL>0</EQUALIZAVEL><RECCREATEDBY>barbara.marcolino</RECCREATEDBY><RECCREATEDON>2014-04-30T10:53:07-03:00</RECCREATEDON><RECMODIFIEDBY>danilo.custodio</RECMODIFIEDBY><RECMODIFIEDON>2023-01-04T13:11:09-03:00</RECMODIFIEDON></MGIS><MGIS><CODCOLIGADA>51</CODCOLIGADA><IDPRJ>1</IDPRJ><IDGIS>24740</IDGIS><CODGIS>DICM</CODGIS><DESCGIS>CACAMBA</DESCGIS><GRUPODNER>A</GRUPODNER><BDI>1.00000000</BDI><LEISOCIAL>0</LEISOCIAL><EQUALIZAVEL>0</EQUALIZAVEL><RECCREATEDBY>danilo.custodio</RECCREATEDBY><RECCREATEDON>2019-05-07T17:26:18-03:00</RECCREATEDON><RECMODIFIEDBY>danilo.custodio</RECMODIFIEDBY><RECMODIFIEDON>2023-01-04T13:11:09-03:00</RECMODIFIEDON></MGIS><MGIS><CODCOLIGADA>51</CODCOLIGADA><IDPRJ>1</IDPRJ><IDGIS>24741</IDGIS><CODGIS>EGRU</CODGIS><DESCGIS>GRUA</DESCGIS><GRUPODNER>A</GRUPODNER><BDI>1.00000000</BDI><LEISOCIAL>0</LEISOCIAL><EQUALIZAVEL>0</EQUALIZAVEL><RECCREATEDBY>danilo.custodio</RECCREATEDBY><RECCREATEDON>2021-08-26T15:50:40-03:00</RECCREATEDON><RECMODIFIEDBY>danilo.custodio</RECMODIFIEDBY><RECMODIFIEDON>2023-01-04T13:11:09-03:00</RECMODIFIEDON></MGIS><MGIS><CODCOLIGADA>51</CODCOLIGADA><IDPRJ>1</IDPRJ><IDGIS>24742</IDGIS><CODGIS>MELV</CODGIS><DESCGIS>ELEVADOR</DESCGIS><GRUPODNER>A</GRUPODNER><BDI>1.00000000</BDI><LEISOCIAL>0</LEISOCIAL><EQUALIZAVEL>0</EQUALIZAVEL><RECCREATEDBY>danilo.custodio</RECCREATEDBY><RECCREATEDON>2019-04-01T11:23:33-03:00</RECCREATEDON><RECMODIFIEDBY>danilo.custodio</RECMODIFIEDBY><RECMODIFIEDON>2023-01-04T13:11:10-03:00</RECMODIFIEDON></MGIS><MGIS><CODCOLIGADA>51</CODCOLIGADA><IDPRJ>1</IDPRJ><IDGIS>24743</IDGIS><CODGIS>STRE</CODGIS><DESCGIS>REFEICAO - (MO DIRETA)
</DESCGIS><GRUPODNER>C</GRUPODNER><BDI>1.00000000</BDI><LEISOCIAL>0</LEISOCIAL><EQUALIZAVEL>0</EQUALIZAVEL><RECCREATEDBY>adria.soares</RECCREATEDBY><RECCREATEDON>2014-04-22T09:31:44-03:00</RECCREATEDON><RECMODIFIEDBY>danilo.custodio</RECMODIFIEDBY><RECMODIFIEDON>2023-01-04T13:11:11-03:00</RECMODIFIEDON></MGIS><MGIS><CODCOLIGADA>51</CODCOLIGADA><IDPRJ>1</IDPRJ><IDGIS>24744</IDGIS><CODGIS>MALB</CODGIS><DESCGIS>ALAMBRADO</DESCGIS><GRUPODNER>C</GRUPODNER><BDI>1.00000000</BDI><LEISOCIAL>0</LEISOCIAL><CODISMINI>MALB</CODISMINI><CODISMFIM>MALB.999.999.9999</CODISMFIM><PRAZORESSUP>0</PRAZORESSUP><RECCREATEDBY>Juliana</RECCREATEDBY><RECCREATEDON>2013-02-18T11:04:52-03:00</RECCREATEDON><RECMODIFIEDBY>danilo.custodio</RECMODIFIEDBY><RECMODIFIEDON>2023-01-05T08:30:32-03:00</RECMODIFIEDON></MGIS></NewDataSet>