﻿<NewDataSet><xs:schema id="NewDataSet" xmlns="" xmlns:xs="http://www.w3.org/2001/XMLSchema" xmlns:msdata="urn:schemas-microsoft-com:xml-msdata" xmlns:msprop="urn:schemas-microsoft-com:xml-msprop"><xs:element name="NewDataSet" msdata:IsDataSet="true" msdata:MainDataTable="MISMAPROP" msdata:UseCurrentLocale="true"><xs:complexType><xs:choice minOccurs="0" maxOccurs="unbounded"><xs:element name="MISMAPROP" msprop:_x0023__x0023_SQLFetch="00:00:00" msprop:_x0040_SQL="  SELECT * FROM MISMAPROP (NOLOCK)   WHERE (CODCOLIGADA = 51 AND IDPRJ = 1)  "><xs:complexType><xs:sequence><xs:element name="CODCOLIGADA" type="xs:short" minOccurs="0" /><xs:element name="IDPRJ" type="xs:int" minOccurs="0" /><xs:element name="IDTRF" type="xs:int" minOccurs="0" /><xs:element name="IDISM" type="xs:int" minOccurs="0" /><xs:element name="IDAPROP" type="xs:int" minOccurs="0" /><xs:element name="PRECOUNITARIO" type="xs:decimal" minOccurs="0" /><xs:element name="QUANTIDADE" type="xs:decimal" minOccurs="0" /><xs:element name="OBSERVACAO" type="xs:string" minOccurs="0" /><xs:element name="DATAMOVIMENTO" type="xs:dateTime" minOccurs="0" /><xs:element name="DATAAPROPRIACAO" type="xs:dateTime" minOccurs="0" /><xs:element name="MOEDA" type="xs:string" minOccurs="0" /><xs:element name="CHAPA" type="xs:string" minOccurs="0" /><xs:element name="CODPESSOA" type="xs:int" minOccurs="0" /><xs:element name="CHAPARESP" type="xs:string" minOccurs="0" /><xs:element name="ENVIADOLABORE" type="xs:int" minOccurs="0" /><xs:element name="IDPRJREC" type="xs:int" minOccurs="0" /><xs:element name="CODBEM" type="xs:string" minOccurs="0" /><xs:element name="EVENTOLABORE" type="xs:string" minOccurs="0" /><xs:element name="CODPESSOARESP" type="xs:int" minOccurs="0" /><xs:element name="DATAHORAINICIAL" type="xs:dateTime" minOccurs="0" /><xs:element name="DATAHORAFINAL" type="xs:dateTime" minOccurs="0" /><xs:element name="CODEXTERNO" type="xs:string" minOccurs="0" /><xs:element name="CODEXTERNORESP" type="xs:string" minOccurs="0" /><xs:element name="LANCADOCRONOG" type="xs:short" minOccurs="0" /><xs:element name="RECCREATEDBY" type="xs:string" minOccurs="0" /><xs:element name="RECCREATEDON" type="xs:dateTime" minOccurs="0" /><xs:element name="RECMODIFIEDBY" type="xs:string" minOccurs="0" /><xs:element name="RECMODIFIEDON" type="xs:dateTime" minOccurs="0" /><xs:element name="IDPATRIMONIO" type="xs:int" minOccurs="0" /><xs:element name="IDEQUIPE" type="xs:int" minOccurs="0" /><xs:element name="IDMOTIVOPRODIMPROD" type="xs:int" minOccurs="0" /><xs:element name="ORIGEMAPROP" type="xs:short" minOccurs="0" /><xs:element name="CODCOLRECURSO" type="xs:short" minOccurs="0" /><xs:element name="CODCOLRECURSORESP" type="xs:short" minOccurs="0" /><xs:element name="IDMOV" type="xs:int" minOccurs="0" /></xs:sequence></xs:complexType></xs:element></xs:choice></xs:complexType></xs:element></xs:schema></NewDataSet>