﻿<NewDataSet><xs:schema id="NewDataSet" xmlns="" xmlns:xs="http://www.w3.org/2001/XMLSchema" xmlns:msdata="urn:schemas-microsoft-com:xml-msdata" xmlns:msprop="urn:schemas-microsoft-com:xml-msprop"><xs:element name="NewDataSet" msdata:IsDataSet="true" msdata:MainDataTable="MOBRA" msdata:UseCurrentLocale="true"><xs:complexType><xs:choice minOccurs="0" maxOccurs="unbounded"><xs:element name="MOBRA" msprop:_x0023__x0023_SQLFetch="00:00:00" msprop:_x0040_SQL="  SELECT * FROM MOBRA (NOLOCK)   WHERE (CODCOLIGADA = 51 AND IDPRJ = 1)  "><xs:complexType><xs:sequence><xs:element name="CODCOLIGADA" type="xs:short" minOccurs="0" /><xs:element name="IDPRJ" type="xs:int" minOccurs="0" /><xs:element name="IDOBRA" type="xs:int" minOccurs="0" /><xs:element name="CAMPOLIVRE1" type="xs:string" minOccurs="0" /><xs:element name="CAMPOLIVRE2" type="xs:string" minOccurs="0" /><xs:element name="CAMPOLIVRE3" type="xs:string" minOccurs="0" /><xs:element name="CAMPOLIVRE4" type="xs:string" minOccurs="0" /><xs:element name="CAMPOLIVREVALOR1" type="xs:decimal" minOccurs="0" /><xs:element name="CAMPOLIVREVALOR2" type="xs:decimal" minOccurs="0" /><xs:element name="DATAINICIO" type="xs:dateTime" minOccurs="0" /><xs:element name="DATAFIM" type="xs:dateTime" minOccurs="0" /><xs:element name="CODLOC" type="xs:string" minOccurs="0" /><xs:element name="IDOBJOF" type="xs:string" minOccurs="0" /><xs:element name="RUA" type="xs:string" minOccurs="0" /><xs:element name="NUMERO" type="xs:string" minOccurs="0" /><xs:element name="COMPLEMENTO" type="xs:string" minOccurs="0" /><xs:element name="CIDADE" type="xs:string" minOccurs="0" /><xs:element name="ESTADO" type="xs:string" minOccurs="0" /><xs:element name="PAIS" type="xs:string" minOccurs="0" /><xs:element name="CEP" type="xs:string" minOccurs="0" /><xs:element name="CODFILIAL" type="xs:short" minOccurs="0" /><xs:element name="RECCREATEDBY" type="xs:string" minOccurs="0" /><xs:element name="RECCREATEDON" type="xs:dateTime" minOccurs="0" /><xs:element name="RECMODIFIEDBY" type="xs:string" minOccurs="0" /><xs:element name="RECMODIFIEDON" type="xs:dateTime" minOccurs="0" /></xs:sequence></xs:complexType></xs:element></xs:choice></xs:complexType></xs:element></xs:schema><MOBRA><CODCOLIGADA>51</CODCOLIGADA><IDPRJ>1</IDPRJ><IDOBRA>1</IDOBRA><CODLOC>3.0001</CODLOC><CODFILIAL>2</CODFILIAL><RECCREATEDBY>gabriel.lara</RECCREATEDBY><RECCREATEDON>2022-07-05T11:36:30-03:00</RECCREATEDON><RECMODIFIEDBY>gabriel.lara</RECMODIFIEDBY><RECMODIFIEDON>2022-07-05T11:36:34-03:00</RECMODIFIEDON></MOBRA><MOBRA><CODCOLIGADA>51</CODCOLIGADA><IDPRJ>1</IDPRJ><IDOBRA>401</IDOBRA><CODLOC>3.0001</CODLOC><CODFILIAL>2</CODFILIAL><RECCREATEDBY>gabriel.lara</RECCREATEDBY><RECCREATEDON>2022-11-04T10:38:03-03:00</RECCREATEDON><RECMODIFIEDBY>gabriel.lara</RECMODIFIEDBY><RECMODIFIEDON>2022-11-04T10:38:07-03:00</RECMODIFIEDON></MOBRA><MOBRA><CODCOLIGADA>51</CODCOLIGADA><IDPRJ>1</IDPRJ><IDOBRA>402</IDOBRA><CODLOC>3.0001</CODLOC><CODFILIAL>2</CODFILIAL><RECCREATEDBY>wagner.prado</RECCREATEDBY><RECCREATEDON>2023-01-09T09:26:43-03:00</RECCREATEDON><RECMODIFIEDBY>wagner.prado</RECMODIFIEDBY><RECMODIFIEDON>2023-01-09T09:38:40-03:00</RECMODIFIEDON></MOBRA><MOBRA><CODCOLIGADA>51</CODCOLIGADA><IDPRJ>1</IDPRJ><IDOBRA>440</IDOBRA><CODLOC>3.0001</CODLOC><CODFILIAL>2</CODFILIAL><RECCREATEDBY>wagner.prado</RECCREATEDBY><RECCREATEDON>2023-01-09T09:39:28-03:00</RECCREATEDON><RECMODIFIEDBY>wagner.prado</RECMODIFIEDBY><RECMODIFIEDON>2023-01-09T09:39:30-03:00</RECMODIFIEDON></MOBRA><MOBRA><CODCOLIGADA>51</CODCOLIGADA><IDPRJ>1</IDPRJ><IDOBRA>482</IDOBRA><CODLOC>3.0001</CODLOC><CODFILIAL>2</CODFILIAL><RECCREATEDBY>gabriel.lara</RECCREATEDBY><RECCREATEDON>2023-01-31T09:14:56-03:00</RECCREATEDON><RECMODIFIEDBY>gabriel.lara</RECMODIFIEDBY><RECMODIFIEDON>2023-01-31T09:15:00-03:00</RECMODIFIEDON></MOBRA><MOBRA><CODCOLIGADA>51</CODCOLIGADA><IDPRJ>1</IDPRJ><IDOBRA>514</IDOBRA><CODLOC>3.0001</CODLOC><CODFILIAL>2</CODFILIAL><RECCREATEDBY>wagner.prado</RECCREATEDBY><RECCREATEDON>2023-01-09T09:47:36-03:00</RECCREATEDON><RECMODIFIEDBY>wagner.prado</RECMODIFIEDBY><RECMODIFIEDON>2023-01-09T09:47:45-03:00</RECMODIFIEDON></MOBRA><MOBRA><CODCOLIGADA>51</CODCOLIGADA><IDPRJ>1</IDPRJ><IDOBRA>543</IDOBRA><CODLOC>3.0001</CODLOC><CODFILIAL>2</CODFILIAL><RECCREATEDBY>wagner.prado</RECCREATEDBY><RECCREATEDON>2023-01-09T09:39:41-03:00</RECCREATEDON><RECMODIFIEDBY>wagner.prado</RECMODIFIEDBY><RECMODIFIEDON>2023-01-09T09:39:44-03:00</RECMODIFIEDON></MOBRA><MOBRA><CODCOLIGADA>51</CODCOLIGADA><IDPRJ>1</IDPRJ><IDOBRA>591</IDOBRA><CODLOC>3.0001</CODLOC><CODFILIAL>2</CODFILIAL><RECCREATEDBY>wagner.prado</RECCREATEDBY><RECCREATEDON>2023-01-09T09:48:31-03:00</RECCREATEDON><RECMODIFIEDBY>wagner.prado</RECMODIFIEDBY><RECMODIFIEDON>2023-01-09T09:48:36-03:00</RECMODIFIEDON></MOBRA><MOBRA><CODCOLIGADA>51</CODCOLIGADA><IDPRJ>1</IDPRJ><IDOBRA>646</IDOBRA><CODLOC>3.0001</CODLOC><CODFILIAL>2</CODFILIAL><RECCREATEDBY>wagner.prado</RECCREATEDBY><RECCREATEDON>2023-01-09T09:48:00-03:00</RECCREATEDON><RECMODIFIEDBY>wagner.prado</RECMODIFIEDBY><RECMODIFIEDON>2023-01-09T09:48:04-03:00</RECMODIFIEDON></MOBRA><MOBRA><CODCOLIGADA>51</CODCOLIGADA><IDPRJ>1</IDPRJ><IDOBRA>693</IDOBRA><CODLOC>3.0001</CODLOC><CODFILIAL>2</CODFILIAL><RECCREATEDBY>gabriel.lara</RECCREATEDBY><RECCREATEDON>2023-01-31T09:15:21-03:00</RECCREATEDON><RECMODIFIEDBY>gabriel.lara</RECMODIFIEDBY><RECMODIFIEDON>2023-01-31T09:15:25-03:00</RECMODIFIEDON></MOBRA><MOBRA><CODCOLIGADA>51</CODCOLIGADA><IDPRJ>1</IDPRJ><IDOBRA>715</IDOBRA><CODLOC>3.0001</CODLOC><CODFILIAL>2</CODFILIAL><RECCREATEDBY>wagner.prado</RECCREATEDBY><RECCREATEDON>2023-01-09T09:48:13-03:00</RECCREATEDON><RECMODIFIEDBY>wagner.prado</RECMODIFIEDBY><RECMODIFIEDON>2023-01-09T09:48:15-03:00</RECMODIFIEDON></MOBRA><MOBRA><CODCOLIGADA>51</CODCOLIGADA><IDPRJ>1</IDPRJ><IDOBRA>738</IDOBRA><CODLOC>3.0001</CODLOC><CODFILIAL>2</CODFILIAL><RECCREATEDBY>wagner.prado</RECCREATEDBY><RECCREATEDON>2023-01-09T09:48:50-03:00</RECCREATEDON><RECMODIFIEDBY>wagner.prado</RECMODIFIEDBY><RECMODIFIEDON>2023-01-09T09:49:34-03:00</RECMODIFIEDON></MOBRA><MOBRA><CODCOLIGADA>51</CODCOLIGADA><IDPRJ>1</IDPRJ><IDOBRA>750</IDOBRA><CODLOC>3.0001</CODLOC><CODFILIAL>2</CODFILIAL><RECCREATEDBY>wagner.prado</RECCREATEDBY><RECCREATEDON>2023-01-09T09:48:58-03:00</RECCREATEDON><RECMODIFIEDBY>wagner.prado</RECMODIFIEDBY><RECMODIFIEDON>2023-01-09T09:49:15-03:00</RECMODIFIEDON></MOBRA><MOBRA><CODCOLIGADA>51</CODCOLIGADA><IDPRJ>1</IDPRJ><IDOBRA>851</IDOBRA><CODLOC>3.0001</CODLOC><CODFILIAL>2</CODFILIAL><RECCREATEDBY>wagner.prado</RECCREATEDBY><RECCREATEDON>2023-01-09T09:49:06-03:00</RECCREATEDON><RECMODIFIEDBY>wagner.prado</RECMODIFIEDBY><RECMODIFIEDON>2023-01-09T09:49:26-03:00</RECMODIFIEDON></MOBRA><MOBRA><CODCOLIGADA>51</CODCOLIGADA><IDPRJ>1</IDPRJ><IDOBRA>1002</IDOBRA><CODLOC>3.0001</CODLOC><CODFILIAL>2</CODFILIAL><RECCREATEDBY>wagner.prado</RECCREATEDBY><RECCREATEDON>2023-01-09T09:39:12-03:00</RECCREATEDON><RECMODIFIEDBY>wagner.prado</RECMODIFIEDBY><RECMODIFIEDON>2023-01-09T09:39:15-03:00</RECMODIFIEDON></MOBRA><MOBRA><CODCOLIGADA>51</CODCOLIGADA><IDPRJ>1</IDPRJ><IDOBRA>1339</IDOBRA><CODLOC>3.0001</CODLOC><CODFILIAL>2</CODFILIAL><RECCREATEDBY>wagner.prado</RECCREATEDBY><RECCREATEDON>2023-01-09T09:32:07-03:00</RECCREATEDON><RECMODIFIEDBY>wagner.prado</RECMODIFIEDBY><RECMODIFIEDON>2023-01-09T09:32:10-03:00</RECMODIFIEDON></MOBRA><MOBRA><CODCOLIGADA>51</CODCOLIGADA><IDPRJ>1</IDPRJ><IDOBRA>1730</IDOBRA><CODLOC>3.0001</CODLOC><CODFILIAL>2</CODFILIAL><RECCREATEDBY>gabriel.lara</RECCREATEDBY><RECCREATEDON>2023-01-31T09:14:44-03:00</RECCREATEDON><RECMODIFIEDBY>gabriel.lara</RECMODIFIEDBY><RECMODIFIEDON>2023-01-31T09:14:48-03:00</RECMODIFIEDON></MOBRA><MOBRA><CODCOLIGADA>51</CODCOLIGADA><IDPRJ>1</IDPRJ><IDOBRA>2002</IDOBRA><CODLOC>3.0001</CODLOC><CODFILIAL>2</CODFILIAL><RECCREATEDBY>wagner.prado</RECCREATEDBY><RECCREATEDON>2023-01-09T09:49:56-03:00</RECCREATEDON><RECMODIFIEDBY>wagner.prado</RECMODIFIEDBY><RECMODIFIEDON>2023-01-09T09:50:01-03:00</RECMODIFIEDON></MOBRA><MOBRA><CODCOLIGADA>51</CODCOLIGADA><IDPRJ>1</IDPRJ><IDOBRA>2102</IDOBRA><CODLOC>3.0001</CODLOC><CODFILIAL>2</CODFILIAL><RECCREATEDBY>wagner.prado</RECCREATEDBY><RECCREATEDON>2023-01-09T09:50:05-03:00</RECCREATEDON><RECMODIFIEDBY>wagner.prado</RECMODIFIEDBY><RECMODIFIEDON>2023-01-09T09:50:10-03:00</RECMODIFIEDON></MOBRA><MOBRA><CODCOLIGADA>51</CODCOLIGADA><IDPRJ>1</IDPRJ><IDOBRA>2302</IDOBRA><CODLOC>3.0001</CODLOC><CODFILIAL>2</CODFILIAL><RECCREATEDBY>wagner.prado</RECCREATEDBY><RECCREATEDON>2023-01-09T09:50:19-03:00</RECCREATEDON><RECMODIFIEDBY>wagner.prado</RECMODIFIEDBY><RECMODIFIEDON>2023-01-09T09:50:24-03:00</RECMODIFIEDON></MOBRA><MOBRA><CODCOLIGADA>51</CODCOLIGADA><IDPRJ>1</IDPRJ><IDOBRA>2402</IDOBRA><CODLOC>3.0001</CODLOC><CODFILIAL>2</CODFILIAL><RECCREATEDBY>wagner.prado</RECCREATEDBY><RECCREATEDON>2023-01-09T09:50:29-03:00</RECCREATEDON><RECMODIFIEDBY>wagner.prado</RECMODIFIEDBY><RECMODIFIEDON>2023-01-09T09:50:32-03:00</RECMODIFIEDON></MOBRA><MOBRA><CODCOLIGADA>51</CODCOLIGADA><IDPRJ>1</IDPRJ><IDOBRA>2502</IDOBRA><CODLOC>3.0001</CODLOC><CODFILIAL>2</CODFILIAL><RECCREATEDBY>wagner.prado</RECCREATEDBY><RECCREATEDON>2023-01-09T09:50:38-03:00</RECCREATEDON><RECMODIFIEDBY>wagner.prado</RECMODIFIEDBY><RECMODIFIEDON>2023-01-09T09:50:41-03:00</RECMODIFIEDON></MOBRA><MOBRA><CODCOLIGADA>51</CODCOLIGADA><IDPRJ>1</IDPRJ><IDOBRA>2802</IDOBRA><CODLOC>3.0001</CODLOC><CODFILIAL>2</CODFILIAL><RECCREATEDBY>wagner.prado</RECCREATEDBY><RECCREATEDON>2023-01-09T09:50:46-03:00</RECCREATEDON><RECMODIFIEDBY>wagner.prado</RECMODIFIEDBY><RECMODIFIEDON>2023-01-09T09:50:48-03:00</RECMODIFIEDON></MOBRA><MOBRA><CODCOLIGADA>51</CODCOLIGADA><IDPRJ>1</IDPRJ><IDOBRA>2902</IDOBRA><CODLOC>3.0001</CODLOC><CODFILIAL>2</CODFILIAL><RECCREATEDBY>gabriel.lara</RECCREATEDBY><RECCREATEDON>2023-01-31T09:16:29-03:00</RECCREATEDON><RECMODIFIEDBY>gabriel.lara</RECMODIFIEDBY><RECMODIFIEDON>2023-01-31T09:16:33-03:00</RECMODIFIEDON></MOBRA><MOBRA><CODCOLIGADA>51</CODCOLIGADA><IDPRJ>1</IDPRJ><IDOBRA>2939</IDOBRA><CODLOC>3.0001</CODLOC><CODFILIAL>2</CODFILIAL><RECCREATEDBY>wagner.prado</RECCREATEDBY><RECCREATEDON>2023-01-09T09:51:07-03:00</RECCREATEDON><RECMODIFIEDBY>wagner.prado</RECMODIFIEDBY><RECMODIFIEDON>2023-01-09T09:51:10-03:00</RECMODIFIEDON></MOBRA><MOBRA><CODCOLIGADA>51</CODCOLIGADA><IDPRJ>1</IDPRJ><IDOBRA>3304</IDOBRA><CODLOC>3.0001</CODLOC><CODFILIAL>2</CODFILIAL><RECCREATEDBY>wagner.prado</RECCREATEDBY><RECCREATEDON>2023-01-09T09:28:34-03:00</RECCREATEDON><RECMODIFIEDBY>wagner.prado</RECMODIFIEDBY><RECMODIFIEDON>2023-01-09T09:38:30-03:00</RECMODIFIEDON></MOBRA><MOBRA><CODCOLIGADA>51</CODCOLIGADA><IDPRJ>1</IDPRJ><IDOBRA>4011</IDOBRA><CAMPOLIVRE1>Campo Livre 1</CAMPOLIVRE1><CAMPOLIVRE2>Campo Livre 2</CAMPOLIVRE2><CAMPOLIVRE3>Campo Livre 3</CAMPOLIVRE3><CAMPOLIVRE4>Campo Livre 4</CAMPOLIVRE4><CAMPOLIVREVALOR1>0.0000</CAMPOLIVREVALOR1><CAMPOLIVREVALOR2>0.0000</CAMPOLIVREVALOR2><CODLOC>3.0001</CODLOC><CODFILIAL>2</CODFILIAL><RECCREATEDBY>wagner.prado</RECCREATEDBY><RECCREATEDON>2023-03-22T09:12:57-03:00</RECCREATEDON><RECMODIFIEDBY>gabriel.lara</RECMODIFIEDBY><RECMODIFIEDON>2023-03-31T11:45:23-03:00</RECMODIFIEDON></MOBRA><MOBRA><CODCOLIGADA>51</CODCOLIGADA><IDPRJ>1</IDPRJ><IDOBRA>4874</IDOBRA><CAMPOLIVRE1>Campo Livre 1</CAMPOLIVRE1><CAMPOLIVRE2>Campo Livre 2</CAMPOLIVRE2><CAMPOLIVRE3>Campo Livre 3</CAMPOLIVRE3><CAMPOLIVRE4>Campo Livre 4</CAMPOLIVRE4><CAMPOLIVREVALOR1>0.0000</CAMPOLIVREVALOR1><CAMPOLIVREVALOR2>0.0000</CAMPOLIVREVALOR2><CODLOC>3.0001</CODLOC><CODFILIAL>2</CODFILIAL><RECCREATEDBY>wagner.prado</RECCREATEDBY><RECCREATEDON>2023-03-24T09:28:05-03:00</RECCREATEDON><RECMODIFIEDBY>gabriel.lara</RECMODIFIEDBY><RECMODIFIEDON>2023-03-31T11:46:46-03:00</RECMODIFIEDON></MOBRA><MOBRA><CODCOLIGADA>51</CODCOLIGADA><IDPRJ>1</IDPRJ><IDOBRA>4997</IDOBRA><CAMPOLIVRE1>Campo Livre 1</CAMPOLIVRE1><CAMPOLIVRE2>Campo Livre 2</CAMPOLIVRE2><CAMPOLIVRE3>Campo Livre 3</CAMPOLIVRE3><CAMPOLIVRE4>Campo Livre 4</CAMPOLIVRE4><CAMPOLIVREVALOR1>0.0000</CAMPOLIVREVALOR1><CAMPOLIVREVALOR2>0.0000</CAMPOLIVREVALOR2><CODLOC>3.0001</CODLOC><CODFILIAL>2</CODFILIAL><RECCREATEDBY>wagner.prado</RECCREATEDBY><RECCREATEDON>2023-03-24T13:26:21-03:00</RECCREATEDON><RECMODIFIEDBY>gabriel.lara</RECMODIFIEDBY><RECMODIFIEDON>2023-03-31T11:46:39-03:00</RECMODIFIEDON></MOBRA></NewDataSet>