﻿<NewDataSet><xs:schema id="NewDataSet" xmlns="" xmlns:xs="http://www.w3.org/2001/XMLSchema" xmlns:msdata="urn:schemas-microsoft-com:xml-msdata" xmlns:msprop="urn:schemas-microsoft-com:xml-msprop"><xs:element name="NewDataSet" msdata:IsDataSet="true" msdata:MainDataTable="MPERIODO" msdata:UseCurrentLocale="true"><xs:complexType><xs:choice minOccurs="0" maxOccurs="unbounded"><xs:element name="MPERIODO" msprop:_x0023__x0023_SQLFetch="00:00:00" msprop:_x0040_SQL="  SELECT * FROM MPERIODO (NOLOCK)   WHERE (CODCOLIGADA = 51 AND IDPRJ = 1)  "><xs:complexType><xs:sequence><xs:element name="CODCOLIGADA" type="xs:short" minOccurs="0" /><xs:element name="IDPRJ" type="xs:int" minOccurs="0" /><xs:element name="IDPERIODO" type="xs:int" minOccurs="0" /><xs:element name="DTINICIO" type="xs:dateTime" minOccurs="0" /><xs:element name="DTFIM" type="xs:dateTime" minOccurs="0" /><xs:element name="RECCREATEDBY" type="xs:string" minOccurs="0" /><xs:element name="RECCREATEDON" type="xs:dateTime" minOccurs="0" /><xs:element name="RECMODIFIEDBY" type="xs:string" minOccurs="0" /><xs:element name="RECMODIFIEDON" type="xs:dateTime" minOccurs="0" /></xs:sequence></xs:complexType></xs:element></xs:choice></xs:complexType></xs:element></xs:schema><MPERIODO><CODCOLIGADA>51</CODCOLIGADA><IDPRJ>1</IDPRJ><IDPERIODO>1</IDPERIODO><DTINICIO>2022-08-01T00:00:00-03:00</DTINICIO><DTFIM>2022-08-31T00:00:00-03:00</DTFIM><RECCREATEDBY>gabriel.lara</RECCREATEDBY><RECCREATEDON>2023-01-27T14:18:42-03:00</RECCREATEDON><RECMODIFIEDBY>gabriel.lara</RECMODIFIEDBY><RECMODIFIEDON>2023-01-27T14:18:42-03:00</RECMODIFIEDON></MPERIODO><MPERIODO><CODCOLIGADA>51</CODCOLIGADA><IDPRJ>1</IDPRJ><IDPERIODO>2</IDPERIODO><DTINICIO>2022-09-01T00:00:00-03:00</DTINICIO><DTFIM>2022-09-30T00:00:00-03:00</DTFIM><RECCREATEDBY>gabriel.lara</RECCREATEDBY><RECCREATEDON>2023-01-27T14:18:42-03:00</RECCREATEDON><RECMODIFIEDBY>gabriel.lara</RECMODIFIEDBY><RECMODIFIEDON>2023-01-27T14:18:42-03:00</RECMODIFIEDON></MPERIODO><MPERIODO><CODCOLIGADA>51</CODCOLIGADA><IDPRJ>1</IDPRJ><IDPERIODO>3</IDPERIODO><DTINICIO>2022-10-01T00:00:00-03:00</DTINICIO><DTFIM>2022-10-31T00:00:00-03:00</DTFIM><RECCREATEDBY>gabriel.lara</RECCREATEDBY><RECCREATEDON>2023-01-27T14:18:42-03:00</RECCREATEDON><RECMODIFIEDBY>gabriel.lara</RECMODIFIEDBY><RECMODIFIEDON>2023-01-27T14:18:42-03:00</RECMODIFIEDON></MPERIODO><MPERIODO><CODCOLIGADA>51</CODCOLIGADA><IDPRJ>1</IDPRJ><IDPERIODO>4</IDPERIODO><DTINICIO>2022-11-01T00:00:00-03:00</DTINICIO><DTFIM>2022-11-30T00:00:00-03:00</DTFIM><RECCREATEDBY>gabriel.lara</RECCREATEDBY><RECCREATEDON>2023-01-27T14:18:42-03:00</RECCREATEDON><RECMODIFIEDBY>gabriel.lara</RECMODIFIEDBY><RECMODIFIEDON>2023-01-27T14:18:42-03:00</RECMODIFIEDON></MPERIODO><MPERIODO><CODCOLIGADA>51</CODCOLIGADA><IDPRJ>1</IDPRJ><IDPERIODO>5</IDPERIODO><DTINICIO>2022-12-01T00:00:00-03:00</DTINICIO><DTFIM>2022-12-31T00:00:00-03:00</DTFIM><RECCREATEDBY>gabriel.lara</RECCREATEDBY><RECCREATEDON>2023-01-27T14:18:42-03:00</RECCREATEDON><RECMODIFIEDBY>gabriel.lara</RECMODIFIEDBY><RECMODIFIEDON>2023-01-27T14:18:42-03:00</RECMODIFIEDON></MPERIODO><MPERIODO><CODCOLIGADA>51</CODCOLIGADA><IDPRJ>1</IDPRJ><IDPERIODO>6</IDPERIODO><DTINICIO>2023-01-01T00:00:00-03:00</DTINICIO><DTFIM>2023-01-31T00:00:00-03:00</DTFIM><RECCREATEDBY>gabriel.lara</RECCREATEDBY><RECCREATEDON>2023-01-27T14:18:42-03:00</RECCREATEDON><RECMODIFIEDBY>gabriel.lara</RECMODIFIEDBY><RECMODIFIEDON>2023-01-27T14:18:42-03:00</RECMODIFIEDON></MPERIODO><MPERIODO><CODCOLIGADA>51</CODCOLIGADA><IDPRJ>1</IDPRJ><IDPERIODO>7</IDPERIODO><DTINICIO>2023-02-01T00:00:00-03:00</DTINICIO><DTFIM>2023-02-28T00:00:00-03:00</DTFIM><RECCREATEDBY>gabriel.lara</RECCREATEDBY><RECCREATEDON>2023-01-27T14:18:42-03:00</RECCREATEDON><RECMODIFIEDBY>gabriel.lara</RECMODIFIEDBY><RECMODIFIEDON>2023-01-27T14:18:42-03:00</RECMODIFIEDON></MPERIODO><MPERIODO><CODCOLIGADA>51</CODCOLIGADA><IDPRJ>1</IDPRJ><IDPERIODO>8</IDPERIODO><DTINICIO>2023-03-01T00:00:00-03:00</DTINICIO><DTFIM>2023-03-31T00:00:00-03:00</DTFIM><RECCREATEDBY>gabriel.lara</RECCREATEDBY><RECCREATEDON>2023-01-27T14:18:42-03:00</RECCREATEDON><RECMODIFIEDBY>gabriel.lara</RECMODIFIEDBY><RECMODIFIEDON>2023-01-27T14:18:42-03:00</RECMODIFIEDON></MPERIODO><MPERIODO><CODCOLIGADA>51</CODCOLIGADA><IDPRJ>1</IDPRJ><IDPERIODO>9</IDPERIODO><DTINICIO>2023-04-01T00:00:00-03:00</DTINICIO><DTFIM>2023-04-30T00:00:00-03:00</DTFIM><RECCREATEDBY>gabriel.lara</RECCREATEDBY><RECCREATEDON>2023-01-27T14:18:42-03:00</RECCREATEDON><RECMODIFIEDBY>gabriel.lara</RECMODIFIEDBY><RECMODIFIEDON>2023-01-27T14:18:42-03:00</RECMODIFIEDON></MPERIODO><MPERIODO><CODCOLIGADA>51</CODCOLIGADA><IDPRJ>1</IDPRJ><IDPERIODO>10</IDPERIODO><DTINICIO>2023-05-01T00:00:00-03:00</DTINICIO><DTFIM>2023-05-31T00:00:00-03:00</DTFIM><RECCREATEDBY>gabriel.lara</RECCREATEDBY><RECCREATEDON>2023-01-27T14:18:42-03:00</RECCREATEDON><RECMODIFIEDBY>gabriel.lara</RECMODIFIEDBY><RECMODIFIEDON>2023-01-27T14:18:42-03:00</RECMODIFIEDON></MPERIODO><MPERIODO><CODCOLIGADA>51</CODCOLIGADA><IDPRJ>1</IDPRJ><IDPERIODO>11</IDPERIODO><DTINICIO>2023-06-01T00:00:00-03:00</DTINICIO><DTFIM>2023-06-30T00:00:00-03:00</DTFIM><RECCREATEDBY>gabriel.lara</RECCREATEDBY><RECCREATEDON>2023-01-27T14:18:42-03:00</RECCREATEDON><RECMODIFIEDBY>gabriel.lara</RECMODIFIEDBY><RECMODIFIEDON>2023-01-27T14:18:42-03:00</RECMODIFIEDON></MPERIODO><MPERIODO><CODCOLIGADA>51</CODCOLIGADA><IDPRJ>1</IDPRJ><IDPERIODO>12</IDPERIODO><DTINICIO>2023-07-01T00:00:00-03:00</DTINICIO><DTFIM>2023-07-31T00:00:00-03:00</DTFIM><RECCREATEDBY>gabriel.lara</RECCREATEDBY><RECCREATEDON>2023-01-27T14:18:42-03:00</RECCREATEDON><RECMODIFIEDBY>gabriel.lara</RECMODIFIEDBY><RECMODIFIEDON>2023-01-27T14:18:42-03:00</RECMODIFIEDON></MPERIODO><MPERIODO><CODCOLIGADA>51</CODCOLIGADA><IDPRJ>1</IDPRJ><IDPERIODO>13</IDPERIODO><DTINICIO>2023-08-01T00:00:00-03:00</DTINICIO><DTFIM>2023-08-31T00:00:00-03:00</DTFIM><RECCREATEDBY>gabriel.lara</RECCREATEDBY><RECCREATEDON>2023-01-27T14:18:42-03:00</RECCREATEDON><RECMODIFIEDBY>gabriel.lara</RECMODIFIEDBY><RECMODIFIEDON>2023-01-27T14:18:42-03:00</RECMODIFIEDON></MPERIODO><MPERIODO><CODCOLIGADA>51</CODCOLIGADA><IDPRJ>1</IDPRJ><IDPERIODO>14</IDPERIODO><DTINICIO>2023-09-01T00:00:00-03:00</DTINICIO><DTFIM>2023-09-30T00:00:00-03:00</DTFIM><RECCREATEDBY>gabriel.lara</RECCREATEDBY><RECCREATEDON>2023-01-27T14:18:42-03:00</RECCREATEDON><RECMODIFIEDBY>gabriel.lara</RECMODIFIEDBY><RECMODIFIEDON>2023-01-27T14:18:42-03:00</RECMODIFIEDON></MPERIODO><MPERIODO><CODCOLIGADA>51</CODCOLIGADA><IDPRJ>1</IDPRJ><IDPERIODO>15</IDPERIODO><DTINICIO>2023-10-01T00:00:00-03:00</DTINICIO><DTFIM>2023-10-31T00:00:00-03:00</DTFIM><RECCREATEDBY>gabriel.lara</RECCREATEDBY><RECCREATEDON>2023-01-27T14:18:42-03:00</RECCREATEDON><RECMODIFIEDBY>gabriel.lara</RECMODIFIEDBY><RECMODIFIEDON>2023-01-27T14:18:42-03:00</RECMODIFIEDON></MPERIODO><MPERIODO><CODCOLIGADA>51</CODCOLIGADA><IDPRJ>1</IDPRJ><IDPERIODO>16</IDPERIODO><DTINICIO>2023-11-01T00:00:00-03:00</DTINICIO><DTFIM>2023-11-30T00:00:00-03:00</DTFIM><RECCREATEDBY>gabriel.lara</RECCREATEDBY><RECCREATEDON>2023-01-27T14:18:42-03:00</RECCREATEDON><RECMODIFIEDBY>gabriel.lara</RECMODIFIEDBY><RECMODIFIEDON>2023-01-27T14:18:42-03:00</RECMODIFIEDON></MPERIODO><MPERIODO><CODCOLIGADA>51</CODCOLIGADA><IDPRJ>1</IDPRJ><IDPERIODO>17</IDPERIODO><DTINICIO>2023-12-01T00:00:00-03:00</DTINICIO><DTFIM>2023-12-31T00:00:00-03:00</DTFIM><RECCREATEDBY>gabriel.lara</RECCREATEDBY><RECCREATEDON>2023-01-27T14:18:42-03:00</RECCREATEDON><RECMODIFIEDBY>gabriel.lara</RECMODIFIEDBY><RECMODIFIEDON>2023-01-27T14:18:42-03:00</RECMODIFIEDON></MPERIODO><MPERIODO><CODCOLIGADA>51</CODCOLIGADA><IDPRJ>1</IDPRJ><IDPERIODO>18</IDPERIODO><DTINICIO>2024-01-01T00:00:00-03:00</DTINICIO><DTFIM>2024-01-31T00:00:00-03:00</DTFIM><RECCREATEDBY>gabriel.lara</RECCREATEDBY><RECCREATEDON>2023-01-27T14:18:42-03:00</RECCREATEDON><RECMODIFIEDBY>gabriel.lara</RECMODIFIEDBY><RECMODIFIEDON>2023-01-27T14:18:42-03:00</RECMODIFIEDON></MPERIODO><MPERIODO><CODCOLIGADA>51</CODCOLIGADA><IDPRJ>1</IDPRJ><IDPERIODO>19</IDPERIODO><DTINICIO>2024-02-01T00:00:00-03:00</DTINICIO><DTFIM>2024-02-29T00:00:00-03:00</DTFIM><RECCREATEDBY>gabriel.lara</RECCREATEDBY><RECCREATEDON>2023-01-27T14:18:42-03:00</RECCREATEDON><RECMODIFIEDBY>gabriel.lara</RECMODIFIEDBY><RECMODIFIEDON>2023-01-27T14:18:42-03:00</RECMODIFIEDON></MPERIODO><MPERIODO><CODCOLIGADA>51</CODCOLIGADA><IDPRJ>1</IDPRJ><IDPERIODO>20</IDPERIODO><DTINICIO>2024-03-01T00:00:00-03:00</DTINICIO><DTFIM>2024-03-31T00:00:00-03:00</DTFIM><RECCREATEDBY>gabriel.lara</RECCREATEDBY><RECCREATEDON>2023-01-27T14:18:42-03:00</RECCREATEDON><RECMODIFIEDBY>gabriel.lara</RECMODIFIEDBY><RECMODIFIEDON>2023-01-27T14:18:42-03:00</RECMODIFIEDON></MPERIODO><MPERIODO><CODCOLIGADA>51</CODCOLIGADA><IDPRJ>1</IDPRJ><IDPERIODO>21</IDPERIODO><DTINICIO>2024-04-01T00:00:00-03:00</DTINICIO><DTFIM>2024-04-30T00:00:00-03:00</DTFIM><RECCREATEDBY>gabriel.lara</RECCREATEDBY><RECCREATEDON>2023-01-27T14:18:42-03:00</RECCREATEDON><RECMODIFIEDBY>gabriel.lara</RECMODIFIEDBY><RECMODIFIEDON>2023-01-27T14:18:42-03:00</RECMODIFIEDON></MPERIODO><MPERIODO><CODCOLIGADA>51</CODCOLIGADA><IDPRJ>1</IDPRJ><IDPERIODO>22</IDPERIODO><DTINICIO>2024-05-01T00:00:00-03:00</DTINICIO><DTFIM>2024-05-31T00:00:00-03:00</DTFIM><RECCREATEDBY>gabriel.lara</RECCREATEDBY><RECCREATEDON>2023-01-27T14:18:42-03:00</RECCREATEDON><RECMODIFIEDBY>gabriel.lara</RECMODIFIEDBY><RECMODIFIEDON>2023-01-27T14:18:42-03:00</RECMODIFIEDON></MPERIODO><MPERIODO><CODCOLIGADA>51</CODCOLIGADA><IDPRJ>1</IDPRJ><IDPERIODO>23</IDPERIODO><DTINICIO>2024-06-01T00:00:00-03:00</DTINICIO><DTFIM>2024-06-30T00:00:00-03:00</DTFIM><RECCREATEDBY>gabriel.lara</RECCREATEDBY><RECCREATEDON>2023-01-27T14:18:42-03:00</RECCREATEDON><RECMODIFIEDBY>gabriel.lara</RECMODIFIEDBY><RECMODIFIEDON>2023-01-27T14:18:42-03:00</RECMODIFIEDON></MPERIODO><MPERIODO><CODCOLIGADA>51</CODCOLIGADA><IDPRJ>1</IDPRJ><IDPERIODO>24</IDPERIODO><DTINICIO>2024-07-01T00:00:00-03:00</DTINICIO><DTFIM>2024-07-31T00:00:00-03:00</DTFIM><RECCREATEDBY>gabriel.lara</RECCREATEDBY><RECCREATEDON>2023-01-27T14:18:42-03:00</RECCREATEDON><RECMODIFIEDBY>gabriel.lara</RECMODIFIEDBY><RECMODIFIEDON>2023-01-27T14:18:42-03:00</RECMODIFIEDON></MPERIODO><MPERIODO><CODCOLIGADA>51</CODCOLIGADA><IDPRJ>1</IDPRJ><IDPERIODO>25</IDPERIODO><DTINICIO>2024-08-01T00:00:00-03:00</DTINICIO><DTFIM>2024-08-31T00:00:00-03:00</DTFIM><RECCREATEDBY>gabriel.lara</RECCREATEDBY><RECCREATEDON>2023-01-27T14:18:42-03:00</RECCREATEDON><RECMODIFIEDBY>gabriel.lara</RECMODIFIEDBY><RECMODIFIEDON>2023-01-27T14:18:42-03:00</RECMODIFIEDON></MPERIODO><MPERIODO><CODCOLIGADA>51</CODCOLIGADA><IDPRJ>1</IDPRJ><IDPERIODO>26</IDPERIODO><DTINICIO>2024-09-01T00:00:00-03:00</DTINICIO><DTFIM>2024-09-30T00:00:00-03:00</DTFIM><RECCREATEDBY>gabriel.lara</RECCREATEDBY><RECCREATEDON>2023-01-27T14:18:42-03:00</RECCREATEDON><RECMODIFIEDBY>gabriel.lara</RECMODIFIEDBY><RECMODIFIEDON>2023-01-27T14:18:42-03:00</RECMODIFIEDON></MPERIODO><MPERIODO><CODCOLIGADA>51</CODCOLIGADA><IDPRJ>1</IDPRJ><IDPERIODO>27</IDPERIODO><DTINICIO>2024-10-01T00:00:00-03:00</DTINICIO><DTFIM>2024-10-31T00:00:00-03:00</DTFIM><RECCREATEDBY>gabriel.lara</RECCREATEDBY><RECCREATEDON>2023-01-27T14:18:42-03:00</RECCREATEDON><RECMODIFIEDBY>gabriel.lara</RECMODIFIEDBY><RECMODIFIEDON>2023-01-27T14:18:42-03:00</RECMODIFIEDON></MPERIODO><MPERIODO><CODCOLIGADA>51</CODCOLIGADA><IDPRJ>1</IDPRJ><IDPERIODO>28</IDPERIODO><DTINICIO>2024-11-01T00:00:00-03:00</DTINICIO><DTFIM>2024-11-30T00:00:00-03:00</DTFIM><RECCREATEDBY>gabriel.lara</RECCREATEDBY><RECCREATEDON>2023-01-27T14:18:42-03:00</RECCREATEDON><RECMODIFIEDBY>gabriel.lara</RECMODIFIEDBY><RECMODIFIEDON>2023-01-27T14:18:42-03:00</RECMODIFIEDON></MPERIODO><MPERIODO><CODCOLIGADA>51</CODCOLIGADA><IDPRJ>1</IDPRJ><IDPERIODO>29</IDPERIODO><DTINICIO>2024-12-01T00:00:00-03:00</DTINICIO><DTFIM>2024-12-31T00:00:00-03:00</DTFIM><RECCREATEDBY>gabriel.lara</RECCREATEDBY><RECCREATEDON>2023-01-27T14:18:42-03:00</RECCREATEDON><RECMODIFIEDBY>gabriel.lara</RECMODIFIEDBY><RECMODIFIEDON>2023-01-27T14:18:42-03:00</RECMODIFIEDON></MPERIODO><MPERIODO><CODCOLIGADA>51</CODCOLIGADA><IDPRJ>1</IDPRJ><IDPERIODO>30</IDPERIODO><DTINICIO>2025-01-01T00:00:00-03:00</DTINICIO><DTFIM>2025-01-31T00:00:00-03:00</DTFIM><RECCREATEDBY>gabriel.lara</RECCREATEDBY><RECCREATEDON>2023-01-27T14:18:42-03:00</RECCREATEDON><RECMODIFIEDBY>gabriel.lara</RECMODIFIEDBY><RECMODIFIEDON>2023-01-27T14:18:42-03:00</RECMODIFIEDON></MPERIODO><MPERIODO><CODCOLIGADA>51</CODCOLIGADA><IDPRJ>1</IDPRJ><IDPERIODO>31</IDPERIODO><DTINICIO>2025-02-01T00:00:00-03:00</DTINICIO><DTFIM>2025-02-28T00:00:00-03:00</DTFIM><RECCREATEDBY>gabriel.lara</RECCREATEDBY><RECCREATEDON>2023-01-27T14:18:42-03:00</RECCREATEDON><RECMODIFIEDBY>gabriel.lara</RECMODIFIEDBY><RECMODIFIEDON>2023-01-27T14:18:42-03:00</RECMODIFIEDON></MPERIODO><MPERIODO><CODCOLIGADA>51</CODCOLIGADA><IDPRJ>1</IDPRJ><IDPERIODO>32</IDPERIODO><DTINICIO>2025-03-01T00:00:00-03:00</DTINICIO><DTFIM>2025-03-31T00:00:00-03:00</DTFIM><RECCREATEDBY>gabriel.lara</RECCREATEDBY><RECCREATEDON>2023-01-27T14:18:42-03:00</RECCREATEDON><RECMODIFIEDBY>gabriel.lara</RECMODIFIEDBY><RECMODIFIEDON>2023-01-27T14:18:42-03:00</RECMODIFIEDON></MPERIODO><MPERIODO><CODCOLIGADA>51</CODCOLIGADA><IDPRJ>1</IDPRJ><IDPERIODO>33</IDPERIODO><DTINICIO>2025-04-01T00:00:00-03:00</DTINICIO><DTFIM>2025-04-30T00:00:00-03:00</DTFIM><RECCREATEDBY>gabriel.lara</RECCREATEDBY><RECCREATEDON>2023-01-27T14:18:42-03:00</RECCREATEDON><RECMODIFIEDBY>gabriel.lara</RECMODIFIEDBY><RECMODIFIEDON>2023-01-27T14:18:42-03:00</RECMODIFIEDON></MPERIODO><MPERIODO><CODCOLIGADA>51</CODCOLIGADA><IDPRJ>1</IDPRJ><IDPERIODO>34</IDPERIODO><DTINICIO>2025-05-01T00:00:00-03:00</DTINICIO><DTFIM>2025-05-31T00:00:00-03:00</DTFIM><RECCREATEDBY>gabriel.lara</RECCREATEDBY><RECCREATEDON>2023-01-27T14:18:42-03:00</RECCREATEDON><RECMODIFIEDBY>gabriel.lara</RECMODIFIEDBY><RECMODIFIEDON>2023-01-27T14:18:42-03:00</RECMODIFIEDON></MPERIODO><MPERIODO><CODCOLIGADA>51</CODCOLIGADA><IDPRJ>1</IDPRJ><IDPERIODO>35</IDPERIODO><DTINICIO>2025-06-01T00:00:00-03:00</DTINICIO><DTFIM>2025-06-30T00:00:00-03:00</DTFIM><RECCREATEDBY>gabriel.lara</RECCREATEDBY><RECCREATEDON>2023-01-27T14:18:42-03:00</RECCREATEDON><RECMODIFIEDBY>gabriel.lara</RECMODIFIEDBY><RECMODIFIEDON>2023-01-27T14:18:42-03:00</RECMODIFIEDON></MPERIODO><MPERIODO><CODCOLIGADA>51</CODCOLIGADA><IDPRJ>1</IDPRJ><IDPERIODO>36</IDPERIODO><DTINICIO>2025-07-01T00:00:00-03:00</DTINICIO><DTFIM>2025-07-31T00:00:00-03:00</DTFIM><RECCREATEDBY>gabriel.lara</RECCREATEDBY><RECCREATEDON>2023-01-27T14:18:42-03:00</RECCREATEDON><RECMODIFIEDBY>gabriel.lara</RECMODIFIEDBY><RECMODIFIEDON>2023-01-27T14:18:42-03:00</RECMODIFIEDON></MPERIODO><MPERIODO><CODCOLIGADA>51</CODCOLIGADA><IDPRJ>1</IDPRJ><IDPERIODO>37</IDPERIODO><DTINICIO>2025-08-01T00:00:00-03:00</DTINICIO><DTFIM>2025-08-31T00:00:00-03:00</DTFIM><RECCREATEDBY>gabriel.lara</RECCREATEDBY><RECCREATEDON>2023-01-27T14:18:42-03:00</RECCREATEDON><RECMODIFIEDBY>gabriel.lara</RECMODIFIEDBY><RECMODIFIEDON>2023-01-27T14:18:42-03:00</RECMODIFIEDON></MPERIODO><MPERIODO><CODCOLIGADA>51</CODCOLIGADA><IDPRJ>1</IDPRJ><IDPERIODO>38</IDPERIODO><DTINICIO>2025-09-01T00:00:00-03:00</DTINICIO><DTFIM>2025-09-30T00:00:00-03:00</DTFIM><RECCREATEDBY>gabriel.lara</RECCREATEDBY><RECCREATEDON>2023-01-27T14:18:42-03:00</RECCREATEDON><RECMODIFIEDBY>gabriel.lara</RECMODIFIEDBY><RECMODIFIEDON>2023-01-27T14:18:42-03:00</RECMODIFIEDON></MPERIODO><MPERIODO><CODCOLIGADA>51</CODCOLIGADA><IDPRJ>1</IDPRJ><IDPERIODO>39</IDPERIODO><DTINICIO>2025-10-01T00:00:00-03:00</DTINICIO><DTFIM>2025-10-31T00:00:00-03:00</DTFIM><RECCREATEDBY>gabriel.lara</RECCREATEDBY><RECCREATEDON>2023-01-27T14:18:42-03:00</RECCREATEDON><RECMODIFIEDBY>gabriel.lara</RECMODIFIEDBY><RECMODIFIEDON>2023-01-27T14:18:42-03:00</RECMODIFIEDON></MPERIODO><MPERIODO><CODCOLIGADA>51</CODCOLIGADA><IDPRJ>1</IDPRJ><IDPERIODO>40</IDPERIODO><DTINICIO>2025-11-01T00:00:00-03:00</DTINICIO><DTFIM>2025-11-30T00:00:00-03:00</DTFIM><RECCREATEDBY>gabriel.lara</RECCREATEDBY><RECCREATEDON>2023-01-27T14:18:42-03:00</RECCREATEDON><RECMODIFIEDBY>gabriel.lara</RECMODIFIEDBY><RECMODIFIEDON>2023-01-27T14:18:42-03:00</RECMODIFIEDON></MPERIODO><MPERIODO><CODCOLIGADA>51</CODCOLIGADA><IDPRJ>1</IDPRJ><IDPERIODO>41</IDPERIODO><DTINICIO>2025-12-01T00:00:00-03:00</DTINICIO><DTFIM>2025-12-31T00:00:00-03:00</DTFIM><RECCREATEDBY>gabriel.lara</RECCREATEDBY><RECCREATEDON>2023-01-27T14:18:42-03:00</RECCREATEDON><RECMODIFIEDBY>gabriel.lara</RECMODIFIEDBY><RECMODIFIEDON>2023-01-27T14:18:42-03:00</RECMODIFIEDON></MPERIODO><MPERIODO><CODCOLIGADA>51</CODCOLIGADA><IDPRJ>1</IDPRJ><IDPERIODO>42</IDPERIODO><DTINICIO>2026-01-01T00:00:00-03:00</DTINICIO><DTFIM>2026-01-31T00:00:00-03:00</DTFIM><RECCREATEDBY>gabriel.lara</RECCREATEDBY><RECCREATEDON>2023-01-27T14:18:42-03:00</RECCREATEDON><RECMODIFIEDBY>gabriel.lara</RECMODIFIEDBY><RECMODIFIEDON>2023-01-27T14:18:42-03:00</RECMODIFIEDON></MPERIODO><MPERIODO><CODCOLIGADA>51</CODCOLIGADA><IDPRJ>1</IDPRJ><IDPERIODO>43</IDPERIODO><DTINICIO>2026-02-01T00:00:00-03:00</DTINICIO><DTFIM>2026-02-28T00:00:00-03:00</DTFIM><RECCREATEDBY>gabriel.lara</RECCREATEDBY><RECCREATEDON>2023-01-27T14:18:42-03:00</RECCREATEDON><RECMODIFIEDBY>gabriel.lara</RECMODIFIEDBY><RECMODIFIEDON>2023-01-27T14:18:42-03:00</RECMODIFIEDON></MPERIODO><MPERIODO><CODCOLIGADA>51</CODCOLIGADA><IDPRJ>1</IDPRJ><IDPERIODO>44</IDPERIODO><DTINICIO>2026-03-01T00:00:00-03:00</DTINICIO><DTFIM>2026-03-31T00:00:00-03:00</DTFIM><RECCREATEDBY>gabriel.lara</RECCREATEDBY><RECCREATEDON>2023-01-27T14:18:42-03:00</RECCREATEDON><RECMODIFIEDBY>gabriel.lara</RECMODIFIEDBY><RECMODIFIEDON>2023-01-27T14:18:42-03:00</RECMODIFIEDON></MPERIODO><MPERIODO><CODCOLIGADA>51</CODCOLIGADA><IDPRJ>1</IDPRJ><IDPERIODO>45</IDPERIODO><DTINICIO>2026-04-01T00:00:00-03:00</DTINICIO><DTFIM>2026-04-30T00:00:00-03:00</DTFIM><RECCREATEDBY>gabriel.lara</RECCREATEDBY><RECCREATEDON>2023-01-27T14:18:42-03:00</RECCREATEDON><RECMODIFIEDBY>gabriel.lara</RECMODIFIEDBY><RECMODIFIEDON>2023-01-27T14:18:42-03:00</RECMODIFIEDON></MPERIODO><MPERIODO><CODCOLIGADA>51</CODCOLIGADA><IDPRJ>1</IDPRJ><IDPERIODO>46</IDPERIODO><DTINICIO>2026-05-01T00:00:00-03:00</DTINICIO><DTFIM>2026-05-31T00:00:00-03:00</DTFIM><RECCREATEDBY>gabriel.lara</RECCREATEDBY><RECCREATEDON>2023-01-27T14:18:42-03:00</RECCREATEDON><RECMODIFIEDBY>gabriel.lara</RECMODIFIEDBY><RECMODIFIEDON>2023-01-27T14:18:42-03:00</RECMODIFIEDON></MPERIODO><MPERIODO><CODCOLIGADA>51</CODCOLIGADA><IDPRJ>1</IDPRJ><IDPERIODO>47</IDPERIODO><DTINICIO>2026-06-01T00:00:00-03:00</DTINICIO><DTFIM>2026-06-30T00:00:00-03:00</DTFIM><RECCREATEDBY>gabriel.lara</RECCREATEDBY><RECCREATEDON>2023-01-27T14:18:42-03:00</RECCREATEDON><RECMODIFIEDBY>gabriel.lara</RECMODIFIEDBY><RECMODIFIEDON>2023-01-27T14:18:42-03:00</RECMODIFIEDON></MPERIODO><MPERIODO><CODCOLIGADA>51</CODCOLIGADA><IDPRJ>1</IDPRJ><IDPERIODO>48</IDPERIODO><DTINICIO>2026-07-01T00:00:00-03:00</DTINICIO><DTFIM>2026-07-31T00:00:00-03:00</DTFIM><RECCREATEDBY>gabriel.lara</RECCREATEDBY><RECCREATEDON>2023-01-27T14:18:42-03:00</RECCREATEDON><RECMODIFIEDBY>gabriel.lara</RECMODIFIEDBY><RECMODIFIEDON>2023-01-27T14:18:42-03:00</RECMODIFIEDON></MPERIODO><MPERIODO><CODCOLIGADA>51</CODCOLIGADA><IDPRJ>1</IDPRJ><IDPERIODO>49</IDPERIODO><DTINICIO>2026-08-01T00:00:00-03:00</DTINICIO><DTFIM>2026-08-31T00:00:00-03:00</DTFIM><RECCREATEDBY>gabriel.lara</RECCREATEDBY><RECCREATEDON>2023-01-27T14:18:42-03:00</RECCREATEDON><RECMODIFIEDBY>gabriel.lara</RECMODIFIEDBY><RECMODIFIEDON>2023-01-27T14:18:42-03:00</RECMODIFIEDON></MPERIODO><MPERIODO><CODCOLIGADA>51</CODCOLIGADA><IDPRJ>1</IDPRJ><IDPERIODO>50</IDPERIODO><DTINICIO>2026-09-01T00:00:00-03:00</DTINICIO><DTFIM>2026-09-30T00:00:00-03:00</DTFIM><RECCREATEDBY>gabriel.lara</RECCREATEDBY><RECCREATEDON>2023-01-27T14:18:42-03:00</RECCREATEDON><RECMODIFIEDBY>gabriel.lara</RECMODIFIEDBY><RECMODIFIEDON>2023-01-27T14:18:42-03:00</RECMODIFIEDON></MPERIODO><MPERIODO><CODCOLIGADA>51</CODCOLIGADA><IDPRJ>1</IDPRJ><IDPERIODO>51</IDPERIODO><DTINICIO>2026-10-01T00:00:00-03:00</DTINICIO><DTFIM>2026-10-31T00:00:00-03:00</DTFIM><RECCREATEDBY>gabriel.lara</RECCREATEDBY><RECCREATEDON>2023-01-27T14:18:42-03:00</RECCREATEDON><RECMODIFIEDBY>gabriel.lara</RECMODIFIEDBY><RECMODIFIEDON>2023-01-27T14:18:42-03:00</RECMODIFIEDON></MPERIODO><MPERIODO><CODCOLIGADA>51</CODCOLIGADA><IDPRJ>1</IDPRJ><IDPERIODO>52</IDPERIODO><DTINICIO>2026-11-01T00:00:00-03:00</DTINICIO><DTFIM>2026-11-30T00:00:00-03:00</DTFIM><RECCREATEDBY>gabriel.lara</RECCREATEDBY><RECCREATEDON>2023-01-27T14:18:42-03:00</RECCREATEDON><RECMODIFIEDBY>gabriel.lara</RECMODIFIEDBY><RECMODIFIEDON>2023-01-27T14:18:42-03:00</RECMODIFIEDON></MPERIODO><MPERIODO><CODCOLIGADA>51</CODCOLIGADA><IDPRJ>1</IDPRJ><IDPERIODO>53</IDPERIODO><DTINICIO>2026-12-01T00:00:00-03:00</DTINICIO><DTFIM>2026-12-31T00:00:00-03:00</DTFIM><RECCREATEDBY>gabriel.lara</RECCREATEDBY><RECCREATEDON>2023-01-27T14:18:42-03:00</RECCREATEDON><RECMODIFIEDBY>gabriel.lara</RECMODIFIEDBY><RECMODIFIEDON>2023-01-27T14:18:42-03:00</RECMODIFIEDON></MPERIODO><MPERIODO><CODCOLIGADA>51</CODCOLIGADA><IDPRJ>1</IDPRJ><IDPERIODO>54</IDPERIODO><DTINICIO>2027-01-01T00:00:00-03:00</DTINICIO><DTFIM>2027-01-31T00:00:00-03:00</DTFIM><RECCREATEDBY>gabriel.lara</RECCREATEDBY><RECCREATEDON>2023-01-27T14:18:42-03:00</RECCREATEDON><RECMODIFIEDBY>gabriel.lara</RECMODIFIEDBY><RECMODIFIEDON>2023-01-27T14:18:42-03:00</RECMODIFIEDON></MPERIODO><MPERIODO><CODCOLIGADA>51</CODCOLIGADA><IDPRJ>1</IDPRJ><IDPERIODO>55</IDPERIODO><DTINICIO>2027-02-01T00:00:00-03:00</DTINICIO><DTFIM>2027-02-28T00:00:00-03:00</DTFIM><RECCREATEDBY>gabriel.lara</RECCREATEDBY><RECCREATEDON>2023-01-27T14:18:42-03:00</RECCREATEDON><RECMODIFIEDBY>gabriel.lara</RECMODIFIEDBY><RECMODIFIEDON>2023-01-27T14:18:42-03:00</RECMODIFIEDON></MPERIODO><MPERIODO><CODCOLIGADA>51</CODCOLIGADA><IDPRJ>1</IDPRJ><IDPERIODO>56</IDPERIODO><DTINICIO>2027-03-01T00:00:00-03:00</DTINICIO><DTFIM>2027-03-31T00:00:00-03:00</DTFIM><RECCREATEDBY>gabriel.lara</RECCREATEDBY><RECCREATEDON>2023-01-27T14:18:42-03:00</RECCREATEDON><RECMODIFIEDBY>gabriel.lara</RECMODIFIEDBY><RECMODIFIEDON>2023-01-27T14:18:42-03:00</RECMODIFIEDON></MPERIODO><MPERIODO><CODCOLIGADA>51</CODCOLIGADA><IDPRJ>1</IDPRJ><IDPERIODO>57</IDPERIODO><DTINICIO>2027-04-01T00:00:00-03:00</DTINICIO><DTFIM>2027-04-30T00:00:00-03:00</DTFIM><RECCREATEDBY>gabriel.lara</RECCREATEDBY><RECCREATEDON>2023-01-27T14:18:42-03:00</RECCREATEDON><RECMODIFIEDBY>gabriel.lara</RECMODIFIEDBY><RECMODIFIEDON>2023-01-27T14:18:42-03:00</RECMODIFIEDON></MPERIODO><MPERIODO><CODCOLIGADA>51</CODCOLIGADA><IDPRJ>1</IDPRJ><IDPERIODO>58</IDPERIODO><DTINICIO>2027-05-01T00:00:00-03:00</DTINICIO><DTFIM>2027-05-31T00:00:00-03:00</DTFIM><RECCREATEDBY>gabriel.lara</RECCREATEDBY><RECCREATEDON>2023-01-27T14:18:42-03:00</RECCREATEDON><RECMODIFIEDBY>gabriel.lara</RECMODIFIEDBY><RECMODIFIEDON>2023-01-27T14:18:42-03:00</RECMODIFIEDON></MPERIODO><MPERIODO><CODCOLIGADA>51</CODCOLIGADA><IDPRJ>1</IDPRJ><IDPERIODO>59</IDPERIODO><DTINICIO>2027-06-01T00:00:00-03:00</DTINICIO><DTFIM>2027-06-30T00:00:00-03:00</DTFIM><RECCREATEDBY>gabriel.lara</RECCREATEDBY><RECCREATEDON>2023-01-27T14:18:42-03:00</RECCREATEDON><RECMODIFIEDBY>gabriel.lara</RECMODIFIEDBY><RECMODIFIEDON>2023-01-27T14:18:42-03:00</RECMODIFIEDON></MPERIODO><MPERIODO><CODCOLIGADA>51</CODCOLIGADA><IDPRJ>1</IDPRJ><IDPERIODO>60</IDPERIODO><DTINICIO>2027-07-01T00:00:00-03:00</DTINICIO><DTFIM>2027-07-31T00:00:00-03:00</DTFIM><RECCREATEDBY>gabriel.lara</RECCREATEDBY><RECCREATEDON>2023-01-27T14:18:42-03:00</RECCREATEDON><RECMODIFIEDBY>gabriel.lara</RECMODIFIEDBY><RECMODIFIEDON>2023-01-27T14:18:42-03:00</RECMODIFIEDON></MPERIODO><MPERIODO><CODCOLIGADA>51</CODCOLIGADA><IDPRJ>1</IDPRJ><IDPERIODO>61</IDPERIODO><DTINICIO>2027-08-01T00:00:00-03:00</DTINICIO><DTFIM>2027-08-31T00:00:00-03:00</DTFIM><RECCREATEDBY>gabriel.lara</RECCREATEDBY><RECCREATEDON>2023-01-27T14:18:42-03:00</RECCREATEDON><RECMODIFIEDBY>gabriel.lara</RECMODIFIEDBY><RECMODIFIEDON>2023-01-27T14:18:42-03:00</RECMODIFIEDON></MPERIODO><MPERIODO><CODCOLIGADA>51</CODCOLIGADA><IDPRJ>1</IDPRJ><IDPERIODO>62</IDPERIODO><DTINICIO>2027-09-01T00:00:00-03:00</DTINICIO><DTFIM>2027-09-30T00:00:00-03:00</DTFIM><RECCREATEDBY>gabriel.lara</RECCREATEDBY><RECCREATEDON>2023-01-27T14:18:42-03:00</RECCREATEDON><RECMODIFIEDBY>gabriel.lara</RECMODIFIEDBY><RECMODIFIEDON>2023-01-27T14:18:42-03:00</RECMODIFIEDON></MPERIODO><MPERIODO><CODCOLIGADA>51</CODCOLIGADA><IDPRJ>1</IDPRJ><IDPERIODO>63</IDPERIODO><DTINICIO>2027-10-01T00:00:00-03:00</DTINICIO><DTFIM>2027-10-31T00:00:00-03:00</DTFIM><RECCREATEDBY>gabriel.lara</RECCREATEDBY><RECCREATEDON>2023-01-27T14:18:42-03:00</RECCREATEDON><RECMODIFIEDBY>gabriel.lara</RECMODIFIEDBY><RECMODIFIEDON>2023-01-27T14:18:42-03:00</RECMODIFIEDON></MPERIODO><MPERIODO><CODCOLIGADA>51</CODCOLIGADA><IDPRJ>1</IDPRJ><IDPERIODO>64</IDPERIODO><DTINICIO>2027-11-01T00:00:00-03:00</DTINICIO><DTFIM>2027-11-30T00:00:00-03:00</DTFIM><RECCREATEDBY>gabriel.lara</RECCREATEDBY><RECCREATEDON>2023-01-27T14:18:42-03:00</RECCREATEDON><RECMODIFIEDBY>gabriel.lara</RECMODIFIEDBY><RECMODIFIEDON>2023-01-27T14:18:42-03:00</RECMODIFIEDON></MPERIODO><MPERIODO><CODCOLIGADA>51</CODCOLIGADA><IDPRJ>1</IDPRJ><IDPERIODO>65</IDPERIODO><DTINICIO>2027-12-01T00:00:00-03:00</DTINICIO><DTFIM>2027-12-31T00:00:00-03:00</DTFIM><RECCREATEDBY>gabriel.lara</RECCREATEDBY><RECCREATEDON>2023-01-27T14:18:42-03:00</RECCREATEDON><RECMODIFIEDBY>gabriel.lara</RECMODIFIEDBY><RECMODIFIEDON>2023-01-27T14:18:42-03:00</RECMODIFIEDON></MPERIODO><MPERIODO><CODCOLIGADA>51</CODCOLIGADA><IDPRJ>1</IDPRJ><IDPERIODO>66</IDPERIODO><DTINICIO>2028-01-01T00:00:00-03:00</DTINICIO><DTFIM>2028-01-31T00:00:00-03:00</DTFIM><RECCREATEDBY>gabriel.lara</RECCREATEDBY><RECCREATEDON>2023-01-27T14:18:42-03:00</RECCREATEDON><RECMODIFIEDBY>gabriel.lara</RECMODIFIEDBY><RECMODIFIEDON>2023-01-27T14:18:42-03:00</RECMODIFIEDON></MPERIODO><MPERIODO><CODCOLIGADA>51</CODCOLIGADA><IDPRJ>1</IDPRJ><IDPERIODO>67</IDPERIODO><DTINICIO>2028-02-01T00:00:00-03:00</DTINICIO><DTFIM>2028-02-29T00:00:00-03:00</DTFIM><RECCREATEDBY>gabriel.lara</RECCREATEDBY><RECCREATEDON>2023-01-27T14:18:42-03:00</RECCREATEDON><RECMODIFIEDBY>gabriel.lara</RECMODIFIEDBY><RECMODIFIEDON>2023-01-27T14:18:42-03:00</RECMODIFIEDON></MPERIODO><MPERIODO><CODCOLIGADA>51</CODCOLIGADA><IDPRJ>1</IDPRJ><IDPERIODO>68</IDPERIODO><DTINICIO>2028-03-01T00:00:00-03:00</DTINICIO><DTFIM>2028-03-31T00:00:00-03:00</DTFIM><RECCREATEDBY>gabriel.lara</RECCREATEDBY><RECCREATEDON>2023-01-27T14:18:42-03:00</RECCREATEDON><RECMODIFIEDBY>gabriel.lara</RECMODIFIEDBY><RECMODIFIEDON>2023-01-27T14:18:42-03:00</RECMODIFIEDON></MPERIODO><MPERIODO><CODCOLIGADA>51</CODCOLIGADA><IDPRJ>1</IDPRJ><IDPERIODO>69</IDPERIODO><DTINICIO>2028-04-01T00:00:00-03:00</DTINICIO><DTFIM>2028-04-30T00:00:00-03:00</DTFIM><RECCREATEDBY>gabriel.lara</RECCREATEDBY><RECCREATEDON>2023-01-27T14:18:42-03:00</RECCREATEDON><RECMODIFIEDBY>gabriel.lara</RECMODIFIEDBY><RECMODIFIEDON>2023-01-27T14:18:42-03:00</RECMODIFIEDON></MPERIODO><MPERIODO><CODCOLIGADA>51</CODCOLIGADA><IDPRJ>1</IDPRJ><IDPERIODO>70</IDPERIODO><DTINICIO>2028-05-01T00:00:00-03:00</DTINICIO><DTFIM>2028-05-31T00:00:00-03:00</DTFIM><RECCREATEDBY>gabriel.lara</RECCREATEDBY><RECCREATEDON>2023-01-27T14:18:42-03:00</RECCREATEDON><RECMODIFIEDBY>gabriel.lara</RECMODIFIEDBY><RECMODIFIEDON>2023-01-27T14:18:42-03:00</RECMODIFIEDON></MPERIODO><MPERIODO><CODCOLIGADA>51</CODCOLIGADA><IDPRJ>1</IDPRJ><IDPERIODO>71</IDPERIODO><DTINICIO>2028-06-01T00:00:00-03:00</DTINICIO><DTFIM>2028-06-30T00:00:00-03:00</DTFIM><RECCREATEDBY>gabriel.lara</RECCREATEDBY><RECCREATEDON>2023-01-27T14:18:42-03:00</RECCREATEDON><RECMODIFIEDBY>gabriel.lara</RECMODIFIEDBY><RECMODIFIEDON>2023-01-27T14:18:42-03:00</RECMODIFIEDON></MPERIODO><MPERIODO><CODCOLIGADA>51</CODCOLIGADA><IDPRJ>1</IDPRJ><IDPERIODO>72</IDPERIODO><DTINICIO>2028-07-01T00:00:00-03:00</DTINICIO><DTFIM>2028-07-31T00:00:00-03:00</DTFIM><RECCREATEDBY>gabriel.lara</RECCREATEDBY><RECCREATEDON>2023-01-27T14:18:42-03:00</RECCREATEDON><RECMODIFIEDBY>gabriel.lara</RECMODIFIEDBY><RECMODIFIEDON>2023-01-27T14:18:42-03:00</RECMODIFIEDON></MPERIODO><MPERIODO><CODCOLIGADA>51</CODCOLIGADA><IDPRJ>1</IDPRJ><IDPERIODO>73</IDPERIODO><DTINICIO>2028-08-01T00:00:00-03:00</DTINICIO><DTFIM>2028-08-31T00:00:00-03:00</DTFIM><RECCREATEDBY>gabriel.lara</RECCREATEDBY><RECCREATEDON>2023-01-27T14:18:42-03:00</RECCREATEDON><RECMODIFIEDBY>gabriel.lara</RECMODIFIEDBY><RECMODIFIEDON>2023-01-27T14:18:42-03:00</RECMODIFIEDON></MPERIODO><MPERIODO><CODCOLIGADA>51</CODCOLIGADA><IDPRJ>1</IDPRJ><IDPERIODO>74</IDPERIODO><DTINICIO>2028-09-01T00:00:00-03:00</DTINICIO><DTFIM>2028-09-30T00:00:00-03:00</DTFIM><RECCREATEDBY>gabriel.lara</RECCREATEDBY><RECCREATEDON>2023-01-27T14:18:42-03:00</RECCREATEDON><RECMODIFIEDBY>gabriel.lara</RECMODIFIEDBY><RECMODIFIEDON>2023-01-27T14:18:42-03:00</RECMODIFIEDON></MPERIODO><MPERIODO><CODCOLIGADA>51</CODCOLIGADA><IDPRJ>1</IDPRJ><IDPERIODO>75</IDPERIODO><DTINICIO>2028-10-01T00:00:00-03:00</DTINICIO><DTFIM>2028-10-31T00:00:00-03:00</DTFIM><RECCREATEDBY>gabriel.lara</RECCREATEDBY><RECCREATEDON>2023-01-27T14:18:42-03:00</RECCREATEDON><RECMODIFIEDBY>gabriel.lara</RECMODIFIEDBY><RECMODIFIEDON>2023-01-27T14:18:42-03:00</RECMODIFIEDON></MPERIODO><MPERIODO><CODCOLIGADA>51</CODCOLIGADA><IDPRJ>1</IDPRJ><IDPERIODO>76</IDPERIODO><DTINICIO>2028-11-01T00:00:00-03:00</DTINICIO><DTFIM>2028-11-30T00:00:00-03:00</DTFIM><RECCREATEDBY>gabriel.lara</RECCREATEDBY><RECCREATEDON>2023-01-27T14:18:42-03:00</RECCREATEDON><RECMODIFIEDBY>gabriel.lara</RECMODIFIEDBY><RECMODIFIEDON>2023-01-27T14:18:42-03:00</RECMODIFIEDON></MPERIODO><MPERIODO><CODCOLIGADA>51</CODCOLIGADA><IDPRJ>1</IDPRJ><IDPERIODO>77</IDPERIODO><DTINICIO>2028-12-01T00:00:00-03:00</DTINICIO><DTFIM>2028-12-31T00:00:00-03:00</DTFIM><RECCREATEDBY>gabriel.lara</RECCREATEDBY><RECCREATEDON>2023-01-27T14:18:42-03:00</RECCREATEDON><RECMODIFIEDBY>gabriel.lara</RECMODIFIEDBY><RECMODIFIEDON>2023-01-27T14:18:42-03:00</RECMODIFIEDON></MPERIODO><MPERIODO><CODCOLIGADA>51</CODCOLIGADA><IDPRJ>1</IDPRJ><IDPERIODO>78</IDPERIODO><DTINICIO>2029-01-01T00:00:00-03:00</DTINICIO><DTFIM>2029-01-31T00:00:00-03:00</DTFIM><RECCREATEDBY>gabriel.lara</RECCREATEDBY><RECCREATEDON>2023-01-27T14:18:42-03:00</RECCREATEDON><RECMODIFIEDBY>gabriel.lara</RECMODIFIEDBY><RECMODIFIEDON>2023-01-27T14:18:42-03:00</RECMODIFIEDON></MPERIODO><MPERIODO><CODCOLIGADA>51</CODCOLIGADA><IDPRJ>1</IDPRJ><IDPERIODO>79</IDPERIODO><DTINICIO>2029-02-01T00:00:00-03:00</DTINICIO><DTFIM>2029-02-28T00:00:00-03:00</DTFIM><RECCREATEDBY>gabriel.lara</RECCREATEDBY><RECCREATEDON>2023-01-27T14:18:42-03:00</RECCREATEDON><RECMODIFIEDBY>gabriel.lara</RECMODIFIEDBY><RECMODIFIEDON>2023-01-27T14:18:42-03:00</RECMODIFIEDON></MPERIODO><MPERIODO><CODCOLIGADA>51</CODCOLIGADA><IDPRJ>1</IDPRJ><IDPERIODO>80</IDPERIODO><DTINICIO>2029-03-01T00:00:00-03:00</DTINICIO><DTFIM>2029-03-31T00:00:00-03:00</DTFIM><RECCREATEDBY>gabriel.lara</RECCREATEDBY><RECCREATEDON>2023-01-27T14:18:42-03:00</RECCREATEDON><RECMODIFIEDBY>gabriel.lara</RECMODIFIEDBY><RECMODIFIEDON>2023-01-27T14:18:42-03:00</RECMODIFIEDON></MPERIODO><MPERIODO><CODCOLIGADA>51</CODCOLIGADA><IDPRJ>1</IDPRJ><IDPERIODO>81</IDPERIODO><DTINICIO>2029-04-01T00:00:00-03:00</DTINICIO><DTFIM>2029-04-30T00:00:00-03:00</DTFIM><RECCREATEDBY>gabriel.lara</RECCREATEDBY><RECCREATEDON>2023-01-27T14:18:42-03:00</RECCREATEDON><RECMODIFIEDBY>gabriel.lara</RECMODIFIEDBY><RECMODIFIEDON>2023-01-27T14:18:42-03:00</RECMODIFIEDON></MPERIODO><MPERIODO><CODCOLIGADA>51</CODCOLIGADA><IDPRJ>1</IDPRJ><IDPERIODO>82</IDPERIODO><DTINICIO>2029-05-01T00:00:00-03:00</DTINICIO><DTFIM>2029-05-31T00:00:00-03:00</DTFIM><RECCREATEDBY>gabriel.lara</RECCREATEDBY><RECCREATEDON>2023-01-27T14:18:42-03:00</RECCREATEDON><RECMODIFIEDBY>gabriel.lara</RECMODIFIEDBY><RECMODIFIEDON>2023-01-27T14:18:42-03:00</RECMODIFIEDON></MPERIODO><MPERIODO><CODCOLIGADA>51</CODCOLIGADA><IDPRJ>1</IDPRJ><IDPERIODO>83</IDPERIODO><DTINICIO>2029-06-01T00:00:00-03:00</DTINICIO><DTFIM>2029-06-30T00:00:00-03:00</DTFIM><RECCREATEDBY>gabriel.lara</RECCREATEDBY><RECCREATEDON>2023-01-27T14:18:42-03:00</RECCREATEDON><RECMODIFIEDBY>gabriel.lara</RECMODIFIEDBY><RECMODIFIEDON>2023-01-27T14:18:42-03:00</RECMODIFIEDON></MPERIODO><MPERIODO><CODCOLIGADA>51</CODCOLIGADA><IDPRJ>1</IDPRJ><IDPERIODO>84</IDPERIODO><DTINICIO>2029-07-01T00:00:00-03:00</DTINICIO><DTFIM>2029-07-31T00:00:00-03:00</DTFIM><RECCREATEDBY>gabriel.lara</RECCREATEDBY><RECCREATEDON>2023-01-27T14:18:42-03:00</RECCREATEDON><RECMODIFIEDBY>gabriel.lara</RECMODIFIEDBY><RECMODIFIEDON>2023-01-27T14:18:42-03:00</RECMODIFIEDON></MPERIODO><MPERIODO><CODCOLIGADA>51</CODCOLIGADA><IDPRJ>1</IDPRJ><IDPERIODO>85</IDPERIODO><DTINICIO>2029-08-01T00:00:00-03:00</DTINICIO><DTFIM>2029-08-31T00:00:00-03:00</DTFIM><RECCREATEDBY>gabriel.lara</RECCREATEDBY><RECCREATEDON>2023-01-27T14:18:42-03:00</RECCREATEDON><RECMODIFIEDBY>gabriel.lara</RECMODIFIEDBY><RECMODIFIEDON>2023-01-27T14:18:42-03:00</RECMODIFIEDON></MPERIODO><MPERIODO><CODCOLIGADA>51</CODCOLIGADA><IDPRJ>1</IDPRJ><IDPERIODO>86</IDPERIODO><DTINICIO>2029-09-01T00:00:00-03:00</DTINICIO><DTFIM>2029-09-30T00:00:00-03:00</DTFIM><RECCREATEDBY>gabriel.lara</RECCREATEDBY><RECCREATEDON>2023-01-27T14:18:42-03:00</RECCREATEDON><RECMODIFIEDBY>gabriel.lara</RECMODIFIEDBY><RECMODIFIEDON>2023-01-27T14:18:42-03:00</RECMODIFIEDON></MPERIODO><MPERIODO><CODCOLIGADA>51</CODCOLIGADA><IDPRJ>1</IDPRJ><IDPERIODO>87</IDPERIODO><DTINICIO>2029-10-01T00:00:00-03:00</DTINICIO><DTFIM>2029-10-31T00:00:00-03:00</DTFIM><RECCREATEDBY>gabriel.lara</RECCREATEDBY><RECCREATEDON>2023-01-27T14:18:42-03:00</RECCREATEDON><RECMODIFIEDBY>gabriel.lara</RECMODIFIEDBY><RECMODIFIEDON>2023-01-27T14:18:42-03:00</RECMODIFIEDON></MPERIODO><MPERIODO><CODCOLIGADA>51</CODCOLIGADA><IDPRJ>1</IDPRJ><IDPERIODO>88</IDPERIODO><DTINICIO>2029-11-01T00:00:00-03:00</DTINICIO><DTFIM>2029-11-30T00:00:00-03:00</DTFIM><RECCREATEDBY>gabriel.lara</RECCREATEDBY><RECCREATEDON>2023-01-27T14:18:42-03:00</RECCREATEDON><RECMODIFIEDBY>gabriel.lara</RECMODIFIEDBY><RECMODIFIEDON>2023-01-27T14:18:42-03:00</RECMODIFIEDON></MPERIODO><MPERIODO><CODCOLIGADA>51</CODCOLIGADA><IDPRJ>1</IDPRJ><IDPERIODO>89</IDPERIODO><DTINICIO>2029-12-01T00:00:00-03:00</DTINICIO><DTFIM>2029-12-31T00:00:00-03:00</DTFIM><RECCREATEDBY>gabriel.lara</RECCREATEDBY><RECCREATEDON>2023-01-27T14:18:42-03:00</RECCREATEDON><RECMODIFIEDBY>gabriel.lara</RECMODIFIEDBY><RECMODIFIEDON>2023-01-27T14:18:42-03:00</RECMODIFIEDON></MPERIODO><MPERIODO><CODCOLIGADA>51</CODCOLIGADA><IDPRJ>1</IDPRJ><IDPERIODO>90</IDPERIODO><DTINICIO>2030-01-01T00:00:00-03:00</DTINICIO><DTFIM>2030-01-31T00:00:00-03:00</DTFIM><RECCREATEDBY>gabriel.lara</RECCREATEDBY><RECCREATEDON>2023-01-27T14:18:42-03:00</RECCREATEDON><RECMODIFIEDBY>gabriel.lara</RECMODIFIEDBY><RECMODIFIEDON>2023-01-27T14:18:42-03:00</RECMODIFIEDON></MPERIODO><MPERIODO><CODCOLIGADA>51</CODCOLIGADA><IDPRJ>1</IDPRJ><IDPERIODO>91</IDPERIODO><DTINICIO>2030-02-01T00:00:00-03:00</DTINICIO><DTFIM>2030-02-28T00:00:00-03:00</DTFIM><RECCREATEDBY>gabriel.lara</RECCREATEDBY><RECCREATEDON>2023-01-27T14:18:42-03:00</RECCREATEDON><RECMODIFIEDBY>gabriel.lara</RECMODIFIEDBY><RECMODIFIEDON>2023-01-27T14:18:42-03:00</RECMODIFIEDON></MPERIODO><MPERIODO><CODCOLIGADA>51</CODCOLIGADA><IDPRJ>1</IDPRJ><IDPERIODO>92</IDPERIODO><DTINICIO>2030-03-01T00:00:00-03:00</DTINICIO><DTFIM>2030-03-31T00:00:00-03:00</DTFIM><RECCREATEDBY>gabriel.lara</RECCREATEDBY><RECCREATEDON>2023-01-27T14:18:42-03:00</RECCREATEDON><RECMODIFIEDBY>gabriel.lara</RECMODIFIEDBY><RECMODIFIEDON>2023-01-27T14:18:42-03:00</RECMODIFIEDON></MPERIODO><MPERIODO><CODCOLIGADA>51</CODCOLIGADA><IDPRJ>1</IDPRJ><IDPERIODO>93</IDPERIODO><DTINICIO>2030-04-01T00:00:00-03:00</DTINICIO><DTFIM>2030-04-30T00:00:00-03:00</DTFIM><RECCREATEDBY>gabriel.lara</RECCREATEDBY><RECCREATEDON>2023-01-27T14:18:42-03:00</RECCREATEDON><RECMODIFIEDBY>gabriel.lara</RECMODIFIEDBY><RECMODIFIEDON>2023-01-27T14:18:42-03:00</RECMODIFIEDON></MPERIODO><MPERIODO><CODCOLIGADA>51</CODCOLIGADA><IDPRJ>1</IDPRJ><IDPERIODO>94</IDPERIODO><DTINICIO>2030-05-01T00:00:00-03:00</DTINICIO><DTFIM>2030-05-31T00:00:00-03:00</DTFIM><RECCREATEDBY>gabriel.lara</RECCREATEDBY><RECCREATEDON>2023-01-27T14:18:42-03:00</RECCREATEDON><RECMODIFIEDBY>gabriel.lara</RECMODIFIEDBY><RECMODIFIEDON>2023-01-27T14:18:42-03:00</RECMODIFIEDON></MPERIODO><MPERIODO><CODCOLIGADA>51</CODCOLIGADA><IDPRJ>1</IDPRJ><IDPERIODO>95</IDPERIODO><DTINICIO>2030-06-01T00:00:00-03:00</DTINICIO><DTFIM>2030-06-30T00:00:00-03:00</DTFIM><RECCREATEDBY>gabriel.lara</RECCREATEDBY><RECCREATEDON>2023-01-27T14:18:42-03:00</RECCREATEDON><RECMODIFIEDBY>gabriel.lara</RECMODIFIEDBY><RECMODIFIEDON>2023-01-27T14:18:42-03:00</RECMODIFIEDON></MPERIODO><MPERIODO><CODCOLIGADA>51</CODCOLIGADA><IDPRJ>1</IDPRJ><IDPERIODO>96</IDPERIODO><DTINICIO>2030-07-01T00:00:00-03:00</DTINICIO><DTFIM>2030-07-31T00:00:00-03:00</DTFIM><RECCREATEDBY>gabriel.lara</RECCREATEDBY><RECCREATEDON>2023-01-27T14:18:42-03:00</RECCREATEDON><RECMODIFIEDBY>gabriel.lara</RECMODIFIEDBY><RECMODIFIEDON>2023-01-27T14:18:42-03:00</RECMODIFIEDON></MPERIODO><MPERIODO><CODCOLIGADA>51</CODCOLIGADA><IDPRJ>1</IDPRJ><IDPERIODO>97</IDPERIODO><DTINICIO>2030-08-01T00:00:00-03:00</DTINICIO><DTFIM>2030-08-31T00:00:00-03:00</DTFIM><RECCREATEDBY>gabriel.lara</RECCREATEDBY><RECCREATEDON>2023-01-27T14:18:42-03:00</RECCREATEDON><RECMODIFIEDBY>gabriel.lara</RECMODIFIEDBY><RECMODIFIEDON>2023-01-27T14:18:42-03:00</RECMODIFIEDON></MPERIODO><MPERIODO><CODCOLIGADA>51</CODCOLIGADA><IDPRJ>1</IDPRJ><IDPERIODO>98</IDPERIODO><DTINICIO>2030-09-01T00:00:00-03:00</DTINICIO><DTFIM>2030-09-30T00:00:00-03:00</DTFIM><RECCREATEDBY>gabriel.lara</RECCREATEDBY><RECCREATEDON>2023-01-27T14:18:42-03:00</RECCREATEDON><RECMODIFIEDBY>gabriel.lara</RECMODIFIEDBY><RECMODIFIEDON>2023-01-27T14:18:42-03:00</RECMODIFIEDON></MPERIODO><MPERIODO><CODCOLIGADA>51</CODCOLIGADA><IDPRJ>1</IDPRJ><IDPERIODO>99</IDPERIODO><DTINICIO>2030-10-01T00:00:00-03:00</DTINICIO><DTFIM>2030-10-31T00:00:00-03:00</DTFIM><RECCREATEDBY>gabriel.lara</RECCREATEDBY><RECCREATEDON>2023-01-27T14:18:42-03:00</RECCREATEDON><RECMODIFIEDBY>gabriel.lara</RECMODIFIEDBY><RECMODIFIEDON>2023-01-27T14:18:42-03:00</RECMODIFIEDON></MPERIODO><MPERIODO><CODCOLIGADA>51</CODCOLIGADA><IDPRJ>1</IDPRJ><IDPERIODO>100</IDPERIODO><DTINICIO>2030-11-01T00:00:00-03:00</DTINICIO><DTFIM>2030-11-30T00:00:00-03:00</DTFIM><RECCREATEDBY>gabriel.lara</RECCREATEDBY><RECCREATEDON>2023-01-27T14:18:42-03:00</RECCREATEDON><RECMODIFIEDBY>gabriel.lara</RECMODIFIEDBY><RECMODIFIEDON>2023-01-27T14:18:42-03:00</RECMODIFIEDON></MPERIODO><MPERIODO><CODCOLIGADA>51</CODCOLIGADA><IDPRJ>1</IDPRJ><IDPERIODO>101</IDPERIODO><DTINICIO>2030-12-01T00:00:00-03:00</DTINICIO><DTFIM>2030-12-31T00:00:00-03:00</DTFIM><RECCREATEDBY>gabriel.lara</RECCREATEDBY><RECCREATEDON>2023-01-27T14:18:42-03:00</RECCREATEDON><RECMODIFIEDBY>gabriel.lara</RECMODIFIEDBY><RECMODIFIEDON>2023-01-27T14:18:42-03:00</RECMODIFIEDON></MPERIODO><MPERIODO><CODCOLIGADA>51</CODCOLIGADA><IDPRJ>1</IDPRJ><IDPERIODO>102</IDPERIODO><DTINICIO>2031-01-01T00:00:00-03:00</DTINICIO><DTFIM>2031-01-31T00:00:00-03:00</DTFIM><RECCREATEDBY>gabriel.lara</RECCREATEDBY><RECCREATEDON>2023-01-27T14:18:42-03:00</RECCREATEDON><RECMODIFIEDBY>gabriel.lara</RECMODIFIEDBY><RECMODIFIEDON>2023-01-27T14:18:42-03:00</RECMODIFIEDON></MPERIODO><MPERIODO><CODCOLIGADA>51</CODCOLIGADA><IDPRJ>1</IDPRJ><IDPERIODO>103</IDPERIODO><DTINICIO>2031-02-01T00:00:00-03:00</DTINICIO><DTFIM>2031-02-28T00:00:00-03:00</DTFIM><RECCREATEDBY>gabriel.lara</RECCREATEDBY><RECCREATEDON>2023-01-27T14:18:42-03:00</RECCREATEDON><RECMODIFIEDBY>gabriel.lara</RECMODIFIEDBY><RECMODIFIEDON>2023-01-27T14:18:42-03:00</RECMODIFIEDON></MPERIODO><MPERIODO><CODCOLIGADA>51</CODCOLIGADA><IDPRJ>1</IDPRJ><IDPERIODO>104</IDPERIODO><DTINICIO>2031-03-01T00:00:00-03:00</DTINICIO><DTFIM>2031-03-31T00:00:00-03:00</DTFIM><RECCREATEDBY>gabriel.lara</RECCREATEDBY><RECCREATEDON>2023-01-27T14:18:42-03:00</RECCREATEDON><RECMODIFIEDBY>gabriel.lara</RECMODIFIEDBY><RECMODIFIEDON>2023-01-27T14:18:42-03:00</RECMODIFIEDON></MPERIODO><MPERIODO><CODCOLIGADA>51</CODCOLIGADA><IDPRJ>1</IDPRJ><IDPERIODO>105</IDPERIODO><DTINICIO>2031-04-01T00:00:00-03:00</DTINICIO><DTFIM>2031-04-30T00:00:00-03:00</DTFIM><RECCREATEDBY>gabriel.lara</RECCREATEDBY><RECCREATEDON>2023-01-27T14:18:42-03:00</RECCREATEDON><RECMODIFIEDBY>gabriel.lara</RECMODIFIEDBY><RECMODIFIEDON>2023-01-27T14:18:42-03:00</RECMODIFIEDON></MPERIODO><MPERIODO><CODCOLIGADA>51</CODCOLIGADA><IDPRJ>1</IDPRJ><IDPERIODO>106</IDPERIODO><DTINICIO>2031-05-01T00:00:00-03:00</DTINICIO><DTFIM>2031-05-31T00:00:00-03:00</DTFIM><RECCREATEDBY>gabriel.lara</RECCREATEDBY><RECCREATEDON>2023-01-27T14:18:42-03:00</RECCREATEDON><RECMODIFIEDBY>gabriel.lara</RECMODIFIEDBY><RECMODIFIEDON>2023-01-27T14:18:42-03:00</RECMODIFIEDON></MPERIODO><MPERIODO><CODCOLIGADA>51</CODCOLIGADA><IDPRJ>1</IDPRJ><IDPERIODO>107</IDPERIODO><DTINICIO>2031-06-01T00:00:00-03:00</DTINICIO><DTFIM>2031-06-30T00:00:00-03:00</DTFIM><RECCREATEDBY>gabriel.lara</RECCREATEDBY><RECCREATEDON>2023-01-27T14:18:42-03:00</RECCREATEDON><RECMODIFIEDBY>gabriel.lara</RECMODIFIEDBY><RECMODIFIEDON>2023-01-27T14:18:42-03:00</RECMODIFIEDON></MPERIODO><MPERIODO><CODCOLIGADA>51</CODCOLIGADA><IDPRJ>1</IDPRJ><IDPERIODO>108</IDPERIODO><DTINICIO>2031-07-01T00:00:00-03:00</DTINICIO><DTFIM>2031-07-31T00:00:00-03:00</DTFIM><RECCREATEDBY>gabriel.lara</RECCREATEDBY><RECCREATEDON>2023-01-27T14:18:42-03:00</RECCREATEDON><RECMODIFIEDBY>gabriel.lara</RECMODIFIEDBY><RECMODIFIEDON>2023-01-27T14:18:42-03:00</RECMODIFIEDON></MPERIODO><MPERIODO><CODCOLIGADA>51</CODCOLIGADA><IDPRJ>1</IDPRJ><IDPERIODO>109</IDPERIODO><DTINICIO>2031-08-01T00:00:00-03:00</DTINICIO><DTFIM>2031-08-31T00:00:00-03:00</DTFIM><RECCREATEDBY>gabriel.lara</RECCREATEDBY><RECCREATEDON>2023-01-27T14:18:42-03:00</RECCREATEDON><RECMODIFIEDBY>gabriel.lara</RECMODIFIEDBY><RECMODIFIEDON>2023-01-27T14:18:42-03:00</RECMODIFIEDON></MPERIODO><MPERIODO><CODCOLIGADA>51</CODCOLIGADA><IDPRJ>1</IDPRJ><IDPERIODO>110</IDPERIODO><DTINICIO>2031-09-01T00:00:00-03:00</DTINICIO><DTFIM>2031-09-30T00:00:00-03:00</DTFIM><RECCREATEDBY>gabriel.lara</RECCREATEDBY><RECCREATEDON>2023-01-27T14:18:42-03:00</RECCREATEDON><RECMODIFIEDBY>gabriel.lara</RECMODIFIEDBY><RECMODIFIEDON>2023-01-27T14:18:42-03:00</RECMODIFIEDON></MPERIODO><MPERIODO><CODCOLIGADA>51</CODCOLIGADA><IDPRJ>1</IDPRJ><IDPERIODO>111</IDPERIODO><DTINICIO>2031-10-01T00:00:00-03:00</DTINICIO><DTFIM>2031-10-31T00:00:00-03:00</DTFIM><RECCREATEDBY>gabriel.lara</RECCREATEDBY><RECCREATEDON>2023-01-27T14:18:42-03:00</RECCREATEDON><RECMODIFIEDBY>gabriel.lara</RECMODIFIEDBY><RECMODIFIEDON>2023-01-27T14:18:42-03:00</RECMODIFIEDON></MPERIODO><MPERIODO><CODCOLIGADA>51</CODCOLIGADA><IDPRJ>1</IDPRJ><IDPERIODO>112</IDPERIODO><DTINICIO>2031-11-01T00:00:00-03:00</DTINICIO><DTFIM>2031-11-30T00:00:00-03:00</DTFIM><RECCREATEDBY>gabriel.lara</RECCREATEDBY><RECCREATEDON>2023-01-27T14:18:42-03:00</RECCREATEDON><RECMODIFIEDBY>gabriel.lara</RECMODIFIEDBY><RECMODIFIEDON>2023-01-27T14:18:42-03:00</RECMODIFIEDON></MPERIODO><MPERIODO><CODCOLIGADA>51</CODCOLIGADA><IDPRJ>1</IDPRJ><IDPERIODO>113</IDPERIODO><DTINICIO>2031-12-01T00:00:00-03:00</DTINICIO><DTFIM>2031-12-31T00:00:00-03:00</DTFIM><RECCREATEDBY>gabriel.lara</RECCREATEDBY><RECCREATEDON>2023-01-27T14:18:42-03:00</RECCREATEDON><RECMODIFIEDBY>gabriel.lara</RECMODIFIEDBY><RECMODIFIEDON>2023-01-27T14:18:42-03:00</RECMODIFIEDON></MPERIODO><MPERIODO><CODCOLIGADA>51</CODCOLIGADA><IDPRJ>1</IDPRJ><IDPERIODO>114</IDPERIODO><DTINICIO>2032-01-01T00:00:00-03:00</DTINICIO><DTFIM>2032-01-31T00:00:00-03:00</DTFIM><RECCREATEDBY>gabriel.lara</RECCREATEDBY><RECCREATEDON>2023-01-27T14:18:42-03:00</RECCREATEDON><RECMODIFIEDBY>gabriel.lara</RECMODIFIEDBY><RECMODIFIEDON>2023-01-27T14:18:42-03:00</RECMODIFIEDON></MPERIODO><MPERIODO><CODCOLIGADA>51</CODCOLIGADA><IDPRJ>1</IDPRJ><IDPERIODO>115</IDPERIODO><DTINICIO>2032-02-01T00:00:00-03:00</DTINICIO><DTFIM>2032-02-29T00:00:00-03:00</DTFIM><RECCREATEDBY>gabriel.lara</RECCREATEDBY><RECCREATEDON>2023-01-27T14:18:42-03:00</RECCREATEDON><RECMODIFIEDBY>gabriel.lara</RECMODIFIEDBY><RECMODIFIEDON>2023-01-27T14:18:42-03:00</RECMODIFIEDON></MPERIODO><MPERIODO><CODCOLIGADA>51</CODCOLIGADA><IDPRJ>1</IDPRJ><IDPERIODO>116</IDPERIODO><DTINICIO>2032-03-01T00:00:00-03:00</DTINICIO><DTFIM>2032-03-31T00:00:00-03:00</DTFIM><RECCREATEDBY>gabriel.lara</RECCREATEDBY><RECCREATEDON>2023-01-27T14:18:42-03:00</RECCREATEDON><RECMODIFIEDBY>gabriel.lara</RECMODIFIEDBY><RECMODIFIEDON>2023-01-27T14:18:42-03:00</RECMODIFIEDON></MPERIODO><MPERIODO><CODCOLIGADA>51</CODCOLIGADA><IDPRJ>1</IDPRJ><IDPERIODO>117</IDPERIODO><DTINICIO>2032-04-01T00:00:00-03:00</DTINICIO><DTFIM>2032-04-30T00:00:00-03:00</DTFIM><RECCREATEDBY>gabriel.lara</RECCREATEDBY><RECCREATEDON>2023-01-27T14:18:42-03:00</RECCREATEDON><RECMODIFIEDBY>gabriel.lara</RECMODIFIEDBY><RECMODIFIEDON>2023-01-27T14:18:42-03:00</RECMODIFIEDON></MPERIODO><MPERIODO><CODCOLIGADA>51</CODCOLIGADA><IDPRJ>1</IDPRJ><IDPERIODO>118</IDPERIODO><DTINICIO>2032-05-01T00:00:00-03:00</DTINICIO><DTFIM>2032-05-31T00:00:00-03:00</DTFIM><RECCREATEDBY>gabriel.lara</RECCREATEDBY><RECCREATEDON>2023-01-27T14:18:42-03:00</RECCREATEDON><RECMODIFIEDBY>gabriel.lara</RECMODIFIEDBY><RECMODIFIEDON>2023-01-27T14:18:42-03:00</RECMODIFIEDON></MPERIODO><MPERIODO><CODCOLIGADA>51</CODCOLIGADA><IDPRJ>1</IDPRJ><IDPERIODO>119</IDPERIODO><DTINICIO>2032-06-01T00:00:00-03:00</DTINICIO><DTFIM>2032-06-30T00:00:00-03:00</DTFIM><RECCREATEDBY>gabriel.lara</RECCREATEDBY><RECCREATEDON>2023-01-27T14:18:42-03:00</RECCREATEDON><RECMODIFIEDBY>gabriel.lara</RECMODIFIEDBY><RECMODIFIEDON>2023-01-27T14:18:42-03:00</RECMODIFIEDON></MPERIODO><MPERIODO><CODCOLIGADA>51</CODCOLIGADA><IDPRJ>1</IDPRJ><IDPERIODO>120</IDPERIODO><DTINICIO>2032-07-01T00:00:00-03:00</DTINICIO><DTFIM>2032-07-31T00:00:00-03:00</DTFIM><RECCREATEDBY>gabriel.lara</RECCREATEDBY><RECCREATEDON>2023-01-27T14:18:42-03:00</RECCREATEDON><RECMODIFIEDBY>gabriel.lara</RECMODIFIEDBY><RECMODIFIEDON>2023-01-27T14:18:42-03:00</RECMODIFIEDON></MPERIODO><MPERIODO><CODCOLIGADA>51</CODCOLIGADA><IDPRJ>1</IDPRJ><IDPERIODO>121</IDPERIODO><DTINICIO>2032-08-01T00:00:00-03:00</DTINICIO><DTFIM>2032-08-31T00:00:00-03:00</DTFIM><RECCREATEDBY>gabriel.lara</RECCREATEDBY><RECCREATEDON>2023-01-27T14:18:42-03:00</RECCREATEDON><RECMODIFIEDBY>gabriel.lara</RECMODIFIEDBY><RECMODIFIEDON>2023-01-27T14:18:42-03:00</RECMODIFIEDON></MPERIODO><MPERIODO><CODCOLIGADA>51</CODCOLIGADA><IDPRJ>1</IDPRJ><IDPERIODO>122</IDPERIODO><DTINICIO>2032-09-01T00:00:00-03:00</DTINICIO><DTFIM>2032-09-30T00:00:00-03:00</DTFIM><RECCREATEDBY>gabriel.lara</RECCREATEDBY><RECCREATEDON>2023-01-27T14:18:42-03:00</RECCREATEDON><RECMODIFIEDBY>gabriel.lara</RECMODIFIEDBY><RECMODIFIEDON>2023-01-27T14:18:42-03:00</RECMODIFIEDON></MPERIODO><MPERIODO><CODCOLIGADA>51</CODCOLIGADA><IDPRJ>1</IDPRJ><IDPERIODO>123</IDPERIODO><DTINICIO>2032-10-01T00:00:00-03:00</DTINICIO><DTFIM>2032-10-31T00:00:00-03:00</DTFIM><RECCREATEDBY>gabriel.lara</RECCREATEDBY><RECCREATEDON>2023-01-27T14:18:42-03:00</RECCREATEDON><RECMODIFIEDBY>gabriel.lara</RECMODIFIEDBY><RECMODIFIEDON>2023-01-27T14:18:42-03:00</RECMODIFIEDON></MPERIODO><MPERIODO><CODCOLIGADA>51</CODCOLIGADA><IDPRJ>1</IDPRJ><IDPERIODO>124</IDPERIODO><DTINICIO>2032-11-01T00:00:00-03:00</DTINICIO><DTFIM>2032-11-30T00:00:00-03:00</DTFIM><RECCREATEDBY>gabriel.lara</RECCREATEDBY><RECCREATEDON>2023-01-27T14:18:42-03:00</RECCREATEDON><RECMODIFIEDBY>gabriel.lara</RECMODIFIEDBY><RECMODIFIEDON>2023-01-27T14:18:42-03:00</RECMODIFIEDON></MPERIODO><MPERIODO><CODCOLIGADA>51</CODCOLIGADA><IDPRJ>1</IDPRJ><IDPERIODO>125</IDPERIODO><DTINICIO>2032-12-01T00:00:00-03:00</DTINICIO><DTFIM>2032-12-31T00:00:00-03:00</DTFIM><RECCREATEDBY>gabriel.lara</RECCREATEDBY><RECCREATEDON>2023-01-27T14:18:42-03:00</RECCREATEDON><RECMODIFIEDBY>gabriel.lara</RECMODIFIEDBY><RECMODIFIEDON>2023-01-27T14:18:42-03:00</RECMODIFIEDON></MPERIODO><MPERIODO><CODCOLIGADA>51</CODCOLIGADA><IDPRJ>1</IDPRJ><IDPERIODO>126</IDPERIODO><DTINICIO>2033-01-01T00:00:00-03:00</DTINICIO><DTFIM>2033-01-31T00:00:00-03:00</DTFIM><RECCREATEDBY>gabriel.lara</RECCREATEDBY><RECCREATEDON>2023-01-27T14:18:42-03:00</RECCREATEDON><RECMODIFIEDBY>gabriel.lara</RECMODIFIEDBY><RECMODIFIEDON>2023-01-27T14:18:42-03:00</RECMODIFIEDON></MPERIODO><MPERIODO><CODCOLIGADA>51</CODCOLIGADA><IDPRJ>1</IDPRJ><IDPERIODO>127</IDPERIODO><DTINICIO>2033-02-01T00:00:00-03:00</DTINICIO><DTFIM>2033-02-28T00:00:00-03:00</DTFIM><RECCREATEDBY>gabriel.lara</RECCREATEDBY><RECCREATEDON>2023-01-27T14:18:42-03:00</RECCREATEDON><RECMODIFIEDBY>gabriel.lara</RECMODIFIEDBY><RECMODIFIEDON>2023-01-27T14:18:42-03:00</RECMODIFIEDON></MPERIODO><MPERIODO><CODCOLIGADA>51</CODCOLIGADA><IDPRJ>1</IDPRJ><IDPERIODO>128</IDPERIODO><DTINICIO>2033-03-01T00:00:00-03:00</DTINICIO><DTFIM>2033-03-31T00:00:00-03:00</DTFIM><RECCREATEDBY>gabriel.lara</RECCREATEDBY><RECCREATEDON>2023-01-27T14:18:42-03:00</RECCREATEDON><RECMODIFIEDBY>gabriel.lara</RECMODIFIEDBY><RECMODIFIEDON>2023-01-27T14:18:42-03:00</RECMODIFIEDON></MPERIODO><MPERIODO><CODCOLIGADA>51</CODCOLIGADA><IDPRJ>1</IDPRJ><IDPERIODO>129</IDPERIODO><DTINICIO>2033-04-01T00:00:00-03:00</DTINICIO><DTFIM>2033-04-30T00:00:00-03:00</DTFIM><RECCREATEDBY>gabriel.lara</RECCREATEDBY><RECCREATEDON>2023-01-27T14:18:42-03:00</RECCREATEDON><RECMODIFIEDBY>gabriel.lara</RECMODIFIEDBY><RECMODIFIEDON>2023-01-27T14:18:42-03:00</RECMODIFIEDON></MPERIODO><MPERIODO><CODCOLIGADA>51</CODCOLIGADA><IDPRJ>1</IDPRJ><IDPERIODO>130</IDPERIODO><DTINICIO>2033-05-01T00:00:00-03:00</DTINICIO><DTFIM>2033-05-31T00:00:00-03:00</DTFIM><RECCREATEDBY>gabriel.lara</RECCREATEDBY><RECCREATEDON>2023-01-27T14:18:42-03:00</RECCREATEDON><RECMODIFIEDBY>gabriel.lara</RECMODIFIEDBY><RECMODIFIEDON>2023-01-27T14:18:42-03:00</RECMODIFIEDON></MPERIODO><MPERIODO><CODCOLIGADA>51</CODCOLIGADA><IDPRJ>1</IDPRJ><IDPERIODO>131</IDPERIODO><DTINICIO>2033-06-01T00:00:00-03:00</DTINICIO><DTFIM>2033-06-30T00:00:00-03:00</DTFIM><RECCREATEDBY>gabriel.lara</RECCREATEDBY><RECCREATEDON>2023-01-27T14:18:42-03:00</RECCREATEDON><RECMODIFIEDBY>gabriel.lara</RECMODIFIEDBY><RECMODIFIEDON>2023-01-27T14:18:42-03:00</RECMODIFIEDON></MPERIODO><MPERIODO><CODCOLIGADA>51</CODCOLIGADA><IDPRJ>1</IDPRJ><IDPERIODO>132</IDPERIODO><DTINICIO>2033-07-01T00:00:00-03:00</DTINICIO><DTFIM>2033-07-31T00:00:00-03:00</DTFIM><RECCREATEDBY>gabriel.lara</RECCREATEDBY><RECCREATEDON>2023-01-27T14:18:42-03:00</RECCREATEDON><RECMODIFIEDBY>gabriel.lara</RECMODIFIEDBY><RECMODIFIEDON>2023-01-27T14:18:42-03:00</RECMODIFIEDON></MPERIODO><MPERIODO><CODCOLIGADA>51</CODCOLIGADA><IDPRJ>1</IDPRJ><IDPERIODO>133</IDPERIODO><DTINICIO>2033-08-01T00:00:00-03:00</DTINICIO><DTFIM>2033-08-31T00:00:00-03:00</DTFIM><RECCREATEDBY>gabriel.lara</RECCREATEDBY><RECCREATEDON>2023-01-27T14:18:42-03:00</RECCREATEDON><RECMODIFIEDBY>gabriel.lara</RECMODIFIEDBY><RECMODIFIEDON>2023-01-27T14:18:42-03:00</RECMODIFIEDON></MPERIODO><MPERIODO><CODCOLIGADA>51</CODCOLIGADA><IDPRJ>1</IDPRJ><IDPERIODO>134</IDPERIODO><DTINICIO>2033-09-01T00:00:00-03:00</DTINICIO><DTFIM>2033-09-30T00:00:00-03:00</DTFIM><RECCREATEDBY>gabriel.lara</RECCREATEDBY><RECCREATEDON>2023-01-27T14:18:42-03:00</RECCREATEDON><RECMODIFIEDBY>gabriel.lara</RECMODIFIEDBY><RECMODIFIEDON>2023-01-27T14:18:42-03:00</RECMODIFIEDON></MPERIODO><MPERIODO><CODCOLIGADA>51</CODCOLIGADA><IDPRJ>1</IDPRJ><IDPERIODO>135</IDPERIODO><DTINICIO>2033-10-01T00:00:00-03:00</DTINICIO><DTFIM>2033-10-31T00:00:00-03:00</DTFIM><RECCREATEDBY>gabriel.lara</RECCREATEDBY><RECCREATEDON>2023-01-27T14:18:42-03:00</RECCREATEDON><RECMODIFIEDBY>gabriel.lara</RECMODIFIEDBY><RECMODIFIEDON>2023-01-27T14:18:42-03:00</RECMODIFIEDON></MPERIODO><MPERIODO><CODCOLIGADA>51</CODCOLIGADA><IDPRJ>1</IDPRJ><IDPERIODO>136</IDPERIODO><DTINICIO>2033-11-01T00:00:00-03:00</DTINICIO><DTFIM>2033-11-30T00:00:00-03:00</DTFIM><RECCREATEDBY>gabriel.lara</RECCREATEDBY><RECCREATEDON>2023-01-27T14:18:42-03:00</RECCREATEDON><RECMODIFIEDBY>gabriel.lara</RECMODIFIEDBY><RECMODIFIEDON>2023-01-27T14:18:42-03:00</RECMODIFIEDON></MPERIODO><MPERIODO><CODCOLIGADA>51</CODCOLIGADA><IDPRJ>1</IDPRJ><IDPERIODO>137</IDPERIODO><DTINICIO>2033-12-01T00:00:00-03:00</DTINICIO><DTFIM>2033-12-31T00:00:00-03:00</DTFIM><RECCREATEDBY>gabriel.lara</RECCREATEDBY><RECCREATEDON>2023-01-27T14:18:42-03:00</RECCREATEDON><RECMODIFIEDBY>gabriel.lara</RECMODIFIEDBY><RECMODIFIEDON>2023-01-27T14:18:42-03:00</RECMODIFIEDON></MPERIODO><MPERIODO><CODCOLIGADA>51</CODCOLIGADA><IDPRJ>1</IDPRJ><IDPERIODO>138</IDPERIODO><DTINICIO>2034-01-01T00:00:00-03:00</DTINICIO><DTFIM>2034-01-31T00:00:00-03:00</DTFIM><RECCREATEDBY>gabriel.lara</RECCREATEDBY><RECCREATEDON>2023-01-27T14:18:42-03:00</RECCREATEDON><RECMODIFIEDBY>gabriel.lara</RECMODIFIEDBY><RECMODIFIEDON>2023-01-27T14:18:42-03:00</RECMODIFIEDON></MPERIODO><MPERIODO><CODCOLIGADA>51</CODCOLIGADA><IDPRJ>1</IDPRJ><IDPERIODO>139</IDPERIODO><DTINICIO>2034-02-01T00:00:00-03:00</DTINICIO><DTFIM>2034-02-28T00:00:00-03:00</DTFIM><RECCREATEDBY>gabriel.lara</RECCREATEDBY><RECCREATEDON>2023-01-27T14:18:42-03:00</RECCREATEDON><RECMODIFIEDBY>gabriel.lara</RECMODIFIEDBY><RECMODIFIEDON>2023-01-27T14:18:42-03:00</RECMODIFIEDON></MPERIODO><MPERIODO><CODCOLIGADA>51</CODCOLIGADA><IDPRJ>1</IDPRJ><IDPERIODO>140</IDPERIODO><DTINICIO>2034-03-01T00:00:00-03:00</DTINICIO><DTFIM>2034-03-31T00:00:00-03:00</DTFIM><RECCREATEDBY>gabriel.lara</RECCREATEDBY><RECCREATEDON>2023-01-27T14:18:42-03:00</RECCREATEDON><RECMODIFIEDBY>gabriel.lara</RECMODIFIEDBY><RECMODIFIEDON>2023-01-27T14:18:42-03:00</RECMODIFIEDON></MPERIODO></NewDataSet>