﻿<NewDataSet><xs:schema id="NewDataSet" xmlns="" xmlns:xs="http://www.w3.org/2001/XMLSchema" xmlns:msdata="urn:schemas-microsoft-com:xml-msdata" xmlns:msprop="urn:schemas-microsoft-com:xml-msprop"><xs:element name="NewDataSet" msdata:IsDataSet="true" msdata:MainDataTable="MRECCMPASSOC" msdata:UseCurrentLocale="true"><xs:complexType><xs:choice minOccurs="0" maxOccurs="unbounded"><xs:element name="MRECCMPASSOC" msprop:_x0023__x0023_SQLFetch="00:00:00" msprop:_x0040_SQL="  SELECT * FROM MRECCMPASSOC (NOLOCK)   WHERE (CODCOLIGADA = 51) AND &#xD;&#xA;                                     ((IDPRJ = 1) OR (IDPRJ = 0))  "><xs:complexType><xs:sequence><xs:element name="CODCOLIGADA" type="xs:short" minOccurs="0" /><xs:element name="IDPRJ" type="xs:int" minOccurs="0" /><xs:element name="IDRECPAI" type="xs:int" minOccurs="0" /><xs:element name="IDRECASSOC" type="xs:int" minOccurs="0" /><xs:element name="TIPOASSOC" type="xs:int" minOccurs="0" /><xs:element name="RECCREATEDBY" type="xs:string" minOccurs="0" /><xs:element name="RECCREATEDON" type="xs:dateTime" minOccurs="0" /><xs:element name="RECMODIFIEDBY" type="xs:string" minOccurs="0" /><xs:element name="RECMODIFIEDON" type="xs:dateTime" minOccurs="0" /><xs:element name="QUANTIDADE" type="xs:decimal" minOccurs="0" /><xs:element name="DMTLN" type="xs:decimal" minOccurs="0" /><xs:element name="DMTRP" type="xs:decimal" minOccurs="0" /><xs:element name="DMTP" type="xs:decimal" minOccurs="0" /></xs:sequence></xs:complexType></xs:element></xs:choice></xs:complexType></xs:element></xs:schema></NewDataSet>