﻿<NewDataSet><xs:schema id="NewDataSet" xmlns="" xmlns:xs="http://www.w3.org/2001/XMLSchema" xmlns:msdata="urn:schemas-microsoft-com:xml-msdata" xmlns:msprop="urn:schemas-microsoft-com:xml-msprop"><xs:element name="NewDataSet" msdata:IsDataSet="true" msdata:MainDataTable="MTAREFARATEIO" msdata:UseCurrentLocale="true"><xs:complexType><xs:choice minOccurs="0" maxOccurs="unbounded"><xs:element name="MTAREFARATEIO" msprop:_x0023__x0023_SQLFetch="00:00:00" msprop:_x0040_SQL="  SELECT * FROM MTAREFARATEIO (NOLOCK)   WHERE (CODCOLIGADA = 51 AND IDPRJ = 1)  "><xs:complexType><xs:sequence><xs:element name="CODCOLIGADA" type="xs:short" minOccurs="0" /><xs:element name="IDPRJ" type="xs:int" minOccurs="0" /><xs:element name="IDTRFORIGEM" type="xs:int" minOccurs="0" /><xs:element name="IDTRFDESTINO" type="xs:int" minOccurs="0" /><xs:element name="QTDETRFDESTINO" type="xs:decimal" minOccurs="0" /><xs:element name="PERCENTUALRATEIO" type="xs:decimal" minOccurs="0" /><xs:element name="QTDERATEIO" type="xs:decimal" minOccurs="0" /><xs:element name="TIPORECURSO" type="xs:string" minOccurs="0" /><xs:element name="IDRECURSO" type="xs:int" minOccurs="0" /><xs:element name="IDPRJREC" type="xs:int" minOccurs="0" /><xs:element name="IDCMPSISTEMA" type="xs:int" minOccurs="0" /><xs:element name="TIPORECURSOORIGEM" type="xs:string" minOccurs="0" /><xs:element name="RECURSOORIGEM" type="xs:int" minOccurs="0" /><xs:element name="PRJRECURSOORIGEM" type="xs:int" minOccurs="0" /><xs:element name="RECCREATEDBY" type="xs:string" minOccurs="0" /><xs:element name="RECCREATEDON" type="xs:dateTime" minOccurs="0" /><xs:element name="RECMODIFIEDBY" type="xs:string" minOccurs="0" /><xs:element name="RECMODIFIEDON" type="xs:dateTime" minOccurs="0" /></xs:sequence></xs:complexType></xs:element></xs:choice></xs:complexType></xs:element></xs:schema></NewDataSet>