﻿<NewDataSet><xs:schema id="NewDataSet" xmlns="" xmlns:xs="http://www.w3.org/2001/XMLSchema" xmlns:msdata="urn:schemas-microsoft-com:xml-msdata" xmlns:msprop="urn:schemas-microsoft-com:xml-msprop"><xs:element name="NewDataSet" msdata:IsDataSet="true" msdata:MainDataTable="MTIPOTAREFA" msdata:UseCurrentLocale="true"><xs:complexType><xs:choice minOccurs="0" maxOccurs="unbounded"><xs:element name="MTIPOTAREFA" msprop:_x0023__x0023_SQLFetch="00:00:00" msprop:_x0040_SQL="  SELECT * FROM MTIPOTAREFA (NOLOCK)   "><xs:complexType><xs:sequence><xs:element name="IDTIPOTAREFA" type="xs:int" minOccurs="0" /><xs:element name="CODTIPOTAREFA" type="xs:string" minOccurs="0" /><xs:element name="DSCTIPOTAREFA" type="xs:string" minOccurs="0" /><xs:element name="IDAPARENCIAINICIAL" type="xs:int" minOccurs="0" /><xs:element name="IDAPARENCIAFINAL" type="xs:int" minOccurs="0" /><xs:element name="IDAPARENCIAADIANTADA" type="xs:int" minOccurs="0" /><xs:element name="IDAPARENCIAATRASADA" type="xs:int" minOccurs="0" /><xs:element name="IDAPARENCIASIMULACAOINICIAL" type="xs:int" minOccurs="0" /><xs:element name="RECCREATEDBY" type="xs:string" minOccurs="0" /><xs:element name="RECCREATEDON" type="xs:dateTime" minOccurs="0" /><xs:element name="RECMODIFIEDBY" type="xs:string" minOccurs="0" /><xs:element name="RECMODIFIEDON" type="xs:dateTime" minOccurs="0" /></xs:sequence></xs:complexType></xs:element></xs:choice></xs:complexType></xs:element></xs:schema><MTIPOTAREFA><IDTIPOTAREFA>1</IDTIPOTAREFA><CODTIPOTAREFA>001</CODTIPOTAREFA><DSCTIPOTAREFA>Construção</DSCTIPOTAREFA><IDAPARENCIAINICIAL>1000</IDAPARENCIAINICIAL><IDAPARENCIAFINAL>1</IDAPARENCIAFINAL></MTIPOTAREFA><MTIPOTAREFA><IDTIPOTAREFA>2</IDTIPOTAREFA><CODTIPOTAREFA>002</CODTIPOTAREFA><DSCTIPOTAREFA>Demolição</DSCTIPOTAREFA><IDAPARENCIAINICIAL>1001</IDAPARENCIAINICIAL><IDAPARENCIAFINAL>2</IDAPARENCIAFINAL><IDAPARENCIASIMULACAOINICIAL>1</IDAPARENCIASIMULACAOINICIAL></MTIPOTAREFA><MTIPOTAREFA><IDTIPOTAREFA>3</IDTIPOTAREFA><CODTIPOTAREFA>003</CODTIPOTAREFA><DSCTIPOTAREFA>Temporária</DSCTIPOTAREFA><IDAPARENCIAINICIAL>1003</IDAPARENCIAINICIAL><IDAPARENCIAFINAL>2</IDAPARENCIAFINAL></MTIPOTAREFA></NewDataSet>