﻿<NewDataSet><xs:schema id="NewDataSet" xmlns="" xmlns:xs="http://www.w3.org/2001/XMLSchema" xmlns:msdata="urn:schemas-microsoft-com:xml-msdata" xmlns:msprop="urn:schemas-microsoft-com:xml-msprop"><xs:element name="NewDataSet" msdata:IsDataSet="true" msdata:MainDataTable="MTIPOTAREFAFORMULA" msdata:UseCurrentLocale="true"><xs:complexType><xs:choice minOccurs="0" maxOccurs="unbounded"><xs:element name="MTIPOTAREFAFORMULA" msprop:_x0023__x0023_SQLFetch="00:00:00" msprop:_x0040_SQL="  SELECT * FROM MTIPOTAREFAFORMULA (NOLOCK)   WHERE (CODCOLIGADA = 51) AND &#xD;&#xA;                                     (APLICACAO = 'M')  "><xs:complexType><xs:sequence><xs:element name="IDTIPOTAREFA" type="xs:int" minOccurs="0" /><xs:element name="CODCOLIGADA" type="xs:short" minOccurs="0" /><xs:element name="APLICACAO" type="xs:string" minOccurs="0" /><xs:element name="CODFORMULA" type="xs:string" minOccurs="0" /><xs:element name="RECCREATEDBY" type="xs:string" minOccurs="0" /><xs:element name="RECCREATEDON" type="xs:dateTime" minOccurs="0" /><xs:element name="RECMODIFIEDBY" type="xs:string" minOccurs="0" /><xs:element name="RECMODIFIEDON" type="xs:dateTime" minOccurs="0" /></xs:sequence></xs:complexType></xs:element></xs:choice></xs:complexType></xs:element></xs:schema></NewDataSet>