﻿<NewDataSet><xs:schema id="NewDataSet" xmlns="" xmlns:xs="http://www.w3.org/2001/XMLSchema" xmlns:msdata="urn:schemas-microsoft-com:xml-msdata" xmlns:msprop="urn:schemas-microsoft-com:xml-msprop"><xs:element name="NewDataSet" msdata:IsDataSet="true" msdata:MainDataTable="MTRFMED" msdata:UseCurrentLocale="true"><xs:complexType><xs:choice minOccurs="0" maxOccurs="unbounded"><xs:element name="MTRFMED" msprop:_x0023__x0023_SQLFetch="00:00:00" msprop:_x0040_SQL="  SELECT * FROM MTRFMED (NOLOCK)   WHERE (CODCOLIGADA = 51 AND IDPRJ = 1 AND PERIODOCLASSIFICACAO &lt;&gt; 3)  "><xs:complexType><xs:sequence><xs:element name="CODCOLIGADA" type="xs:short" minOccurs="0" /><xs:element name="IDPRJ" type="xs:int" minOccurs="0" /><xs:element name="PERIODOMED" type="xs:string" minOccurs="0" /><xs:element name="PERIODOCLASSIFICACAO" type="xs:short" minOccurs="0" /><xs:element name="IDITMCNT" type="xs:int" minOccurs="0" /><xs:element name="IDCNT" type="xs:int" minOccurs="0" /><xs:element name="QUANTIDADEMEDIDA" type="xs:decimal" minOccurs="0" /><xs:element name="VLRRETMED" type="xs:decimal" minOccurs="0" /><xs:element name="VALORMEDIDO" type="xs:decimal" minOccurs="0" /><xs:element name="PERCENTUALMEDIDO" type="xs:decimal" minOccurs="0" /><xs:element name="QUANTIDADEACUMULADA" type="xs:decimal" minOccurs="0" /><xs:element name="VALORACUMULADO" type="xs:decimal" minOccurs="0" /><xs:element name="PERCENTUALACUMULADO" type="xs:decimal" minOccurs="0" /><xs:element name="SALDOQUANTIDADE" type="xs:decimal" minOccurs="0" /><xs:element name="SALDOVALOR" type="xs:decimal" minOccurs="0" /><xs:element name="PRECOLIBERADO" type="xs:decimal" minOccurs="0" /><xs:element name="CAMPOMEDIDO" type="xs:string" minOccurs="0" /><xs:element name="RECCREATEDBY" type="xs:string" minOccurs="0" /><xs:element name="RECCREATEDON" type="xs:dateTime" minOccurs="0" /><xs:element name="RECMODIFIEDBY" type="xs:string" minOccurs="0" /><xs:element name="RECMODIFIEDON" type="xs:dateTime" minOccurs="0" /><xs:element name="QUANTIDADEITEMPDO" type="xs:decimal" minOccurs="0" /><xs:element name="VALORITEMPDO" type="xs:decimal" minOccurs="0" /><xs:element name="VALORMEDIDOREAJUSTE" type="xs:decimal" minOccurs="0" /><xs:element name="VALORCALCULOREAJUSTE" type="xs:decimal" minOccurs="0" /><xs:element name="APOSENTADORIAESPECIAL" type="xs:short" minOccurs="0" /><xs:element name="VALORMEDIDOPI" type="xs:decimal" minOccurs="0" /></xs:sequence></xs:complexType></xs:element></xs:choice></xs:complexType></xs:element></xs:schema></NewDataSet>