﻿<NewDataSet><xs:schema id="NewDataSet" xmlns="" xmlns:xs="http://www.w3.org/2001/XMLSchema" xmlns:msdata="urn:schemas-microsoft-com:xml-msdata" xmlns:msprop="urn:schemas-microsoft-com:xml-msprop"><xs:element name="NewDataSet" msdata:IsDataSet="true" msdata:MainDataTable="TUND" msdata:UseCurrentLocale="true"><xs:complexType><xs:choice minOccurs="0" maxOccurs="unbounded"><xs:element name="TUND" msprop:_x0023__x0023_SQLFetch="00:00:00" msprop:_x0040_SQL="  SELECT * FROM TUND (NOLOCK)   ORDER BY CASE WHEN CODUNDBASE = CODUND THEN 0 ELSE 1 END, CODUND  "><xs:complexType><xs:sequence><xs:element name="CODUND" type="xs:string" minOccurs="0" /><xs:element name="DESCRICAO" type="xs:string" minOccurs="0" /><xs:element name="CODUNDBASE" type="xs:string" minOccurs="0" /><xs:element name="FATORCONVERSAO" type="xs:decimal" minOccurs="0" /><xs:element name="EBASE" type="xs:short" minOccurs="0" /><xs:element name="NCASASDECIMAIS" type="xs:int" minOccurs="0" /><xs:element name="SIGLA" type="xs:string" minOccurs="0" /><xs:element name="RECCREATEDBY" type="xs:string" minOccurs="0" /><xs:element name="RECCREATEDON" type="xs:dateTime" minOccurs="0" /><xs:element name="RECMODIFIEDBY" type="xs:string" minOccurs="0" /><xs:element name="RECMODIFIEDON" type="xs:dateTime" minOccurs="0" /><xs:element name="TRIBUTAVEL" type="xs:short" minOccurs="0" /><xs:element name="CODUNDTRIBUTAVEL" type="xs:string" minOccurs="0" /></xs:sequence></xs:complexType></xs:element></xs:choice></xs:complexType></xs:element></xs:schema><TUND><CODUND>H</CODUND><DESCRICAO>HORA</DESCRICAO><CODUNDBASE>H</CODUNDBASE><FATORCONVERSAO>1.0000000000</FATORCONVERSAO><EBASE>1</EBASE><NCASASDECIMAIS>2</NCASASDECIMAIS><TRIBUTAVEL>0</TRIBUTAVEL></TUND><TUND><CODUND>KG</CODUND><DESCRICAO>QUILOGRAMA</DESCRICAO><CODUNDBASE>KG</CODUNDBASE><FATORCONVERSAO>1.0000000000</FATORCONVERSAO><EBASE>1</EBASE><NCASASDECIMAIS>2</NCASASDECIMAIS><TRIBUTAVEL>0</TRIBUTAVEL></TUND><TUND><CODUND>M</CODUND><DESCRICAO>METRO</DESCRICAO><CODUNDBASE>M</CODUNDBASE><FATORCONVERSAO>1.0000000000</FATORCONVERSAO><EBASE>1</EBASE><NCASASDECIMAIS>2</NCASASDECIMAIS><TRIBUTAVEL>0</TRIBUTAVEL></TUND><TUND><CODUND>M2</CODUND><DESCRICAO>METRO QUADRADO</DESCRICAO><CODUNDBASE>M2</CODUNDBASE><FATORCONVERSAO>1.0000000000</FATORCONVERSAO><EBASE>1</EBASE><NCASASDECIMAIS>2</NCASASDECIMAIS><TRIBUTAVEL>0</TRIBUTAVEL></TUND><TUND><CODUND>M3</CODUND><DESCRICAO>METRO CUBICO</DESCRICAO><CODUNDBASE>M3</CODUNDBASE><FATORCONVERSAO>1.0000000000</FATORCONVERSAO><EBASE>1</EBASE><NCASASDECIMAIS>2</NCASASDECIMAIS><TRIBUTAVEL>0</TRIBUTAVEL></TUND><TUND><CODUND>MM2</CODUND><DESCRICAO>MILIMETRO QUADRADO</DESCRICAO><CODUNDBASE>MM2</CODUNDBASE><FATORCONVERSAO>0.0001000000</FATORCONVERSAO><EBASE>0</EBASE><NCASASDECIMAIS>2</NCASASDECIMAIS><TRIBUTAVEL>0</TRIBUTAVEL></TUND><TUND><CODUND>UN</CODUND><DESCRICAO>UNIDADE</DESCRICAO><CODUNDBASE>UN</CODUNDBASE><FATORCONVERSAO>1.0000000000</FATORCONVERSAO><EBASE>1</EBASE><NCASASDECIMAIS>2</NCASASDECIMAIS><TRIBUTAVEL>0</TRIBUTAVEL></TUND><TUND><CODUND>1</CODUND><DESCRICAO>METRO</DESCRICAO><CODUNDBASE>UN</CODUNDBASE><FATORCONVERSAO>1.0000000000</FATORCONVERSAO><EBASE>0</EBASE><NCASASDECIMAIS>0</NCASASDECIMAIS><RECCREATEDBY>anderson.helio</RECCREATEDBY><RECCREATEDON>2021-08-18T11:02:58-03:00</RECCREATEDON><RECMODIFIEDBY>anderson.helio</RECMODIFIEDBY><RECMODIFIEDON>2021-08-18T11:02:58-03:00</RECMODIFIEDON><TRIBUTAVEL>0</TRIBUTAVEL></TUND><TUND><CODUND>10</CODUND><DESCRICAO>METRO</DESCRICAO><CODUNDBASE>UN</CODUNDBASE><FATORCONVERSAO>1.0000000000</FATORCONVERSAO><EBASE>0</EBASE><NCASASDECIMAIS>0</NCASASDECIMAIS><RECCREATEDBY>anderson.helio</RECCREATEDBY><RECCREATEDON>2021-08-18T11:02:37-03:00</RECCREATEDON><RECMODIFIEDBY>anderson.helio</RECMODIFIEDBY><RECMODIFIEDON>2021-08-18T11:02:37-03:00</RECMODIFIEDON><TRIBUTAVEL>0</TRIBUTAVEL></TUND><TUND><CODUND>2</CODUND><DESCRICAO>UN</DESCRICAO><CODUNDBASE>UN</CODUNDBASE><FATORCONVERSAO>1.0000000000</FATORCONVERSAO><EBASE>0</EBASE><NCASASDECIMAIS>0</NCASASDECIMAIS><RECCREATEDBY>anderson.helio</RECCREATEDBY><RECCREATEDON>2021-08-18T11:05:19-03:00</RECCREATEDON><RECMODIFIEDBY>anderson.helio</RECMODIFIEDBY><RECMODIFIEDON>2021-08-18T11:05:19-03:00</RECMODIFIEDON><TRIBUTAVEL>0</TRIBUTAVEL></TUND><TUND><CODUND>5KG</CODUND><DESCRICAO>5 KILOGRAMA</DESCRICAO><CODUNDBASE>KG</CODUNDBASE><FATORCONVERSAO>1.0000000000</FATORCONVERSAO><EBASE>0</EBASE><NCASASDECIMAIS>0</NCASASDECIMAIS><RECCREATEDBY>danielle.marques</RECCREATEDBY><RECCREATEDON>2021-07-07T10:22:20-03:00</RECCREATEDON><RECMODIFIEDBY>danilo.custodio</RECMODIFIEDBY><RECMODIFIEDON>2021-09-08T11:03:46-03:00</RECMODIFIEDON><TRIBUTAVEL>0</TRIBUTAVEL></TUND><TUND><CODUND>APTO</CODUND><DESCRICAO>APTO</DESCRICAO><CODUNDBASE>UN</CODUNDBASE><FATORCONVERSAO>1.0000000000</FATORCONVERSAO><EBASE>0</EBASE><NCASASDECIMAIS>0</NCASASDECIMAIS><TRIBUTAVEL>0</TRIBUTAVEL></TUND><TUND><CODUND>B25KG</CODUND><DESCRICAO>BALDE DE 25 QUILOS</DESCRICAO><CODUNDBASE>KG</CODUNDBASE><FATORCONVERSAO>25.0000000000</FATORCONVERSAO><EBASE>0</EBASE><NCASASDECIMAIS>0</NCASASDECIMAIS><RECCREATEDBY>romana.cabral</RECCREATEDBY><RECCREATEDON>2012-05-02T14:39:51-03:00</RECCREATEDON><RECMODIFIEDBY>danilo.custodio</RECMODIFIEDBY><RECMODIFIEDON>2021-09-08T11:03:46-03:00</RECMODIFIEDON><TRIBUTAVEL>0</TRIBUTAVEL></TUND><TUND><CODUND>BB20L</CODUND><DESCRICAO>BOMBONA COM 20 LITROS</DESCRICAO><CODUNDBASE>M3</CODUNDBASE><FATORCONVERSAO>0.0200000000</FATORCONVERSAO><EBASE>0</EBASE><NCASASDECIMAIS>0</NCASASDECIMAIS><RECCREATEDBY>Juliana</RECCREATEDBY><RECCREATEDON>2013-11-26T17:16:17-03:00</RECCREATEDON><RECMODIFIEDBY>Juliana</RECMODIFIEDBY><RECMODIFIEDON>2013-11-26T17:16:17-03:00</RECMODIFIEDON><TRIBUTAVEL>0</TRIBUTAVEL></TUND><TUND><CODUND>BB3,6</CODUND><DESCRICAO>BOMBONA COM 3,6 LITROS</DESCRICAO><CODUNDBASE>M3</CODUNDBASE><FATORCONVERSAO>0.0036000000</FATORCONVERSAO><EBASE>0</EBASE><NCASASDECIMAIS>0</NCASASDECIMAIS><RECCREATEDBY>izabela.almeida</RECCREATEDBY><RECCREATEDON>2019-09-16T10:30:10-03:00</RECCREATEDON><RECMODIFIEDBY>izabela.almeida</RECMODIFIEDBY><RECMODIFIEDON>2019-09-16T10:30:45-03:00</RECMODIFIEDON><TRIBUTAVEL>0</TRIBUTAVEL></TUND><TUND><CODUND>BD10K</CODUND><DESCRICAO>BALDE COM 10 QUILOS</DESCRICAO><CODUNDBASE>KG</CODUNDBASE><FATORCONVERSAO>10.0000000000</FATORCONVERSAO><EBASE>0</EBASE><NCASASDECIMAIS>0</NCASASDECIMAIS><RECCREATEDBY>romana.cabral</RECCREATEDBY><RECCREATEDON>2012-10-05T08:56:50-03:00</RECCREATEDON><RECMODIFIEDBY>romana.cabral</RECMODIFIEDBY><RECMODIFIEDON>2012-10-05T08:56:50-03:00</RECMODIFIEDON><TRIBUTAVEL>0</TRIBUTAVEL></TUND><TUND><CODUND>BD12K</CODUND><DESCRICAO>BALDE COM 12 QUILOS</DESCRICAO><CODUNDBASE>KG</CODUNDBASE><FATORCONVERSAO>12.0000000000</FATORCONVERSAO><EBASE>0</EBASE><NCASASDECIMAIS>0</NCASASDECIMAIS><TRIBUTAVEL>0</TRIBUTAVEL></TUND><TUND><CODUND>BD12L</CODUND><DESCRICAO>BALDE COM 12 LITROS</DESCRICAO><CODUNDBASE>M3</CODUNDBASE><FATORCONVERSAO>0.0120000000</FATORCONVERSAO><EBASE>0</EBASE><NCASASDECIMAIS>0</NCASASDECIMAIS><RECCREATEDBY>Juliana</RECCREATEDBY><RECCREATEDON>2015-02-20T15:34:12-03:00</RECCREATEDON><RECMODIFIEDBY>Juliana</RECMODIFIEDBY><RECMODIFIEDON>2015-02-20T15:34:12-03:00</RECMODIFIEDON><TRIBUTAVEL>0</TRIBUTAVEL></TUND><TUND><CODUND>BD135</CODUND><DESCRICAO>BALDE COM 13,5 QUILOS</DESCRICAO><CODUNDBASE>KG</CODUNDBASE><FATORCONVERSAO>13.5000000000</FATORCONVERSAO><EBASE>0</EBASE><NCASASDECIMAIS>0</NCASASDECIMAIS><TRIBUTAVEL>0</TRIBUTAVEL></TUND><TUND><CODUND>BD14K</CODUND><DESCRICAO>BALDE COM 14 QUILOS</DESCRICAO><CODUNDBASE>KG</CODUNDBASE><FATORCONVERSAO>1.0000000000</FATORCONVERSAO><EBASE>0</EBASE><NCASASDECIMAIS>0</NCASASDECIMAIS><RECCREATEDBY>danielle.marques</RECCREATEDBY><RECCREATEDON>2021-10-21T15:50:22-03:00</RECCREATEDON><RECMODIFIEDBY>danielle.marques</RECMODIFIEDBY><RECMODIFIEDON>2021-10-21T15:50:31-03:00</RECMODIFIEDON><TRIBUTAVEL>0</TRIBUTAVEL></TUND><TUND><CODUND>BD15K</CODUND><DESCRICAO>BALDE COM 15 QUIILOS</DESCRICAO><CODUNDBASE>KG</CODUNDBASE><FATORCONVERSAO>15.0000000000</FATORCONVERSAO><EBASE>0</EBASE><NCASASDECIMAIS>0</NCASASDECIMAIS><RECCREATEDBY>romana.cabral</RECCREATEDBY><RECCREATEDON>2012-07-23T15:17:25-03:00</RECCREATEDON><RECMODIFIEDBY>romana.cabral</RECMODIFIEDBY><RECMODIFIEDON>2012-07-23T15:17:52-03:00</RECMODIFIEDON><TRIBUTAVEL>0</TRIBUTAVEL></TUND><TUND><CODUND>BD15L</CODUND><DESCRICAO>BALDE COM 15 LITROS</DESCRICAO><CODUNDBASE>M3</CODUNDBASE><FATORCONVERSAO>0.0150000000</FATORCONVERSAO><EBASE>0</EBASE><NCASASDECIMAIS>0</NCASASDECIMAIS><RECCREATEDBY>sabrina.sales</RECCREATEDBY><RECCREATEDON>2023-03-30T14:23:52-03:00</RECCREATEDON><RECMODIFIEDBY>sabrina.sales</RECMODIFIEDBY><RECMODIFIEDON>2023-04-18T16:08:26-03:00</RECMODIFIEDON><TRIBUTAVEL>0</TRIBUTAVEL></TUND><TUND><CODUND>BD16K</CODUND><DESCRICAO>BALDE COM 16 QUILOS</DESCRICAO><CODUNDBASE>KG</CODUNDBASE><FATORCONVERSAO>16.0000000000</FATORCONVERSAO><EBASE>0</EBASE><NCASASDECIMAIS>0</NCASASDECIMAIS><RECCREATEDBY>barbara.marcolino</RECCREATEDBY><RECCREATEDON>2013-08-14T17:06:30-03:00</RECCREATEDON><RECMODIFIEDBY>barbara.marcolino</RECMODIFIEDBY><RECMODIFIEDON>2013-08-14T17:06:30-03:00</RECMODIFIEDON><TRIBUTAVEL>0</TRIBUTAVEL></TUND><TUND><CODUND>BD16L</CODUND><DESCRICAO>BALDE COM 16 LITROS </DESCRICAO><CODUNDBASE>M3</CODUNDBASE><FATORCONVERSAO>0.0160000000</FATORCONVERSAO><EBASE>0</EBASE><NCASASDECIMAIS>0</NCASASDECIMAIS><RECCREATEDBY>danielle.marques</RECCREATEDBY><RECCREATEDON>2021-11-08T16:40:19-03:00</RECCREATEDON><RECMODIFIEDBY>gabriel.lara</RECMODIFIEDBY><RECMODIFIEDON>2023-02-02T09:27:12-03:00</RECMODIFIEDON><TRIBUTAVEL>0</TRIBUTAVEL></TUND><TUND><CODUND>BD18K</CODUND><DESCRICAO>BALDE COM 18 QUILOS</DESCRICAO><CODUNDBASE>KG</CODUNDBASE><FATORCONVERSAO>18.0000000000</FATORCONVERSAO><EBASE>0</EBASE><NCASASDECIMAIS>0</NCASASDECIMAIS><TRIBUTAVEL>0</TRIBUTAVEL></TUND><TUND><CODUND>BD18L</CODUND><DESCRICAO>BALDE COM 18 LITROS</DESCRICAO><CODUNDBASE>M3</CODUNDBASE><FATORCONVERSAO>0.0180000000</FATORCONVERSAO><EBASE>0</EBASE><NCASASDECIMAIS>0</NCASASDECIMAIS><TRIBUTAVEL>0</TRIBUTAVEL></TUND><TUND><CODUND>BD1KG</CODUND><DESCRICAO>BALDE 1 KILO</DESCRICAO><CODUNDBASE>KG</CODUNDBASE><FATORCONVERSAO>1.0000000000</FATORCONVERSAO><EBASE>0</EBASE><NCASASDECIMAIS>0</NCASASDECIMAIS><RECCREATEDBY>danilo.custodio</RECCREATEDBY><RECCREATEDON>2021-09-08T11:03:46-03:00</RECCREATEDON><RECMODIFIEDBY>danilo.custodio</RECMODIFIEDBY><RECMODIFIEDON>2021-09-08T11:03:46-03:00</RECMODIFIEDON><TRIBUTAVEL>0</TRIBUTAVEL></TUND><TUND><CODUND>BD20K</CODUND><DESCRICAO>BALDE COM 20 QUILOS</DESCRICAO><CODUNDBASE>KG</CODUNDBASE><FATORCONVERSAO>20.0000000000</FATORCONVERSAO><EBASE>0</EBASE><NCASASDECIMAIS>0</NCASASDECIMAIS><RECCREATEDBY>barbara.marcolino</RECCREATEDBY><RECCREATEDON>2013-05-28T09:05:01-03:00</RECCREATEDON><RECMODIFIEDBY>barbara.marcolino</RECMODIFIEDBY><RECMODIFIEDON>2013-05-28T09:05:01-03:00</RECMODIFIEDON><TRIBUTAVEL>0</TRIBUTAVEL></TUND><TUND><CODUND>BD20L</CODUND><DESCRICAO>BALDE COM 20 LITROS</DESCRICAO><CODUNDBASE>M3</CODUNDBASE><FATORCONVERSAO>0.0200000000</FATORCONVERSAO><EBASE>0</EBASE><NCASASDECIMAIS>0</NCASASDECIMAIS><RECCREATEDBY>izabela.almeida</RECCREATEDBY><RECCREATEDON>2019-07-19T09:43:57-03:00</RECCREATEDON><RECMODIFIEDBY>izabela.almeida</RECMODIFIEDBY><RECMODIFIEDON>2019-07-19T09:43:57-03:00</RECMODIFIEDON><TRIBUTAVEL>0</TRIBUTAVEL></TUND><TUND><CODUND>BD23K</CODUND><DESCRICAO>BALDE COM 23 QUILOS</DESCRICAO><CODUNDBASE>KG</CODUNDBASE><FATORCONVERSAO>23.0000000000</FATORCONVERSAO><EBASE>0</EBASE><NCASASDECIMAIS>0</NCASASDECIMAIS><RECCREATEDBY>barbara.marcolino</RECCREATEDBY><RECCREATEDON>2013-05-22T09:06:14-03:00</RECCREATEDON><RECMODIFIEDBY>barbara.marcolino</RECMODIFIEDBY><RECMODIFIEDON>2013-05-22T09:06:14-03:00</RECMODIFIEDON><TRIBUTAVEL>0</TRIBUTAVEL></TUND><TUND><CODUND>BD25K</CODUND><DESCRICAO>BALDE COM 25 QUILOS</DESCRICAO><CODUNDBASE>KG</CODUNDBASE><FATORCONVERSAO>25.0000000000</FATORCONVERSAO><EBASE>0</EBASE><NCASASDECIMAIS>0</NCASASDECIMAIS><RECMODIFIEDBY>Juliana</RECMODIFIEDBY><RECMODIFIEDON>2014-10-10T11:04:02-03:00</RECMODIFIEDON><TRIBUTAVEL>0</TRIBUTAVEL></TUND><TUND><CODUND>BD28K</CODUND><DESCRICAO>BALDE COM 28 QUILOS</DESCRICAO><CODUNDBASE>UN</CODUNDBASE><FATORCONVERSAO>1.0000000000</FATORCONVERSAO><EBASE>0</EBASE><NCASASDECIMAIS>0</NCASASDECIMAIS><RECCREATEDBY>gabriel.lara</RECCREATEDBY><RECCREATEDON>2020-06-08T16:17:45-03:00</RECCREATEDON><RECMODIFIEDBY>gabriel.lara</RECMODIFIEDBY><RECMODIFIEDON>2020-06-08T16:18:05-03:00</RECMODIFIEDON><TRIBUTAVEL>0</TRIBUTAVEL></TUND><TUND><CODUND>BD3,5</CODUND><DESCRICAO>BALDE COM 3,5 QUILOS</DESCRICAO><CODUNDBASE>UN</CODUNDBASE><FATORCONVERSAO>1.0000000000</FATORCONVERSAO><EBASE>0</EBASE><NCASASDECIMAIS>0</NCASASDECIMAIS><RECCREATEDBY>izabela.almeida</RECCREATEDBY><RECCREATEDON>2020-02-06T16:41:30-03:00</RECCREATEDON><RECMODIFIEDBY>izabela.almeida</RECMODIFIEDBY><RECMODIFIEDON>2020-02-06T16:41:30-03:00</RECMODIFIEDON><TRIBUTAVEL>0</TRIBUTAVEL></TUND><TUND><CODUND>BD3,6</CODUND><DESCRICAO>BALDE COM 3,6 QUILOS</DESCRICAO><CODUNDBASE>M3</CODUNDBASE><FATORCONVERSAO>0.0036000000</FATORCONVERSAO><EBASE>0</EBASE><NCASASDECIMAIS>0</NCASASDECIMAIS><RECCREATEDBY>barbara.marcolino</RECCREATEDBY><RECCREATEDON>2013-08-26T15:51:07-03:00</RECCREATEDON><RECMODIFIEDBY>barbara.marcolino</RECMODIFIEDBY><RECMODIFIEDON>2013-08-26T15:51:07-03:00</RECMODIFIEDON><TRIBUTAVEL>0</TRIBUTAVEL></TUND><TUND><CODUND>BD3,7</CODUND><DESCRICAO>BALDE COM 3,7 QUILOS</DESCRICAO><CODUNDBASE>UN</CODUNDBASE><FATORCONVERSAO>1.0000000000</FATORCONVERSAO><EBASE>0</EBASE><NCASASDECIMAIS>0</NCASASDECIMAIS><RECCREATEDBY>julia.vespasiano</RECCREATEDBY><RECCREATEDON>2021-03-23T10:47:19-03:00</RECCREATEDON><RECMODIFIEDBY>julia.vespasiano</RECMODIFIEDBY><RECMODIFIEDON>2021-03-23T10:47:19-03:00</RECMODIFIEDON><TRIBUTAVEL>0</TRIBUTAVEL></TUND><TUND><CODUND>BD30K</CODUND><DESCRICAO>BALDE COM 30 QUILOS</DESCRICAO><CODUNDBASE>KG</CODUNDBASE><FATORCONVERSAO>1.0000000000</FATORCONVERSAO><EBASE>0</EBASE><NCASASDECIMAIS>0</NCASASDECIMAIS><RECCREATEDBY>danilo.custodio</RECCREATEDBY><RECCREATEDON>2017-05-22T11:14:17-03:00</RECCREATEDON><RECMODIFIEDBY>danilo.custodio</RECMODIFIEDBY><RECMODIFIEDON>2017-05-22T11:14:17-03:00</RECMODIFIEDON><TRIBUTAVEL>0</TRIBUTAVEL></TUND><TUND><CODUND>BD4K</CODUND><DESCRICAO>BALDE COM 04 QUILOS</DESCRICAO><CODUNDBASE>KG</CODUNDBASE><FATORCONVERSAO>4.0000000000</FATORCONVERSAO><EBASE>0</EBASE><NCASASDECIMAIS>0</NCASASDECIMAIS><RECCREATEDBY>barbara.marcolino</RECCREATEDBY><RECCREATEDON>2013-05-31T10:12:43-03:00</RECCREATEDON><RECMODIFIEDBY>danilo.custodio</RECMODIFIEDBY><RECMODIFIEDON>2018-12-20T09:04:57-03:00</RECMODIFIEDON><TRIBUTAVEL>0</TRIBUTAVEL></TUND><TUND><CODUND>BD5K</CODUND><DESCRICAO>BALDE COM 5 QUILOS</DESCRICAO><CODUNDBASE>KG</CODUNDBASE><FATORCONVERSAO>5.0000000000</FATORCONVERSAO><EBASE>0</EBASE><NCASASDECIMAIS>0</NCASASDECIMAIS><RECCREATEDBY>barbara.marcolino</RECCREATEDBY><RECCREATEDON>2013-05-09T08:52:11-03:00</RECCREATEDON><RECMODIFIEDBY>barbara.marcolino</RECMODIFIEDBY><RECMODIFIEDON>2013-07-31T08:43:11-03:00</RECMODIFIEDON><TRIBUTAVEL>0</TRIBUTAVEL></TUND><TUND><CODUND>BL</CODUND><DESCRICAO>BLOCO</DESCRICAO><CODUNDBASE>UN</CODUNDBASE><FATORCONVERSAO>1.0000000000</FATORCONVERSAO><EBASE>0</EBASE><NCASASDECIMAIS>0</NCASASDECIMAIS><TRIBUTAVEL>0</TRIBUTAVEL></TUND><TUND><CODUND>BR12M</CODUND><DESCRICAO>BARRA COM 12 METROS</DESCRICAO><CODUNDBASE>M</CODUNDBASE><FATORCONVERSAO>12.0000000000</FATORCONVERSAO><EBASE>0</EBASE><NCASASDECIMAIS>0</NCASASDECIMAIS><RECCREATEDBY>barbara.marcolino</RECCREATEDBY><RECCREATEDON>2014-01-23T16:04:08-03:00</RECCREATEDON><RECMODIFIEDBY>barbara.marcolino</RECMODIFIEDBY><RECMODIFIEDON>2014-01-23T16:04:08-03:00</RECMODIFIEDON><TRIBUTAVEL>0</TRIBUTAVEL></TUND><TUND><CODUND>BR3M</CODUND><DESCRICAO>BARRA COM 3 METROS</DESCRICAO><CODUNDBASE>M</CODUNDBASE><FATORCONVERSAO>3.0000000000</FATORCONVERSAO><EBASE>0</EBASE><NCASASDECIMAIS>0</NCASASDECIMAIS><TRIBUTAVEL>0</TRIBUTAVEL></TUND><TUND><CODUND>BR5</CODUND><DESCRICAO>BARRICA COM 5 KILOS</DESCRICAO><CODUNDBASE>KG</CODUNDBASE><FATORCONVERSAO>5.0000000000</FATORCONVERSAO><EBASE>0</EBASE><NCASASDECIMAIS>0</NCASASDECIMAIS><RECCREATEDBY>danilo.custodio</RECCREATEDBY><RECCREATEDON>2021-09-08T11:03:46-03:00</RECCREATEDON><RECMODIFIEDBY>danilo.custodio</RECMODIFIEDBY><RECMODIFIEDON>2021-09-08T11:03:46-03:00</RECMODIFIEDON><TRIBUTAVEL>0</TRIBUTAVEL></TUND><TUND><CODUND>BR6M</CODUND><DESCRICAO>BARRA COM 6 METROS</DESCRICAO><CODUNDBASE>M</CODUNDBASE><FATORCONVERSAO>6.0000000000</FATORCONVERSAO><EBASE>0</EBASE><NCASASDECIMAIS>0</NCASASDECIMAIS><TRIBUTAVEL>0</TRIBUTAVEL></TUND><TUND><CODUND>BRI16</CODUND><DESCRICAO>BARRICA COM 16 LITROS</DESCRICAO><CODUNDBASE>M3</CODUNDBASE><FATORCONVERSAO>0.0160000000</FATORCONVERSAO><EBASE>0</EBASE><NCASASDECIMAIS>0</NCASASDECIMAIS><RECCREATEDBY>Juliana</RECCREATEDBY><RECCREATEDON>2014-01-27T15:18:29-03:00</RECCREATEDON><RECMODIFIEDBY>Juliana</RECMODIFIEDBY><RECMODIFIEDON>2014-01-27T15:18:29-03:00</RECMODIFIEDON><TRIBUTAVEL>0</TRIBUTAVEL></TUND><TUND><CODUND>BRI18</CODUND><DESCRICAO>BARRICA COM 18 LITROS</DESCRICAO><CODUNDBASE>M3</CODUNDBASE><FATORCONVERSAO>0.0180000000</FATORCONVERSAO><EBASE>0</EBASE><NCASASDECIMAIS>0</NCASASDECIMAIS><RECCREATEDBY>barbara.marcolino</RECCREATEDBY><RECCREATEDON>2013-11-26T17:59:41-03:00</RECCREATEDON><RECMODIFIEDBY>barbara.marcolino</RECMODIFIEDBY><RECMODIFIEDON>2013-11-26T17:59:41-03:00</RECMODIFIEDON><TRIBUTAVEL>0</TRIBUTAVEL></TUND><TUND><CODUND>BRI20</CODUND><DESCRICAO>BARRICA COM 20 QUILOS</DESCRICAO><CODUNDBASE>KG</CODUNDBASE><FATORCONVERSAO>20.0000000000</FATORCONVERSAO><EBASE>0</EBASE><NCASASDECIMAIS>0</NCASASDECIMAIS><TRIBUTAVEL>0</TRIBUTAVEL></TUND><TUND><CODUND>BRI25</CODUND><DESCRICAO>BARRICA COM 25 QUILOS</DESCRICAO><CODUNDBASE>KG</CODUNDBASE><FATORCONVERSAO>25.0000000000</FATORCONVERSAO><EBASE>0</EBASE><NCASASDECIMAIS>0</NCASASDECIMAIS><TRIBUTAVEL>0</TRIBUTAVEL></TUND><TUND><CODUND>BRI26</CODUND><DESCRICAO>BARRICA COM 26 QUILOS</DESCRICAO><CODUNDBASE>KG</CODUNDBASE><FATORCONVERSAO>26.0000000000</FATORCONVERSAO><EBASE>0</EBASE><NCASASDECIMAIS>0</NCASASDECIMAIS><RECCREATEDBY>barbara.marcolino</RECCREATEDBY><RECCREATEDON>2013-09-12T17:45:08-03:00</RECCREATEDON><RECMODIFIEDBY>barbara.marcolino</RECMODIFIEDBY><RECMODIFIEDON>2013-09-12T17:45:08-03:00</RECMODIFIEDON><TRIBUTAVEL>0</TRIBUTAVEL></TUND><TUND><CODUND>BRI28</CODUND><DESCRICAO>BARRICA COM 28 QUILOS</DESCRICAO><CODUNDBASE>KG</CODUNDBASE><FATORCONVERSAO>28.0000000000</FATORCONVERSAO><EBASE>0</EBASE><NCASASDECIMAIS>0</NCASASDECIMAIS><TRIBUTAVEL>0</TRIBUTAVEL></TUND><TUND><CODUND>BRI30</CODUND><DESCRICAO>BARRICA COM 30 QUILOS</DESCRICAO><CODUNDBASE>KG</CODUNDBASE><FATORCONVERSAO>30.0000000000</FATORCONVERSAO><EBASE>0</EBASE><NCASASDECIMAIS>0</NCASASDECIMAIS><TRIBUTAVEL>0</TRIBUTAVEL></TUND><TUND><CODUND>BRI40</CODUND><DESCRICAO>BARRICA COM 40 QUILOS</DESCRICAO><CODUNDBASE>KG</CODUNDBASE><FATORCONVERSAO>40.0000000000</FATORCONVERSAO><EBASE>0</EBASE><NCASASDECIMAIS>0</NCASASDECIMAIS><TRIBUTAVEL>0</TRIBUTAVEL></TUND><TUND><CODUND>BRI50</CODUND><DESCRICAO>BARRICA COM 50 QUILOS</DESCRICAO><CODUNDBASE>KG</CODUNDBASE><FATORCONVERSAO>50.0000000000</FATORCONVERSAO><EBASE>0</EBASE><NCASASDECIMAIS>0</NCASASDECIMAIS><TRIBUTAVEL>0</TRIBUTAVEL></TUND><TUND><CODUND>BRI70</CODUND><DESCRICAO>BARRICA COM 70 QUILOS</DESCRICAO><CODUNDBASE>KG</CODUNDBASE><FATORCONVERSAO>70.0000000000</FATORCONVERSAO><EBASE>0</EBASE><NCASASDECIMAIS>0</NCASASDECIMAIS><TRIBUTAVEL>0</TRIBUTAVEL></TUND><TUND><CODUND>C08UN</CODUND><DESCRICAO>CAIXA COM 8 UNIDADES</DESCRICAO><CODUNDBASE>UN</CODUNDBASE><FATORCONVERSAO>8.0000000000</FATORCONVERSAO><EBASE>0</EBASE><NCASASDECIMAIS>0</NCASASDECIMAIS><TRIBUTAVEL>0</TRIBUTAVEL></TUND><TUND><CODUND>C1000</CODUND><DESCRICAO>CAIXA COM 1000 UNIDADES</DESCRICAO><CODUNDBASE>UN</CODUNDBASE><FATORCONVERSAO>1000.0000000000</FATORCONVERSAO><EBASE>0</EBASE><NCASASDECIMAIS>0</NCASASDECIMAIS><SIGLA>CX</SIGLA><TRIBUTAVEL>0</TRIBUTAVEL></TUND><TUND><CODUND>C100U</CODUND><DESCRICAO>CAIXA COM 100 UNIDADES</DESCRICAO><CODUNDBASE>UN</CODUNDBASE><FATORCONVERSAO>100.0000000000</FATORCONVERSAO><EBASE>0</EBASE><NCASASDECIMAIS>0</NCASASDECIMAIS><TRIBUTAVEL>0</TRIBUTAVEL></TUND><TUND><CODUND>C10UN</CODUND><DESCRICAO>CAIXA COM 10 UNIDADES</DESCRICAO><CODUNDBASE>UN</CODUNDBASE><FATORCONVERSAO>10.0000000000</FATORCONVERSAO><EBASE>0</EBASE><NCASASDECIMAIS>0</NCASASDECIMAIS><TRIBUTAVEL>0</TRIBUTAVEL></TUND><TUND><CODUND>C12UN</CODUND><DESCRICAO>CAIXA COM 12 UNIDADES</DESCRICAO><CODUNDBASE>UN</CODUNDBASE><FATORCONVERSAO>12.0000000000</FATORCONVERSAO><EBASE>0</EBASE><NCASASDECIMAIS>0</NCASASDECIMAIS><TRIBUTAVEL>0</TRIBUTAVEL></TUND><TUND><CODUND>C150U</CODUND><DESCRICAO>CAIXA COM 150 UNIDADES</DESCRICAO><CODUNDBASE>UN</CODUNDBASE><FATORCONVERSAO>150.0000000000</FATORCONVERSAO><EBASE>0</EBASE><NCASASDECIMAIS>0</NCASASDECIMAIS><RECCREATEDBY>danilo.custodio</RECCREATEDBY><RECCREATEDON>2021-09-08T11:03:46-03:00</RECCREATEDON><RECMODIFIEDBY>danilo.custodio</RECMODIFIEDBY><RECMODIFIEDON>2021-09-08T11:03:46-03:00</RECMODIFIEDON><TRIBUTAVEL>0</TRIBUTAVEL></TUND><TUND><CODUND>C15KG</CODUND><DESCRICAO>CAIXA COM 15 QUILOS</DESCRICAO><CODUNDBASE>KG</CODUNDBASE><FATORCONVERSAO>15.0000000000</FATORCONVERSAO><EBASE>0</EBASE><NCASASDECIMAIS>0</NCASASDECIMAIS><RECCREATEDBY>barbara.marcolino</RECCREATEDBY><RECCREATEDON>2014-06-06T15:42:07-03:00</RECCREATEDON><RECMODIFIEDBY>barbara.marcolino</RECMODIFIEDBY><RECMODIFIEDON>2014-06-06T15:42:07-03:00</RECMODIFIEDON><TRIBUTAVEL>0</TRIBUTAVEL></TUND><TUND><CODUND>C18KG</CODUND><DESCRICAO>CAIXA COM 18 QUILOS</DESCRICAO><CODUNDBASE>KG</CODUNDBASE><FATORCONVERSAO>18.0000000000</FATORCONVERSAO><EBASE>0</EBASE><NCASASDECIMAIS>0</NCASASDECIMAIS><TRIBUTAVEL>0</TRIBUTAVEL></TUND><TUND><CODUND>C20KG</CODUND><DESCRICAO>CAIXA COM 20 QUILOS</DESCRICAO><CODUNDBASE>KG</CODUNDBASE><FATORCONVERSAO>20.0000000000</FATORCONVERSAO><EBASE>0</EBASE><NCASASDECIMAIS>0</NCASASDECIMAIS><RECMODIFIEDBY>gabriel.lara</RECMODIFIEDBY><RECMODIFIEDON>2022-11-04T14:51:15-03:00</RECMODIFIEDON><TRIBUTAVEL>0</TRIBUTAVEL></TUND><TUND><CODUND>C20UN</CODUND><DESCRICAO>CAIXA COM 20 UNIDADES</DESCRICAO><CODUNDBASE>UN</CODUNDBASE><FATORCONVERSAO>20.0000000000</FATORCONVERSAO><EBASE>0</EBASE><NCASASDECIMAIS>0</NCASASDECIMAIS><TRIBUTAVEL>0</TRIBUTAVEL></TUND><TUND><CODUND>C250U</CODUND><DESCRICAO>CAIXA COM 250 UNIDADES</DESCRICAO><CODUNDBASE>UN</CODUNDBASE><FATORCONVERSAO>250.0000000000</FATORCONVERSAO><EBASE>0</EBASE><NCASASDECIMAIS>0</NCASASDECIMAIS><TRIBUTAVEL>0</TRIBUTAVEL></TUND><TUND><CODUND>C25UN</CODUND><DESCRICAO>CAIXA COM 25 UNIDADES</DESCRICAO><CODUNDBASE>UN</CODUNDBASE><FATORCONVERSAO>25.0000000000</FATORCONVERSAO><EBASE>0</EBASE><NCASASDECIMAIS>0</NCASASDECIMAIS><TRIBUTAVEL>0</TRIBUTAVEL></TUND><TUND><CODUND>C40UN</CODUND><DESCRICAO>CAIXA COM 40 UNIDADES</DESCRICAO><CODUNDBASE>UN</CODUNDBASE><FATORCONVERSAO>40.0000000000</FATORCONVERSAO><EBASE>0</EBASE><NCASASDECIMAIS>0</NCASASDECIMAIS><TRIBUTAVEL>0</TRIBUTAVEL></TUND><TUND><CODUND>C48UN</CODUND><DESCRICAO>CAIXA COM 48 UNIDADES</DESCRICAO><CODUNDBASE>UN</CODUNDBASE><FATORCONVERSAO>48.0000000000</FATORCONVERSAO><EBASE>0</EBASE><NCASASDECIMAIS>0</NCASASDECIMAIS><RECCREATEDBY>Juliana</RECCREATEDBY><RECCREATEDON>2013-11-29T14:59:50-03:00</RECCREATEDON><RECMODIFIEDBY>Juliana</RECMODIFIEDBY><RECMODIFIEDON>2013-11-29T14:59:50-03:00</RECMODIFIEDON><TRIBUTAVEL>0</TRIBUTAVEL></TUND><TUND><CODUND>C5000</CODUND><DESCRICAO>CAIXA COM 5.000 UNIDADES</DESCRICAO><CODUNDBASE>UN</CODUNDBASE><FATORCONVERSAO>5000.0000000000</FATORCONVERSAO><EBASE>0</EBASE><NCASASDECIMAIS>0</NCASASDECIMAIS><RECCREATEDBY>Juliana</RECCREATEDBY><RECCREATEDON>2013-12-10T10:06:56-03:00</RECCREATEDON><RECMODIFIEDBY>Juliana</RECMODIFIEDBY><RECMODIFIEDON>2013-12-10T10:06:56-03:00</RECMODIFIEDON><TRIBUTAVEL>0</TRIBUTAVEL></TUND><TUND><CODUND>C500G</CODUND><DESCRICAO>CAIXA COM 500G</DESCRICAO><CODUNDBASE>KG</CODUNDBASE><FATORCONVERSAO>0.5000000000</FATORCONVERSAO><EBASE>0</EBASE><NCASASDECIMAIS>0</NCASASDECIMAIS><RECCREATEDBY>romana.cabral</RECCREATEDBY><RECCREATEDON>2012-05-08T09:39:13-03:00</RECCREATEDON><RECMODIFIEDBY>romana.cabral</RECMODIFIEDBY><RECMODIFIEDON>2012-05-08T09:39:13-03:00</RECMODIFIEDON><TRIBUTAVEL>0</TRIBUTAVEL></TUND><TUND><CODUND>C50UN</CODUND><DESCRICAO>CAIXA COM 50 UNIDADES</DESCRICAO><CODUNDBASE>UN</CODUNDBASE><FATORCONVERSAO>50.0000000000</FATORCONVERSAO><EBASE>0</EBASE><NCASASDECIMAIS>0</NCASASDECIMAIS><TRIBUTAVEL>0</TRIBUTAVEL></TUND><TUND><CODUND>C5UN</CODUND><DESCRICAO>CAIXA COM 5 UNIDADES</DESCRICAO><CODUNDBASE>UN</CODUNDBASE><FATORCONVERSAO>5.0000000000</FATORCONVERSAO><EBASE>0</EBASE><NCASASDECIMAIS>0</NCASASDECIMAIS><TRIBUTAVEL>0</TRIBUTAVEL></TUND><TUND><CODUND>C6UN</CODUND><DESCRICAO>CAIXA COM 6 UNIDADES </DESCRICAO><CODUNDBASE>UN</CODUNDBASE><FATORCONVERSAO>1.0000000000</FATORCONVERSAO><EBASE>0</EBASE><NCASASDECIMAIS>0</NCASASDECIMAIS><RECCREATEDBY>danielle.marques</RECCREATEDBY><RECCREATEDON>2022-04-04T08:39:03-03:00</RECCREATEDON><RECMODIFIEDBY>danielle.marques</RECMODIFIEDBY><RECMODIFIEDON>2022-04-04T08:39:03-03:00</RECMODIFIEDON><TRIBUTAVEL>0</TRIBUTAVEL></TUND><TUND><CODUND>C750</CODUND><DESCRICAO>CAIXA COM 750 UNIDADES</DESCRICAO><CODUNDBASE>UN</CODUNDBASE><FATORCONVERSAO>750.0000000000</FATORCONVERSAO><EBASE>0</EBASE><NCASASDECIMAIS>0</NCASASDECIMAIS><RECCREATEDBY>carlos eduardo</RECCREATEDBY><RECCREATEDON>2014-12-01T14:53:11-03:00</RECCREATEDON><RECMODIFIEDBY>carlos eduardo</RECMODIFIEDBY><RECMODIFIEDON>2014-12-01T14:53:11-03:00</RECMODIFIEDON><TRIBUTAVEL>0</TRIBUTAVEL></TUND><TUND><CODUND>CENTO</CODUND><DESCRICAO>CENTO</DESCRICAO><CODUNDBASE>UN</CODUNDBASE><FATORCONVERSAO>100.0000000000</FATORCONVERSAO><EBASE>0</EBASE><NCASASDECIMAIS>0</NCASASDECIMAIS><TRIBUTAVEL>0</TRIBUTAVEL></TUND><TUND><CODUND>CIX</CODUND><DESCRICAO>CAIXA</DESCRICAO><CODUNDBASE>M</CODUNDBASE><FATORCONVERSAO>1.0000000000</FATORCONVERSAO><EBASE>0</EBASE><NCASASDECIMAIS>0</NCASASDECIMAIS><RECCREATEDBY>danielle.marques</RECCREATEDBY><RECCREATEDON>2022-12-21T10:27:08-03:00</RECCREATEDON><RECMODIFIEDBY>danielle.marques</RECMODIFIEDBY><RECMODIFIEDON>2022-12-21T10:27:08-03:00</RECMODIFIEDON><TRIBUTAVEL>0</TRIBUTAVEL></TUND><TUND><CODUND>CJ</CODUND><DESCRICAO>CONJUNTO</DESCRICAO><CODUNDBASE>UN</CODUNDBASE><FATORCONVERSAO>1.0000000000</FATORCONVERSAO><EBASE>0</EBASE><NCASASDECIMAIS>0</NCASASDECIMAIS><TRIBUTAVEL>0</TRIBUTAVEL></TUND><TUND><CODUND>CM</CODUND><DESCRICAO>CENTIMETRO</DESCRICAO><CODUNDBASE>M</CODUNDBASE><FATORCONVERSAO>0.0100000000</FATORCONVERSAO><EBASE>0</EBASE><NCASASDECIMAIS>2</NCASASDECIMAIS><TRIBUTAVEL>0</TRIBUTAVEL></TUND><TUND><CODUND>CM2</CODUND><DESCRICAO>CENTIMETRO QUADRADO</DESCRICAO><CODUNDBASE>M2</CODUNDBASE><FATORCONVERSAO>0.0001000000</FATORCONVERSAO><EBASE>0</EBASE><NCASASDECIMAIS>2</NCASASDECIMAIS><TRIBUTAVEL>0</TRIBUTAVEL></TUND><TUND><CODUND>CT</CODUND><DESCRICAO>CT</DESCRICAO><CODUNDBASE>UN</CODUNDBASE><FATORCONVERSAO>1.0000000000</FATORCONVERSAO><EBASE>0</EBASE><NCASASDECIMAIS>0</NCASASDECIMAIS><RECCREATEDBY>anderson.helio</RECCREATEDBY><RECCREATEDON>2021-05-13T09:31:28-03:00</RECCREATEDON><RECMODIFIEDBY>danilo.custodio</RECMODIFIEDBY><RECMODIFIEDON>2021-09-08T11:03:46-03:00</RECMODIFIEDON><TRIBUTAVEL>0</TRIBUTAVEL></TUND><TUND><CODUND>CX</CODUND><DESCRICAO>CAIXA</DESCRICAO><CODUNDBASE>UN</CODUNDBASE><FATORCONVERSAO>1.0000000000</FATORCONVERSAO><EBASE>0</EBASE><NCASASDECIMAIS>0</NCASASDECIMAIS><TRIBUTAVEL>0</TRIBUTAVEL></TUND><TUND><CODUND>CX25U</CODUND><DESCRICAO>CAIXA COM 25 UNIDADES</DESCRICAO><CODUNDBASE>UN</CODUNDBASE><FATORCONVERSAO>25.0000000000</FATORCONVERSAO><EBASE>0</EBASE><NCASASDECIMAIS>0</NCASASDECIMAIS><RECCREATEDBY>danilo.custodio</RECCREATEDBY><RECCREATEDON>2021-09-08T11:03:46-03:00</RECCREATEDON><RECMODIFIEDBY>danilo.custodio</RECMODIFIEDBY><RECMODIFIEDON>2021-09-08T11:03:46-03:00</RECMODIFIEDON><TRIBUTAVEL>0</TRIBUTAVEL></TUND><TUND><CODUND>DB</CODUND><DESCRICAO>DECIBEL</DESCRICAO><CODUNDBASE>UN</CODUNDBASE><FATORCONVERSAO>1.0000000000</FATORCONVERSAO><EBASE>0</EBASE><NCASASDECIMAIS>0</NCASASDECIMAIS><RECCREATEDBY>TOTVS</RECCREATEDBY><RECCREATEDON>2014-01-02T11:59:38-03:00</RECCREATEDON><RECMODIFIEDBY>TOTVS</RECMODIFIEDBY><RECMODIFIEDON>2014-01-02T11:59:38-03:00</RECMODIFIEDON><TRIBUTAVEL>0</TRIBUTAVEL></TUND><TUND><CODUND>DIA</CODUND><DESCRICAO>DIA</DESCRICAO><CODUNDBASE>H</CODUNDBASE><FATORCONVERSAO>8.0000000000</FATORCONVERSAO><EBASE>0</EBASE><NCASASDECIMAIS>0</NCASASDECIMAIS><TRIBUTAVEL>0</TRIBUTAVEL></TUND><TUND><CODUND>DM</CODUND><DESCRICAO>DECIMETRO</DESCRICAO><CODUNDBASE>M</CODUNDBASE><FATORCONVERSAO>0.1000000000</FATORCONVERSAO><EBASE>0</EBASE><NCASASDECIMAIS>2</NCASASDECIMAIS><TRIBUTAVEL>0</TRIBUTAVEL></TUND><TUND><CODUND>DZ</CODUND><DESCRICAO>DUZIA</DESCRICAO><CODUNDBASE>UN</CODUNDBASE><FATORCONVERSAO>12.0000000000</FATORCONVERSAO><EBASE>0</EBASE><NCASASDECIMAIS>0</NCASASDECIMAIS><TRIBUTAVEL>0</TRIBUTAVEL></TUND><TUND><CODUND>FR250</CODUND><DESCRICAO>FRASCO COM 250ML</DESCRICAO><CODUNDBASE>M3</CODUNDBASE><FATORCONVERSAO>0.0002000000</FATORCONVERSAO><EBASE>0</EBASE><NCASASDECIMAIS>0</NCASASDECIMAIS><RECCREATEDBY>romana.cabral</RECCREATEDBY><RECCREATEDON>2012-12-19T08:40:35-03:00</RECCREATEDON><RECMODIFIEDBY>romana.cabral</RECMODIFIEDBY><RECMODIFIEDON>2012-12-19T08:41:15-03:00</RECMODIFIEDON><TRIBUTAVEL>0</TRIBUTAVEL></TUND><TUND><CODUND>FR300</CODUND><DESCRICAO>FRASCO COM 300ML</DESCRICAO><CODUNDBASE>M3</CODUNDBASE><FATORCONVERSAO>0.0003000000</FATORCONVERSAO><EBASE>0</EBASE><NCASASDECIMAIS>0</NCASASDECIMAIS><TRIBUTAVEL>0</TRIBUTAVEL></TUND><TUND><CODUND>FR50</CODUND><DESCRICAO>FRASCO COM 50ML</DESCRICAO><CODUNDBASE>M3</CODUNDBASE><FATORCONVERSAO>0.0500000000</FATORCONVERSAO><EBASE>0</EBASE><NCASASDECIMAIS>0</NCASASDECIMAIS><TRIBUTAVEL>0</TRIBUTAVEL></TUND><TUND><CODUND>FR500</CODUND><DESCRICAO>FRASCO COM 500ML</DESCRICAO><CODUNDBASE>M3</CODUNDBASE><FATORCONVERSAO>0.5000000000</FATORCONVERSAO><EBASE>0</EBASE><NCASASDECIMAIS>0</NCASASDECIMAIS><TRIBUTAVEL>0</TRIBUTAVEL></TUND><TUND><CODUND>FR750</CODUND><DESCRICAO>FRASCO COM 750ML</DESCRICAO><CODUNDBASE>M3</CODUNDBASE><FATORCONVERSAO>0.7500000000</FATORCONVERSAO><EBASE>0</EBASE><NCASASDECIMAIS>0</NCASASDECIMAIS><RECCREATEDBY>barbara.marcolino</RECCREATEDBY><RECCREATEDON>2013-04-25T10:00:48-03:00</RECCREATEDON><RECMODIFIEDBY>barbara.marcolino</RECMODIFIEDBY><RECMODIFIEDON>2013-04-25T10:01:25-03:00</RECMODIFIEDON><TRIBUTAVEL>0</TRIBUTAVEL></TUND><TUND><CODUND>G</CODUND><DESCRICAO>GRAMA</DESCRICAO><CODUNDBASE>KG</CODUNDBASE><FATORCONVERSAO>0.0010000000</FATORCONVERSAO><EBASE>0</EBASE><NCASASDECIMAIS>2</NCASASDECIMAIS><TRIBUTAVEL>0</TRIBUTAVEL></TUND><TUND><CODUND>GL</CODUND><DESCRICAO>GALAO</DESCRICAO><CODUNDBASE>UN</CODUNDBASE><FATORCONVERSAO>1.0000000000</FATORCONVERSAO><EBASE>0</EBASE><NCASASDECIMAIS>0</NCASASDECIMAIS><RECCREATEDBY>danielle.marques</RECCREATEDBY><RECCREATEDON>2022-04-13T10:33:04-03:00</RECCREATEDON><RECMODIFIEDBY>danielle.marques</RECMODIFIEDBY><RECMODIFIEDON>2022-04-13T10:33:04-03:00</RECMODIFIEDON><TRIBUTAVEL>0</TRIBUTAVEL></TUND><TUND><CODUND>GL1</CODUND><DESCRICAO>GALAO COM 1 LITRO</DESCRICAO><CODUNDBASE>M3</CODUNDBASE><FATORCONVERSAO>0.0050000000</FATORCONVERSAO><EBASE>0</EBASE><NCASASDECIMAIS>0</NCASASDECIMAIS><TRIBUTAVEL>0</TRIBUTAVEL></TUND><TUND><CODUND>GL1,6</CODUND><DESCRICAO>GALAO COM 1,60KG</DESCRICAO><CODUNDBASE>KG</CODUNDBASE><FATORCONVERSAO>1.0000000000</FATORCONVERSAO><EBASE>0</EBASE><NCASASDECIMAIS>0</NCASASDECIMAIS><RECCREATEDBY>danielle.marques</RECCREATEDBY><RECCREATEDON>2022-07-05T16:34:03-03:00</RECCREATEDON><RECMODIFIEDBY>danielle.marques</RECMODIFIEDBY><RECMODIFIEDON>2022-07-05T16:34:03-03:00</RECMODIFIEDON><TRIBUTAVEL>0</TRIBUTAVEL></TUND><TUND><CODUND>GL10L</CODUND><DESCRICAO>GALAO COM 10 LITROS </DESCRICAO><CODUNDBASE>UN</CODUNDBASE><FATORCONVERSAO>1.0000000000</FATORCONVERSAO><EBASE>0</EBASE><NCASASDECIMAIS>0</NCASASDECIMAIS><RECCREATEDBY>danielle.marques</RECCREATEDBY><RECCREATEDON>2022-12-14T09:56:02-03:00</RECCREATEDON><RECMODIFIEDBY>danielle.marques</RECMODIFIEDBY><RECMODIFIEDON>2022-12-14T09:56:02-03:00</RECMODIFIEDON><TRIBUTAVEL>0</TRIBUTAVEL></TUND><TUND><CODUND>GL2</CODUND><DESCRICAO>GALAO COM 2 LITROS</DESCRICAO><CODUNDBASE>M3</CODUNDBASE><FATORCONVERSAO>0.0100000000</FATORCONVERSAO><EBASE>0</EBASE><NCASASDECIMAIS>0</NCASASDECIMAIS><RECCREATEDBY>barbara.marcolino</RECCREATEDBY><RECCREATEDON>2013-02-18T15:25:24-03:00</RECCREATEDON><RECMODIFIEDBY>barbara.marcolino</RECMODIFIEDBY><RECMODIFIEDON>2013-02-18T15:26:24-03:00</RECMODIFIEDON><TRIBUTAVEL>0</TRIBUTAVEL></TUND><TUND><CODUND>GL20</CODUND><DESCRICAO>GALAO COM 20 LITROS</DESCRICAO><CODUNDBASE>M3</CODUNDBASE><FATORCONVERSAO>0.0200000000</FATORCONVERSAO><EBASE>0</EBASE><NCASASDECIMAIS>0</NCASASDECIMAIS><RECCREATEDBY>thales.oliveira</RECCREATEDBY><RECCREATEDON>2021-04-27T08:54:51-03:00</RECCREATEDON><RECMODIFIEDBY>thales.oliveira</RECMODIFIEDBY><RECMODIFIEDON>2021-04-27T08:54:51-03:00</RECMODIFIEDON><TRIBUTAVEL>0</TRIBUTAVEL></TUND><TUND><CODUND>GL25</CODUND><DESCRICAO>GALAO COM 25 LITROS </DESCRICAO><CODUNDBASE>M3</CODUNDBASE><FATORCONVERSAO>0.0250000000</FATORCONVERSAO><EBASE>0</EBASE><NCASASDECIMAIS>0</NCASASDECIMAIS><TRIBUTAVEL>0</TRIBUTAVEL></TUND><TUND><CODUND>GL3,2</CODUND><DESCRICAO>GALAO COM 3,2 LITROS</DESCRICAO><CODUNDBASE>M3</CODUNDBASE><FATORCONVERSAO>0.0032000000</FATORCONVERSAO><EBASE>0</EBASE><NCASASDECIMAIS>0</NCASASDECIMAIS><RECCREATEDBY>barbara.marcolino</RECCREATEDBY><RECCREATEDON>2014-11-07T16:42:45-03:00</RECCREATEDON><RECMODIFIEDBY>barbara.marcolino</RECMODIFIEDBY><RECMODIFIEDON>2014-11-07T16:42:45-03:00</RECMODIFIEDON><TRIBUTAVEL>0</TRIBUTAVEL></TUND><TUND><CODUND>GL3,6</CODUND><DESCRICAO>GALAO COM 3,6 LITROS</DESCRICAO><CODUNDBASE>M3</CODUNDBASE><FATORCONVERSAO>0.0036000000</FATORCONVERSAO><EBASE>0</EBASE><NCASASDECIMAIS>0</NCASASDECIMAIS><TRIBUTAVEL>0</TRIBUTAVEL></TUND><TUND><CODUND>GL4KG</CODUND><DESCRICAO>GALAO COM 4KG </DESCRICAO><CODUNDBASE>KG</CODUNDBASE><FATORCONVERSAO>4.0000000000</FATORCONVERSAO><EBASE>0</EBASE><NCASASDECIMAIS>0</NCASASDECIMAIS><RECCREATEDBY>danilo.custodio</RECCREATEDBY><RECCREATEDON>2021-09-08T11:03:46-03:00</RECCREATEDON><RECMODIFIEDBY>danilo.custodio</RECMODIFIEDBY><RECMODIFIEDON>2021-09-08T11:03:46-03:00</RECMODIFIEDON><TRIBUTAVEL>0</TRIBUTAVEL></TUND><TUND><CODUND>GL5</CODUND><DESCRICAO>GALAO COM 5 LITROS</DESCRICAO><CODUNDBASE>M3</CODUNDBASE><FATORCONVERSAO>0.0050000000</FATORCONVERSAO><EBASE>0</EBASE><NCASASDECIMAIS>0</NCASASDECIMAIS><TRIBUTAVEL>0</TRIBUTAVEL></TUND><TUND><CODUND>GL50</CODUND><DESCRICAO>GALAO COM 50 LITROS</DESCRICAO><CODUNDBASE>M3</CODUNDBASE><FATORCONVERSAO>0.0500000000</FATORCONVERSAO><EBASE>0</EBASE><NCASASDECIMAIS>0</NCASASDECIMAIS><RECCREATEDBY>barbara.marcolino</RECCREATEDBY><RECCREATEDON>2013-07-10T08:53:16-03:00</RECCREATEDON><RECMODIFIEDBY>barbara.marcolino</RECMODIFIEDBY><RECMODIFIEDON>2013-07-10T08:53:55-03:00</RECMODIFIEDON><TRIBUTAVEL>0</TRIBUTAVEL></TUND><TUND><CODUND>GL5KG</CODUND><DESCRICAO>GALAO DE 5KG</DESCRICAO><CODUNDBASE>KG</CODUNDBASE><FATORCONVERSAO>5.0000000000</FATORCONVERSAO><EBASE>0</EBASE><NCASASDECIMAIS>0</NCASASDECIMAIS><RECCREATEDBY>danilo.custodio</RECCREATEDBY><RECCREATEDON>2021-09-08T11:03:46-03:00</RECCREATEDON><RECMODIFIEDBY>danilo.custodio</RECMODIFIEDBY><RECMODIFIEDON>2021-09-08T11:03:46-03:00</RECMODIFIEDON><TRIBUTAVEL>0</TRIBUTAVEL></TUND><TUND><CODUND>GL5L</CODUND><DESCRICAO>GALAO COM 5 LITROS</DESCRICAO><CODUNDBASE>M3</CODUNDBASE><FATORCONVERSAO>0.0050000000</FATORCONVERSAO><EBASE>0</EBASE><NCASASDECIMAIS>0</NCASASDECIMAIS><RECCREATEDBY>danilo.custodio</RECCREATEDBY><RECCREATEDON>2021-09-08T11:03:46-03:00</RECCREATEDON><RECMODIFIEDBY>danilo.custodio</RECMODIFIEDBY><RECMODIFIEDON>2021-09-08T11:03:46-03:00</RECMODIFIEDON><TRIBUTAVEL>0</TRIBUTAVEL></TUND><TUND><CODUND>KM</CODUND><DESCRICAO>KILOMETRO</DESCRICAO><CODUNDBASE>M</CODUNDBASE><FATORCONVERSAO>1000.0000000000</FATORCONVERSAO><EBASE>0</EBASE><NCASASDECIMAIS>2</NCASASDECIMAIS><TRIBUTAVEL>0</TRIBUTAVEL></TUND><TUND><CODUND>KM2</CODUND><DESCRICAO>KILOMETRO QUADRADO</DESCRICAO><CODUNDBASE>M2</CODUNDBASE><FATORCONVERSAO>1000000.0000000000</FATORCONVERSAO><EBASE>0</EBASE><NCASASDECIMAIS>2</NCASASDECIMAIS><TRIBUTAVEL>0</TRIBUTAVEL></TUND><TUND><CODUND>L</CODUND><DESCRICAO>LITRO</DESCRICAO><CODUNDBASE>M3</CODUNDBASE><FATORCONVERSAO>0.0010000000</FATORCONVERSAO><EBASE>0</EBASE><NCASASDECIMAIS>2</NCASASDECIMAIS><TRIBUTAVEL>0</TRIBUTAVEL></TUND><TUND><CODUND>LT</CODUND><DESCRICAO>LITRO</DESCRICAO><CODUNDBASE>UN</CODUNDBASE><FATORCONVERSAO>1.0000000000</FATORCONVERSAO><EBASE>0</EBASE><NCASASDECIMAIS>0</NCASASDECIMAIS><RECCREATEDBY>stefani.oliveira</RECCREATEDBY><RECCREATEDON>2013-08-26T15:41:54-03:00</RECCREATEDON><RECMODIFIEDBY>stefani.oliveira</RECMODIFIEDBY><RECMODIFIEDON>2013-08-26T15:41:54-03:00</RECMODIFIEDON><TRIBUTAVEL>0</TRIBUTAVEL></TUND><TUND><CODUND>LT1</CODUND><DESCRICAO>LATA COM 1 LITRO</DESCRICAO><CODUNDBASE>M3</CODUNDBASE><FATORCONVERSAO>0.0010000000</FATORCONVERSAO><EBASE>0</EBASE><NCASASDECIMAIS>0</NCASASDECIMAIS><RECCREATEDBY>barbara.marcolino</RECCREATEDBY><RECCREATEDON>2013-09-20T14:34:18-03:00</RECCREATEDON><RECMODIFIEDBY>barbara.marcolino</RECMODIFIEDBY><RECMODIFIEDON>2013-09-20T14:35:30-03:00</RECMODIFIEDON><TRIBUTAVEL>0</TRIBUTAVEL></TUND><TUND><CODUND>LT1,5</CODUND><DESCRICAO>LATA COM 1,5 QUILOS</DESCRICAO><CODUNDBASE>M3</CODUNDBASE><FATORCONVERSAO>0.0015000000</FATORCONVERSAO><EBASE>0</EBASE><NCASASDECIMAIS>0</NCASASDECIMAIS><RECCREATEDBY>barbara.marcolino</RECCREATEDBY><RECCREATEDON>2013-09-02T17:22:18-03:00</RECCREATEDON><RECMODIFIEDBY>barbara.marcolino</RECMODIFIEDBY><RECMODIFIEDON>2013-09-02T17:22:18-03:00</RECMODIFIEDON><TRIBUTAVEL>0</TRIBUTAVEL></TUND><TUND><CODUND>LT100</CODUND><DESCRICAO>LATA COM 100ML</DESCRICAO><CODUNDBASE>M3</CODUNDBASE><FATORCONVERSAO>0.0001000000</FATORCONVERSAO><EBASE>0</EBASE><NCASASDECIMAIS>0</NCASASDECIMAIS><RECCREATEDBY>danilo.custodio</RECCREATEDBY><RECCREATEDON>2021-09-08T11:03:46-03:00</RECCREATEDON><RECMODIFIEDBY>danilo.custodio</RECMODIFIEDBY><RECMODIFIEDON>2021-09-08T11:03:46-03:00</RECMODIFIEDON><TRIBUTAVEL>0</TRIBUTAVEL></TUND><TUND><CODUND>LT14</CODUND><DESCRICAO>LATA COM 14 QUILOS</DESCRICAO><CODUNDBASE>KG</CODUNDBASE><FATORCONVERSAO>14.0000000000</FATORCONVERSAO><EBASE>0</EBASE><NCASASDECIMAIS>0</NCASASDECIMAIS><RECCREATEDBY>barbara.marcolino</RECCREATEDBY><RECCREATEDON>2014-01-17T08:57:01-03:00</RECCREATEDON><RECMODIFIEDBY>barbara.marcolino</RECMODIFIEDBY><RECMODIFIEDON>2014-01-17T08:57:01-03:00</RECMODIFIEDON><TRIBUTAVEL>0</TRIBUTAVEL></TUND><TUND><CODUND>LT16K</CODUND><DESCRICAO>LATA COM 16 QUILOS</DESCRICAO><CODUNDBASE>KG</CODUNDBASE><FATORCONVERSAO>16.0000000000</FATORCONVERSAO><EBASE>0</EBASE><NCASASDECIMAIS>0</NCASASDECIMAIS><TRIBUTAVEL>0</TRIBUTAVEL></TUND><TUND><CODUND>LT16L</CODUND><DESCRICAO>LATA COM 16 LITROS</DESCRICAO><CODUNDBASE>M3</CODUNDBASE><FATORCONVERSAO>0.0160000000</FATORCONVERSAO><EBASE>0</EBASE><NCASASDECIMAIS>0</NCASASDECIMAIS><TRIBUTAVEL>0</TRIBUTAVEL></TUND><TUND><CODUND>LT18L</CODUND><DESCRICAO>LATA COM 18 LITROS</DESCRICAO><CODUNDBASE>M3</CODUNDBASE><FATORCONVERSAO>0.0180000000</FATORCONVERSAO><EBASE>0</EBASE><NCASASDECIMAIS>0</NCASASDECIMAIS><TRIBUTAVEL>0</TRIBUTAVEL></TUND><TUND><CODUND>LT1K</CODUND><DESCRICAO>LATA COM 1 QUILO</DESCRICAO><CODUNDBASE>KG</CODUNDBASE><FATORCONVERSAO>1.0000000000</FATORCONVERSAO><EBASE>0</EBASE><NCASASDECIMAIS>0</NCASASDECIMAIS><RECCREATEDBY>marcelo.silva</RECCREATEDBY><RECCREATEDON>2014-05-22T09:05:00-03:00</RECCREATEDON><RECMODIFIEDBY>marcelo.silva</RECMODIFIEDBY><RECMODIFIEDON>2014-05-22T09:05:00-03:00</RECMODIFIEDON><TRIBUTAVEL>0</TRIBUTAVEL></TUND><TUND><CODUND>LT1L</CODUND><DESCRICAO>LATA COM 1 LITRO</DESCRICAO><CODUNDBASE>M3</CODUNDBASE><FATORCONVERSAO>0.0010000000</FATORCONVERSAO><EBASE>0</EBASE><NCASASDECIMAIS>0</NCASASDECIMAIS><RECCREATEDBY>barbara.marcolino</RECCREATEDBY><RECCREATEDON>2013-01-31T09:45:20-03:00</RECCREATEDON><RECMODIFIEDBY>danilo.custodio</RECMODIFIEDBY><RECMODIFIEDON>2021-09-08T11:03:46-03:00</RECMODIFIEDON><TRIBUTAVEL>0</TRIBUTAVEL></TUND><TUND><CODUND>LT20</CODUND><DESCRICAO>LATA COM 20 LITROS</DESCRICAO><CODUNDBASE>M3</CODUNDBASE><FATORCONVERSAO>0.0200000000</FATORCONVERSAO><EBASE>0</EBASE><NCASASDECIMAIS>0</NCASASDECIMAIS><RECCREATEDBY>barbara.marcolino</RECCREATEDBY><RECCREATEDON>2014-11-14T08:35:28-03:00</RECCREATEDON><RECMODIFIEDBY>barbara.marcolino</RECMODIFIEDBY><RECMODIFIEDON>2014-11-14T08:35:28-03:00</RECMODIFIEDON><TRIBUTAVEL>0</TRIBUTAVEL></TUND><TUND><CODUND>LT200</CODUND><DESCRICAO>LATA COM 200 GRAMAS</DESCRICAO><CODUNDBASE>KG</CODUNDBASE><FATORCONVERSAO>0.2000000000</FATORCONVERSAO><EBASE>0</EBASE><NCASASDECIMAIS>0</NCASASDECIMAIS><RECCREATEDBY>barbara.marcolino</RECCREATEDBY><RECCREATEDON>2013-01-31T09:51:29-03:00</RECCREATEDON><RECMODIFIEDBY>danilo.custodio</RECMODIFIEDBY><RECMODIFIEDON>2021-09-08T11:03:46-03:00</RECMODIFIEDON><TRIBUTAVEL>0</TRIBUTAVEL></TUND><TUND><CODUND>LT20K</CODUND><DESCRICAO>LATA COM 20 QUILOS</DESCRICAO><CODUNDBASE>KG</CODUNDBASE><FATORCONVERSAO>20.0000000000</FATORCONVERSAO><EBASE>0</EBASE><NCASASDECIMAIS>0</NCASASDECIMAIS><TRIBUTAVEL>0</TRIBUTAVEL></TUND><TUND><CODUND>LT24K</CODUND><DESCRICAO>LATA COM 24 QUILOS</DESCRICAO><CODUNDBASE>KG</CODUNDBASE><FATORCONVERSAO>24.0000000000</FATORCONVERSAO><EBASE>0</EBASE><NCASASDECIMAIS>0</NCASASDECIMAIS><RECCREATEDBY>barbara.marcolino</RECCREATEDBY><RECCREATEDON>2013-10-11T11:55:06-03:00</RECCREATEDON><RECMODIFIEDBY>barbara.marcolino</RECMODIFIEDBY><RECMODIFIEDON>2013-10-11T11:55:06-03:00</RECMODIFIEDON><TRIBUTAVEL>0</TRIBUTAVEL></TUND><TUND><CODUND>LT25K</CODUND><DESCRICAO>LATA COM 25 QUILOS</DESCRICAO><CODUNDBASE>KG</CODUNDBASE><FATORCONVERSAO>25.0000000000</FATORCONVERSAO><EBASE>0</EBASE><NCASASDECIMAIS>0</NCASASDECIMAIS><RECCREATEDBY>barbara.marcolino</RECCREATEDBY><RECCREATEDON>2013-10-18T11:20:21-03:00</RECCREATEDON><RECMODIFIEDBY>barbara.marcolino</RECMODIFIEDBY><RECMODIFIEDON>2013-10-18T11:20:21-03:00</RECMODIFIEDON><TRIBUTAVEL>0</TRIBUTAVEL></TUND><TUND><CODUND>LT27K</CODUND><DESCRICAO>LATA COM 27 QUILOS</DESCRICAO><CODUNDBASE>KG</CODUNDBASE><FATORCONVERSAO>27.0000000000</FATORCONVERSAO><EBASE>0</EBASE><NCASASDECIMAIS>0</NCASASDECIMAIS><RECCREATEDBY>Juliana</RECCREATEDBY><RECCREATEDON>2015-05-13T15:59:55-03:00</RECCREATEDON><RECMODIFIEDBY>Juliana</RECMODIFIEDBY><RECMODIFIEDON>2015-05-13T15:59:55-03:00</RECMODIFIEDON><TRIBUTAVEL>0</TRIBUTAVEL></TUND><TUND><CODUND>LT28K</CODUND><DESCRICAO>LATA COM 28 QUILOS</DESCRICAO><CODUNDBASE>KG</CODUNDBASE><FATORCONVERSAO>28.0000000000</FATORCONVERSAO><EBASE>0</EBASE><NCASASDECIMAIS>0</NCASASDECIMAIS><RECCREATEDBY>barbara.marcolino</RECCREATEDBY><RECCREATEDON>2014-07-25T15:59:12-03:00</RECCREATEDON><RECMODIFIEDBY>barbara.marcolino</RECMODIFIEDBY><RECMODIFIEDON>2014-07-25T15:59:12-03:00</RECMODIFIEDON><TRIBUTAVEL>0</TRIBUTAVEL></TUND><TUND><CODUND>LT29K</CODUND><DESCRICAO>LATA COM 29 QUILOS</DESCRICAO><CODUNDBASE>KG</CODUNDBASE><FATORCONVERSAO>29.0000000000</FATORCONVERSAO><EBASE>0</EBASE><NCASASDECIMAIS>0</NCASASDECIMAIS><RECCREATEDBY>Juliana</RECCREATEDBY><RECCREATEDON>2013-11-07T11:39:55-03:00</RECCREATEDON><RECMODIFIEDBY>Juliana</RECMODIFIEDBY><RECMODIFIEDON>2013-11-07T11:39:55-03:00</RECMODIFIEDON><TRIBUTAVEL>0</TRIBUTAVEL></TUND><TUND><CODUND>LT30K</CODUND><DESCRICAO>LATA COM 30 QUILOS</DESCRICAO><CODUNDBASE>KG</CODUNDBASE><FATORCONVERSAO>30.0000000000</FATORCONVERSAO><EBASE>0</EBASE><NCASASDECIMAIS>0</NCASASDECIMAIS><RECCREATEDBY>Juliana</RECCREATEDBY><RECCREATEDON>2012-12-21T12:01:52-03:00</RECCREATEDON><RECMODIFIEDBY>Juliana</RECMODIFIEDBY><RECMODIFIEDON>2012-12-21T12:01:52-03:00</RECMODIFIEDON><TRIBUTAVEL>0</TRIBUTAVEL></TUND><TUND><CODUND>LT3KG</CODUND><DESCRICAO>LATA 3 KG</DESCRICAO><CODUNDBASE>UN</CODUNDBASE><FATORCONVERSAO>1.0000000000</FATORCONVERSAO><EBASE>0</EBASE><NCASASDECIMAIS>0</NCASASDECIMAIS><RECCREATEDBY>danielle.marques</RECCREATEDBY><RECCREATEDON>2021-10-20T11:24:11-03:00</RECCREATEDON><RECMODIFIEDBY>danielle.marques</RECMODIFIEDBY><RECMODIFIEDON>2021-10-20T11:24:11-03:00</RECMODIFIEDON><TRIBUTAVEL>0</TRIBUTAVEL></TUND><TUND><CODUND>LT400</CODUND><DESCRICAO>LATA COM 400 GRAMAS</DESCRICAO><CODUNDBASE>M3</CODUNDBASE><FATORCONVERSAO>0.0004000000</FATORCONVERSAO><EBASE>0</EBASE><NCASASDECIMAIS>0</NCASASDECIMAIS><RECCREATEDBY>barbara.marcolino</RECCREATEDBY><RECCREATEDON>2013-12-11T09:46:33-03:00</RECCREATEDON><RECMODIFIEDBY>barbara.marcolino</RECMODIFIEDBY><RECMODIFIEDON>2013-12-11T09:53:18-03:00</RECMODIFIEDON><TRIBUTAVEL>0</TRIBUTAVEL></TUND><TUND><CODUND>LT5KG</CODUND><DESCRICAO>LATA COM 5 QUILOS</DESCRICAO><CODUNDBASE>KG</CODUNDBASE><FATORCONVERSAO>5.0000000000</FATORCONVERSAO><EBASE>0</EBASE><NCASASDECIMAIS>0</NCASASDECIMAIS><RECCREATEDBY>Juliana</RECCREATEDBY><RECCREATEDON>2013-04-15T15:19:50-03:00</RECCREATEDON><RECMODIFIEDBY>Juliana</RECMODIFIEDBY><RECMODIFIEDON>2013-04-15T15:19:50-03:00</RECMODIFIEDON><TRIBUTAVEL>0</TRIBUTAVEL></TUND><TUND><CODUND>LT5L</CODUND><DESCRICAO>LATA COM 5 LITROS</DESCRICAO><CODUNDBASE>M3</CODUNDBASE><FATORCONVERSAO>0.0050000000</FATORCONVERSAO><EBASE>0</EBASE><NCASASDECIMAIS>0</NCASASDECIMAIS><TRIBUTAVEL>0</TRIBUTAVEL></TUND><TUND><CODUND>LT640</CODUND><DESCRICAO>LATA COM 640 ML</DESCRICAO><CODUNDBASE>M3</CODUNDBASE><FATORCONVERSAO>0.0006000000</FATORCONVERSAO><EBASE>0</EBASE><NCASASDECIMAIS>0</NCASASDECIMAIS><RECCREATEDBY>barbara.marcolino</RECCREATEDBY><RECCREATEDON>2013-05-20T16:15:43-03:00</RECCREATEDON><RECMODIFIEDBY>barbara.marcolino</RECMODIFIEDBY><RECMODIFIEDON>2013-05-20T16:15:43-03:00</RECMODIFIEDON><TRIBUTAVEL>0</TRIBUTAVEL></TUND><TUND><CODUND>LT750</CODUND><DESCRICAO>LATA COM 750ML</DESCRICAO><CODUNDBASE>M3</CODUNDBASE><FATORCONVERSAO>0.0007000000</FATORCONVERSAO><EBASE>0</EBASE><NCASASDECIMAIS>0</NCASASDECIMAIS><RECCREATEDBY>romana.cabral</RECCREATEDBY><RECCREATEDON>2012-05-04T15:12:09-03:00</RECCREATEDON><RECMODIFIEDBY>romana.cabral</RECMODIFIEDBY><RECMODIFIEDON>2012-05-04T15:12:44-03:00</RECMODIFIEDON><TRIBUTAVEL>0</TRIBUTAVEL></TUND><TUND><CODUND>LT800</CODUND><DESCRICAO>LATA COM 800 GRAMAS</DESCRICAO><CODUNDBASE>KG</CODUNDBASE><FATORCONVERSAO>0.8000000000</FATORCONVERSAO><EBASE>0</EBASE><NCASASDECIMAIS>0</NCASASDECIMAIS><TRIBUTAVEL>0</TRIBUTAVEL></TUND><TUND><CODUND>LT850</CODUND><DESCRICAO>LATA COM 850 ML</DESCRICAO><CODUNDBASE>M3</CODUNDBASE><FATORCONVERSAO>0.0008000000</FATORCONVERSAO><EBASE>0</EBASE><NCASASDECIMAIS>0</NCASASDECIMAIS><TRIBUTAVEL>0</TRIBUTAVEL></TUND><TUND><CODUND>LT900</CODUND><DESCRICAO>LATA COM 900 ML</DESCRICAO><CODUNDBASE>M3</CODUNDBASE><FATORCONVERSAO>0.0009000000</FATORCONVERSAO><EBASE>0</EBASE><NCASASDECIMAIS>0</NCASASDECIMAIS><TRIBUTAVEL>0</TRIBUTAVEL></TUND><TUND><CODUND>M2MES</CODUND><DESCRICAO>M2XMES</DESCRICAO><CODUNDBASE>M2</CODUNDBASE><FATORCONVERSAO>1.0000000000</FATORCONVERSAO><EBASE>0</EBASE><NCASASDECIMAIS>0</NCASASDECIMAIS><TRIBUTAVEL>0</TRIBUTAVEL></TUND><TUND><CODUND>M3XKM</CODUND><DESCRICAO>M3XKM</DESCRICAO><CODUNDBASE>UN</CODUNDBASE><FATORCONVERSAO>1.0000000000</FATORCONVERSAO><EBASE>0</EBASE><NCASASDECIMAIS>0</NCASASDECIMAIS><TRIBUTAVEL>0</TRIBUTAVEL></TUND><TUND><CODUND>MES</CODUND><DESCRICAO>MÊS</DESCRICAO><CODUNDBASE>H</CODUNDBASE><FATORCONVERSAO>220.0000000000</FATORCONVERSAO><EBASE>0</EBASE><NCASASDECIMAIS>0</NCASASDECIMAIS><RECMODIFIEDBY>danilo.custodio</RECMODIFIEDBY><RECMODIFIEDON>2018-10-22T17:19:38-03:00</RECMODIFIEDON><TRIBUTAVEL>0</TRIBUTAVEL></TUND><TUND><CODUND>MIL</CODUND><DESCRICAO>MILHEIRO</DESCRICAO><CODUNDBASE>UN</CODUNDBASE><FATORCONVERSAO>1000.0000000000</FATORCONVERSAO><EBASE>0</EBASE><NCASASDECIMAIS>0</NCASASDECIMAIS><TRIBUTAVEL>0</TRIBUTAVEL></TUND><TUND><CODUND>MM</CODUND><DESCRICAO>MILIMETRO</DESCRICAO><CODUNDBASE>M</CODUNDBASE><FATORCONVERSAO>0.0010000000</FATORCONVERSAO><EBASE>0</EBASE><NCASASDECIMAIS>2</NCASASDECIMAIS><TRIBUTAVEL>0</TRIBUTAVEL></TUND><TUND><CODUND>P1000</CODUND><DESCRICAO>PACOTE COM 1000 UNIDADES</DESCRICAO><CODUNDBASE>UN</CODUNDBASE><FATORCONVERSAO>1000.0000000000</FATORCONVERSAO><EBASE>0</EBASE><NCASASDECIMAIS>0</NCASASDECIMAIS><RECCREATEDBY>barbara.marcolino</RECCREATEDBY><RECCREATEDON>2014-03-06T11:50:43-03:00</RECCREATEDON><RECMODIFIEDBY>barbara.marcolino</RECMODIFIEDBY><RECMODIFIEDON>2014-03-06T11:50:43-03:00</RECMODIFIEDON><TRIBUTAVEL>0</TRIBUTAVEL></TUND><TUND><CODUND>PAR</CODUND><DESCRICAO>PAR</DESCRICAO><CODUNDBASE>UN</CODUNDBASE><FATORCONVERSAO>1.0000000000</FATORCONVERSAO><EBASE>0</EBASE><NCASASDECIMAIS>0</NCASASDECIMAIS><TRIBUTAVEL>0</TRIBUTAVEL></TUND><TUND><CODUND>PAVTO</CODUND><DESCRICAO>PAVIMENTO</DESCRICAO><CODUNDBASE>UN</CODUNDBASE><FATORCONVERSAO>1.0000000000</FATORCONVERSAO><EBASE>0</EBASE><NCASASDECIMAIS>0</NCASASDECIMAIS><TRIBUTAVEL>0</TRIBUTAVEL></TUND><TUND><CODUND>PC</CODUND><DESCRICAO>PC</DESCRICAO><CODUNDBASE>UN</CODUNDBASE><FATORCONVERSAO>1.0000000000</FATORCONVERSAO><EBASE>0</EBASE><NCASASDECIMAIS>0</NCASASDECIMAIS><TRIBUTAVEL>0</TRIBUTAVEL></TUND><TUND><CODUND>PC100</CODUND><DESCRICAO>PACOTE COM 100 UNIDADES</DESCRICAO><CODUNDBASE>UN</CODUNDBASE><FATORCONVERSAO>100.0000000000</FATORCONVERSAO><EBASE>0</EBASE><NCASASDECIMAIS>0</NCASASDECIMAIS><TRIBUTAVEL>0</TRIBUTAVEL></TUND><TUND><CODUND>PC10U</CODUND><DESCRICAO>PC10U</DESCRICAO><CODUNDBASE>UN</CODUNDBASE><FATORCONVERSAO>10.0000000000</FATORCONVERSAO><EBASE>0</EBASE><NCASASDECIMAIS>0</NCASASDECIMAIS><RECCREATEDBY>romana.cabral</RECCREATEDBY><RECCREATEDON>2012-10-26T08:53:42-03:00</RECCREATEDON><RECMODIFIEDBY>romana.cabral</RECMODIFIEDBY><RECMODIFIEDON>2012-10-26T08:53:42-03:00</RECMODIFIEDON><TRIBUTAVEL>0</TRIBUTAVEL></TUND><TUND><CODUND>PC15</CODUND><DESCRICAO>PACOTE COM 15 UNIDADES</DESCRICAO><CODUNDBASE>UN</CODUNDBASE><FATORCONVERSAO>15.0000000000</FATORCONVERSAO><EBASE>0</EBASE><NCASASDECIMAIS>0</NCASASDECIMAIS><RECCREATEDBY>barbara.marcolino</RECCREATEDBY><RECCREATEDON>2013-03-21T09:03:56-03:00</RECCREATEDON><RECMODIFIEDBY>barbara.marcolino</RECMODIFIEDBY><RECMODIFIEDON>2013-03-21T09:03:56-03:00</RECMODIFIEDON><TRIBUTAVEL>0</TRIBUTAVEL></TUND><TUND><CODUND>PC1M</CODUND><DESCRICAO>PECA COM 1,2 METROS</DESCRICAO><CODUNDBASE>M</CODUNDBASE><FATORCONVERSAO>1.2000000000</FATORCONVERSAO><EBASE>0</EBASE><NCASASDECIMAIS>0</NCASASDECIMAIS><RECCREATEDBY>barbara.marcolino</RECCREATEDBY><RECCREATEDON>2012-06-04T09:56:45-03:00</RECCREATEDON><RECMODIFIEDBY>barbara.marcolino</RECMODIFIEDBY><RECMODIFIEDON>2012-06-04T09:56:45-03:00</RECMODIFIEDON><TRIBUTAVEL>0</TRIBUTAVEL></TUND><TUND><CODUND>PC200</CODUND><DESCRICAO>PACOTE COM 200 UNIDADES</DESCRICAO><CODUNDBASE>UN</CODUNDBASE><FATORCONVERSAO>200.0000000000</FATORCONVERSAO><EBASE>0</EBASE><NCASASDECIMAIS>0</NCASASDECIMAIS><RECCREATEDBY>barbara.marcolino</RECCREATEDBY><RECCREATEDON>2014-06-27T15:06:47-03:00</RECCREATEDON><RECMODIFIEDBY>barbara.marcolino</RECMODIFIEDBY><RECMODIFIEDON>2014-06-27T15:06:47-03:00</RECMODIFIEDON><TRIBUTAVEL>0</TRIBUTAVEL></TUND><TUND><CODUND>PC24</CODUND><DESCRICAO>PACOTE COM 24 UNIDADES</DESCRICAO><CODUNDBASE>UN</CODUNDBASE><FATORCONVERSAO>24.0000000000</FATORCONVERSAO><EBASE>0</EBASE><NCASASDECIMAIS>0</NCASASDECIMAIS><RECCREATEDBY>Juliana</RECCREATEDBY><RECCREATEDON>2013-12-03T17:12:30-03:00</RECCREATEDON><RECMODIFIEDBY>Juliana</RECMODIFIEDBY><RECMODIFIEDON>2013-12-03T17:12:30-03:00</RECMODIFIEDON><TRIBUTAVEL>0</TRIBUTAVEL></TUND><TUND><CODUND>PC250</CODUND><DESCRICAO>PACOTE COM 250 UNIDADES</DESCRICAO><CODUNDBASE>UN</CODUNDBASE><FATORCONVERSAO>250.0000000000</FATORCONVERSAO><EBASE>0</EBASE><NCASASDECIMAIS>0</NCASASDECIMAIS><RECCREATEDBY>danilo.custodio</RECCREATEDBY><RECCREATEDON>2021-09-08T11:03:46-03:00</RECCREATEDON><RECMODIFIEDBY>danilo.custodio</RECMODIFIEDBY><RECMODIFIEDON>2021-09-08T11:03:46-03:00</RECMODIFIEDON><TRIBUTAVEL>0</TRIBUTAVEL></TUND><TUND><CODUND>PC3,5</CODUND><DESCRICAO>PEÇA COM 3,5 METROS</DESCRICAO><CODUNDBASE>M</CODUNDBASE><FATORCONVERSAO>3.5000000000</FATORCONVERSAO><EBASE>0</EBASE><NCASASDECIMAIS>0</NCASASDECIMAIS><RECCREATEDBY>Juliana</RECCREATEDBY><RECCREATEDON>2015-03-09T17:13:04-03:00</RECCREATEDON><RECMODIFIEDBY>Juliana</RECMODIFIEDBY><RECMODIFIEDON>2015-04-29T11:55:56-03:00</RECMODIFIEDON><TRIBUTAVEL>0</TRIBUTAVEL></TUND><TUND><CODUND>PC3M</CODUND><DESCRICAO>PECA COM 3 METROS</DESCRICAO><CODUNDBASE>M</CODUNDBASE><FATORCONVERSAO>3.0000000000</FATORCONVERSAO><EBASE>0</EBASE><NCASASDECIMAIS>0</NCASASDECIMAIS><TRIBUTAVEL>0</TRIBUTAVEL></TUND><TUND><CODUND>PC4,5</CODUND><DESCRICAO>PECA COM 4,5 METROS</DESCRICAO><CODUNDBASE>M</CODUNDBASE><FATORCONVERSAO>4.5000000000</FATORCONVERSAO><EBASE>0</EBASE><NCASASDECIMAIS>0</NCASASDECIMAIS><RECCREATEDBY>Juliana</RECCREATEDBY><RECCREATEDON>2015-03-09T16:23:32-03:00</RECCREATEDON><RECMODIFIEDBY>Juliana</RECMODIFIEDBY><RECMODIFIEDON>2015-03-09T16:23:32-03:00</RECMODIFIEDON><TRIBUTAVEL>0</TRIBUTAVEL></TUND><TUND><CODUND>PC4M</CODUND><DESCRICAO>PECA COM 4 METROS</DESCRICAO><CODUNDBASE>M</CODUNDBASE><FATORCONVERSAO>4.0000000000</FATORCONVERSAO><EBASE>0</EBASE><NCASASDECIMAIS>0</NCASASDECIMAIS><RECCREATEDBY>romana.cabral</RECCREATEDBY><RECCREATEDON>2012-10-22T09:22:52-03:00</RECCREATEDON><RECMODIFIEDBY>romana.cabral</RECMODIFIEDBY><RECMODIFIEDON>2012-10-22T09:22:52-03:00</RECMODIFIEDON><TRIBUTAVEL>0</TRIBUTAVEL></TUND><TUND><CODUND>PC5,5</CODUND><DESCRICAO>PECA COM 5,5 METROS</DESCRICAO><CODUNDBASE>M</CODUNDBASE><FATORCONVERSAO>5.5000000000</FATORCONVERSAO><EBASE>0</EBASE><NCASASDECIMAIS>0</NCASASDECIMAIS><RECCREATEDBY>Juliana</RECCREATEDBY><RECCREATEDON>2015-09-10T14:31:00-03:00</RECCREATEDON><RECMODIFIEDBY>Juliana</RECMODIFIEDBY><RECMODIFIEDON>2015-09-10T14:31:00-03:00</RECMODIFIEDON><TRIBUTAVEL>0</TRIBUTAVEL></TUND><TUND><CODUND>PC500</CODUND><DESCRICAO>PACOTE COM 500 UNIDADES</DESCRICAO><CODUNDBASE>UN</CODUNDBASE><FATORCONVERSAO>500.0000000000</FATORCONVERSAO><EBASE>0</EBASE><NCASASDECIMAIS>0</NCASASDECIMAIS><RECCREATEDBY>Juliana</RECCREATEDBY><RECCREATEDON>2013-04-12T14:41:45-03:00</RECCREATEDON><RECMODIFIEDBY>Juliana</RECMODIFIEDBY><RECMODIFIEDON>2013-04-12T14:41:45-03:00</RECMODIFIEDON><TRIBUTAVEL>0</TRIBUTAVEL></TUND><TUND><CODUND>PC5M</CODUND><DESCRICAO>PECA COM 5 METROS</DESCRICAO><CODUNDBASE>M</CODUNDBASE><FATORCONVERSAO>5.0000000000</FATORCONVERSAO><EBASE>0</EBASE><NCASASDECIMAIS>0</NCASASDECIMAIS><TRIBUTAVEL>0</TRIBUTAVEL></TUND><TUND><CODUND>PC5UN</CODUND><DESCRICAO>PACOTE COM 5 UNIDADES</DESCRICAO><CODUNDBASE>UN</CODUNDBASE><FATORCONVERSAO>5.0000000000</FATORCONVERSAO><EBASE>0</EBASE><NCASASDECIMAIS>0</NCASASDECIMAIS><RECCREATEDBY>romana.cabral</RECCREATEDBY><RECCREATEDON>2012-08-06T09:07:32-03:00</RECCREATEDON><RECMODIFIEDBY>romana.cabral</RECMODIFIEDBY><RECMODIFIEDON>2012-08-06T09:07:32-03:00</RECMODIFIEDON><TRIBUTAVEL>0</TRIBUTAVEL></TUND><TUND><CODUND>PC6M</CODUND><DESCRICAO>PECA COM 6 METROS</DESCRICAO><CODUNDBASE>M</CODUNDBASE><FATORCONVERSAO>6.0000000000</FATORCONVERSAO><EBASE>0</EBASE><NCASASDECIMAIS>0</NCASASDECIMAIS><TRIBUTAVEL>0</TRIBUTAVEL></TUND><TUND><CODUND>PC6UN</CODUND><DESCRICAO>PACOTE COM 6 UNIDADES</DESCRICAO><CODUNDBASE>UN</CODUNDBASE><FATORCONVERSAO>6.0000000000</FATORCONVERSAO><EBASE>0</EBASE><NCASASDECIMAIS>0</NCASASDECIMAIS><RECCREATEDBY>Juliana</RECCREATEDBY><RECCREATEDON>2013-05-21T10:25:11-03:00</RECCREATEDON><RECMODIFIEDBY>Juliana</RECMODIFIEDBY><RECMODIFIEDON>2013-05-21T10:25:11-03:00</RECMODIFIEDON><TRIBUTAVEL>0</TRIBUTAVEL></TUND><TUND><CODUND>PCCMP</CODUND><DESCRICAO>PEÇAS DE COMPENSADO - 220 X 110 CM</DESCRICAO><CODUNDBASE>M2</CODUNDBASE><FATORCONVERSAO>2.4200000000</FATORCONVERSAO><EBASE>0</EBASE><NCASASDECIMAIS>0</NCASASDECIMAIS><RECCREATEDBY>Juliana</RECCREATEDBY><RECCREATEDON>2015-03-09T16:15:56-03:00</RECCREATEDON><RECMODIFIEDBY>Juliana</RECMODIFIEDBY><RECMODIFIEDON>2015-03-09T16:15:56-03:00</RECMODIFIEDON><TRIBUTAVEL>0</TRIBUTAVEL></TUND><TUND><CODUND>PCGES</CODUND><DESCRICAO>PLACA DE GESSO 60 X 60 CM</DESCRICAO><CODUNDBASE>M2</CODUNDBASE><FATORCONVERSAO>0.3600000000</FATORCONVERSAO><EBASE>0</EBASE><NCASASDECIMAIS>0</NCASASDECIMAIS><TRIBUTAVEL>0</TRIBUTAVEL></TUND><TUND><CODUND>PCT10</CODUND><DESCRICAO>PACOTE COM 10 UNIDADES</DESCRICAO><CODUNDBASE>UN</CODUNDBASE><FATORCONVERSAO>10.0000000000</FATORCONVERSAO><EBASE>0</EBASE><NCASASDECIMAIS>0</NCASASDECIMAIS><RECCREATEDBY>danilo.custodio</RECCREATEDBY><RECCREATEDON>2021-09-08T11:03:46-03:00</RECCREATEDON><RECMODIFIEDBY>danilo.custodio</RECMODIFIEDBY><RECMODIFIEDON>2021-09-08T11:03:46-03:00</RECMODIFIEDON><TRIBUTAVEL>0</TRIBUTAVEL></TUND><TUND><CODUND>PCT50</CODUND><DESCRICAO>PACOTE COM 50 UNIDADES</DESCRICAO><CODUNDBASE>UN</CODUNDBASE><FATORCONVERSAO>50.0000000000</FATORCONVERSAO><EBASE>0</EBASE><NCASASDECIMAIS>0</NCASASDECIMAIS><TRIBUTAVEL>0</TRIBUTAVEL></TUND><TUND><CODUND>PCTE</CODUND><DESCRICAO>PACOTE</DESCRICAO><CODUNDBASE>UN</CODUNDBASE><FATORCONVERSAO>1.0000000000</FATORCONVERSAO><EBASE>0</EBASE><NCASASDECIMAIS>0</NCASASDECIMAIS><TRIBUTAVEL>0</TRIBUTAVEL></TUND><TUND><CODUND>PN</CODUND><DESCRICAO>PAINEL</DESCRICAO><CODUNDBASE>UN</CODUNDBASE><FATORCONVERSAO>1.0000000000</FATORCONVERSAO><EBASE>0</EBASE><NCASASDECIMAIS>0</NCASASDECIMAIS><TRIBUTAVEL>0</TRIBUTAVEL></TUND><TUND><CODUND>PN138</CODUND><DESCRICAO>PAINEL TELA Q138 6X2,45</DESCRICAO><CODUNDBASE>KG</CODUNDBASE><FATORCONVERSAO>32.3400000000</FATORCONVERSAO><EBASE>0</EBASE><NCASASDECIMAIS>0</NCASASDECIMAIS><RECMODIFIEDBY>carlos eduardo</RECMODIFIEDBY><RECMODIFIEDON>2022-12-20T16:10:54-03:00</RECMODIFIEDON><TRIBUTAVEL>0</TRIBUTAVEL></TUND><TUND><CODUND>RL</CODUND><DESCRICAO>ROLO</DESCRICAO><CODUNDBASE>UN</CODUNDBASE><FATORCONVERSAO>1.0000000000</FATORCONVERSAO><EBASE>0</EBASE><NCASASDECIMAIS>0</NCASASDECIMAIS><TRIBUTAVEL>0</TRIBUTAVEL></TUND><TUND><CODUND>RL100</CODUND><DESCRICAO>ROLO COM 100 METROS</DESCRICAO><CODUNDBASE>M</CODUNDBASE><FATORCONVERSAO>100.0000000000</FATORCONVERSAO><EBASE>0</EBASE><NCASASDECIMAIS>0</NCASASDECIMAIS><TRIBUTAVEL>0</TRIBUTAVEL></TUND><TUND><CODUND>RL10M</CODUND><DESCRICAO>ROLO COM 10 METROS</DESCRICAO><CODUNDBASE>M</CODUNDBASE><FATORCONVERSAO>10.0000000000</FATORCONVERSAO><EBASE>0</EBASE><NCASASDECIMAIS>0</NCASASDECIMAIS><RECCREATEDBY>romana.cabral</RECCREATEDBY><RECCREATEDON>2012-08-28T08:53:47-03:00</RECCREATEDON><RECMODIFIEDBY>romana.cabral</RECMODIFIEDBY><RECMODIFIEDON>2012-08-28T08:53:47-03:00</RECMODIFIEDON><TRIBUTAVEL>0</TRIBUTAVEL></TUND><TUND><CODUND>RL15M</CODUND><DESCRICAO>ROLO COM 15 METROS</DESCRICAO><CODUNDBASE>M</CODUNDBASE><FATORCONVERSAO>15.0000000000</FATORCONVERSAO><EBASE>0</EBASE><NCASASDECIMAIS>0</NCASASDECIMAIS><RECCREATEDBY>daniel.lima</RECCREATEDBY><RECCREATEDON>2021-01-15T11:23:30-03:00</RECCREATEDON><RECMODIFIEDBY>daniel.lima</RECMODIFIEDBY><RECMODIFIEDON>2021-01-15T11:23:48-03:00</RECMODIFIEDON><TRIBUTAVEL>0</TRIBUTAVEL></TUND><TUND><CODUND>RL200</CODUND><DESCRICAO>ROLO COM 200 METROS</DESCRICAO><CODUNDBASE>M</CODUNDBASE><FATORCONVERSAO>200.0000000000</FATORCONVERSAO><EBASE>0</EBASE><NCASASDECIMAIS>0</NCASASDECIMAIS><TRIBUTAVEL>0</TRIBUTAVEL></TUND><TUND><CODUND>RL20M</CODUND><DESCRICAO>ROLO COM 20 METROS</DESCRICAO><CODUNDBASE>M</CODUNDBASE><FATORCONVERSAO>20.0000000000</FATORCONVERSAO><EBASE>0</EBASE><NCASASDECIMAIS>0</NCASASDECIMAIS><TRIBUTAVEL>0</TRIBUTAVEL></TUND><TUND><CODUND>RL220</CODUND><DESCRICAO>ROLO COM 220 METROS</DESCRICAO><CODUNDBASE>M</CODUNDBASE><FATORCONVERSAO>220.0000000000</FATORCONVERSAO><EBASE>0</EBASE><NCASASDECIMAIS>0</NCASASDECIMAIS><RECCREATEDBY>barbara.marcolino</RECCREATEDBY><RECCREATEDON>2013-12-03T10:22:58-03:00</RECCREATEDON><RECMODIFIEDBY>barbara.marcolino</RECMODIFIEDBY><RECMODIFIEDON>2013-12-03T10:22:58-03:00</RECMODIFIEDON><TRIBUTAVEL>0</TRIBUTAVEL></TUND><TUND><CODUND>RL250</CODUND><DESCRICAO>ROLO COM 250 METROS</DESCRICAO><CODUNDBASE>M</CODUNDBASE><FATORCONVERSAO>250.0000000000</FATORCONVERSAO><EBASE>0</EBASE><NCASASDECIMAIS>0</NCASASDECIMAIS><RECCREATEDBY>danilo.custodio</RECCREATEDBY><RECCREATEDON>2021-09-08T11:03:46-03:00</RECCREATEDON><RECMODIFIEDBY>danilo.custodio</RECMODIFIEDBY><RECMODIFIEDON>2021-09-08T11:03:46-03:00</RECMODIFIEDON><TRIBUTAVEL>0</TRIBUTAVEL></TUND><TUND><CODUND>RL25M</CODUND><DESCRICAO>ROLO COM 25 METROS</DESCRICAO><CODUNDBASE>M</CODUNDBASE><FATORCONVERSAO>25.0000000000</FATORCONVERSAO><EBASE>0</EBASE><NCASASDECIMAIS>0</NCASASDECIMAIS><TRIBUTAVEL>0</TRIBUTAVEL></TUND><TUND><CODUND>RL300</CODUND><DESCRICAO>ROLO COM 300 METROS</DESCRICAO><CODUNDBASE>M</CODUNDBASE><FATORCONVERSAO>300.0000000000</FATORCONVERSAO><EBASE>0</EBASE><NCASASDECIMAIS>0</NCASASDECIMAIS><RECCREATEDBY>romana.cabral</RECCREATEDBY><RECCREATEDON>2012-08-22T17:06:27-03:00</RECCREATEDON><RECMODIFIEDBY>romana.cabral</RECMODIFIEDBY><RECMODIFIEDON>2012-08-22T17:06:27-03:00</RECMODIFIEDON><TRIBUTAVEL>0</TRIBUTAVEL></TUND><TUND><CODUND>RL30M</CODUND><DESCRICAO>ROLO COM 30 METROS</DESCRICAO><CODUNDBASE>M</CODUNDBASE><FATORCONVERSAO>30.0000000000</FATORCONVERSAO><EBASE>0</EBASE><NCASASDECIMAIS>0</NCASASDECIMAIS><TRIBUTAVEL>0</TRIBUTAVEL></TUND><TUND><CODUND>RL40M</CODUND><DESCRICAO>ROLO COM 40 METROS</DESCRICAO><CODUNDBASE>M</CODUNDBASE><FATORCONVERSAO>40.0000000000</FATORCONVERSAO><EBASE>0</EBASE><NCASASDECIMAIS>0</NCASASDECIMAIS><RECCREATEDBY>barbara.marcolino</RECCREATEDBY><RECCREATEDON>2013-05-09T09:22:10-03:00</RECCREATEDON><RECMODIFIEDBY>barbara.marcolino</RECMODIFIEDBY><RECMODIFIEDON>2013-05-09T09:22:10-03:00</RECMODIFIEDON><TRIBUTAVEL>0</TRIBUTAVEL></TUND><TUND><CODUND>RL500</CODUND><DESCRICAO>ROLO COM 500 METROS</DESCRICAO><CODUNDBASE>M</CODUNDBASE><FATORCONVERSAO>500.0000000000</FATORCONVERSAO><EBASE>0</EBASE><NCASASDECIMAIS>0</NCASASDECIMAIS><TRIBUTAVEL>0</TRIBUTAVEL></TUND><TUND><CODUND>RL50K</CODUND><DESCRICAO>Rolo 50 Kg</DESCRICAO><CODUNDBASE>KG</CODUNDBASE><FATORCONVERSAO>50.0000000000</FATORCONVERSAO><EBASE>0</EBASE><NCASASDECIMAIS>0</NCASASDECIMAIS><RECCREATEDBY>danilo.custodio</RECCREATEDBY><RECCREATEDON>2021-09-08T11:03:46-03:00</RECCREATEDON><RECMODIFIEDBY>danilo.custodio</RECMODIFIEDBY><RECMODIFIEDON>2021-09-08T11:03:46-03:00</RECMODIFIEDON><TRIBUTAVEL>0</TRIBUTAVEL></TUND><TUND><CODUND>RL50M</CODUND><DESCRICAO>ROLO COM 50 METROS</DESCRICAO><CODUNDBASE>M</CODUNDBASE><FATORCONVERSAO>50.0000000000</FATORCONVERSAO><EBASE>0</EBASE><NCASASDECIMAIS>0</NCASASDECIMAIS><TRIBUTAVEL>0</TRIBUTAVEL></TUND><TUND><CODUND>RL5M</CODUND><DESCRICAO>ROLO COM 5 METROS</DESCRICAO><CODUNDBASE>M</CODUNDBASE><FATORCONVERSAO>5.0000000000</FATORCONVERSAO><EBASE>0</EBASE><NCASASDECIMAIS>0</NCASASDECIMAIS><RECCREATEDBY>danilo.custodio</RECCREATEDBY><RECCREATEDON>2021-09-08T11:03:46-03:00</RECCREATEDON><RECMODIFIEDBY>danilo.custodio</RECMODIFIEDBY><RECMODIFIEDON>2021-09-08T11:03:46-03:00</RECMODIFIEDON><TRIBUTAVEL>0</TRIBUTAVEL></TUND><TUND><CODUND>S100G</CODUND><DESCRICAO>SACO COM 100 GRAMAS</DESCRICAO><CODUNDBASE>KG</CODUNDBASE><FATORCONVERSAO>0.1000000000</FATORCONVERSAO><EBASE>0</EBASE><NCASASDECIMAIS>0</NCASASDECIMAIS><RECCREATEDBY>romana.cabral</RECCREATEDBY><RECCREATEDON>2012-05-28T15:59:02-03:00</RECCREATEDON><RECMODIFIEDBY>romana.cabral</RECMODIFIEDBY><RECMODIFIEDON>2012-05-28T15:59:02-03:00</RECMODIFIEDON><TRIBUTAVEL>0</TRIBUTAVEL></TUND><TUND><CODUND>S100L</CODUND><DESCRICAO>SACO COM 100 LITROS</DESCRICAO><CODUNDBASE>M3</CODUNDBASE><FATORCONVERSAO>1.0000000000</FATORCONVERSAO><EBASE>0</EBASE><NCASASDECIMAIS>0</NCASASDECIMAIS><RECCREATEDBY>barbara.marcolino</RECCREATEDBY><RECCREATEDON>2014-10-31T08:58:46-03:00</RECCREATEDON><RECMODIFIEDBY>barbara.marcolino</RECMODIFIEDBY><RECMODIFIEDON>2014-10-31T08:58:46-03:00</RECMODIFIEDON><TRIBUTAVEL>0</TRIBUTAVEL></TUND><TUND><CODUND>S250G</CODUND><DESCRICAO>SACO COM 250 GRAMAS</DESCRICAO><CODUNDBASE>KG</CODUNDBASE><FATORCONVERSAO>0.2500000000</FATORCONVERSAO><EBASE>0</EBASE><NCASASDECIMAIS>0</NCASASDECIMAIS><RECCREATEDBY>barbara.marcolino</RECCREATEDBY><RECCREATEDON>2013-03-08T08:53:04-03:00</RECCREATEDON><RECMODIFIEDBY>barbara.marcolino</RECMODIFIEDBY><RECMODIFIEDON>2013-03-08T08:53:04-03:00</RECMODIFIEDON><TRIBUTAVEL>0</TRIBUTAVEL></TUND><TUND><CODUND>S400G</CODUND><DESCRICAO>SACO COM 400 GRAMAS</DESCRICAO><CODUNDBASE>KG</CODUNDBASE><FATORCONVERSAO>0.4000000000</FATORCONVERSAO><EBASE>0</EBASE><NCASASDECIMAIS>0</NCASASDECIMAIS><RECCREATEDBY>barbara.marcolino</RECCREATEDBY><RECCREATEDON>2013-03-07T17:27:24-03:00</RECCREATEDON><RECMODIFIEDBY>barbara.marcolino</RECMODIFIEDBY><RECMODIFIEDON>2013-03-07T17:27:42-03:00</RECMODIFIEDON><TRIBUTAVEL>0</TRIBUTAVEL></TUND><TUND><CODUND>SC</CODUND><DESCRICAO>SACO</DESCRICAO><CODUNDBASE>UN</CODUNDBASE><FATORCONVERSAO>1.0000000000</FATORCONVERSAO><EBASE>0</EBASE><NCASASDECIMAIS>0</NCASASDECIMAIS><RECCREATEDBY>wesley.luz</RECCREATEDBY><RECCREATEDON>2020-12-09T11:30:02-03:00</RECCREATEDON><RECMODIFIEDBY>wesley.luz</RECMODIFIEDBY><RECMODIFIEDON>2020-12-09T11:30:02-03:00</RECMODIFIEDON><TRIBUTAVEL>0</TRIBUTAVEL></TUND><TUND><CODUND>SC100</CODUND><DESCRICAO>SACO COM 100 UNIDADES</DESCRICAO><CODUNDBASE>UN</CODUNDBASE><FATORCONVERSAO>100.0000000000</FATORCONVERSAO><EBASE>0</EBASE><NCASASDECIMAIS>0</NCASASDECIMAIS><TRIBUTAVEL>0</TRIBUTAVEL></TUND><TUND><CODUND>SC15K</CODUND><DESCRICAO>SACO COM 15 QUILOS</DESCRICAO><CODUNDBASE>KG</CODUNDBASE><FATORCONVERSAO>15.0000000000</FATORCONVERSAO><EBASE>0</EBASE><NCASASDECIMAIS>0</NCASASDECIMAIS><RECCREATEDBY>romana.cabral</RECCREATEDBY><RECCREATEDON>2012-09-27T15:58:44-03:00</RECCREATEDON><RECMODIFIEDBY>romana.cabral</RECMODIFIEDBY><RECMODIFIEDON>2012-09-27T15:58:44-03:00</RECMODIFIEDON><TRIBUTAVEL>0</TRIBUTAVEL></TUND><TUND><CODUND>SC16</CODUND><DESCRICAO>SACO COM 16 UNIDADES</DESCRICAO><CODUNDBASE>UN</CODUNDBASE><FATORCONVERSAO>16.0000000000</FATORCONVERSAO><EBASE>0</EBASE><NCASASDECIMAIS>0</NCASASDECIMAIS><TRIBUTAVEL>0</TRIBUTAVEL></TUND><TUND><CODUND>SC1KG</CODUND><DESCRICAO>SACO COM 1 QUILO</DESCRICAO><CODUNDBASE>KG</CODUNDBASE><FATORCONVERSAO>1.0000000000</FATORCONVERSAO><EBASE>0</EBASE><NCASASDECIMAIS>0</NCASASDECIMAIS><TRIBUTAVEL>0</TRIBUTAVEL></TUND><TUND><CODUND>SC20</CODUND><DESCRICAO>SACO COM 20 UNIDADES</DESCRICAO><CODUNDBASE>UN</CODUNDBASE><FATORCONVERSAO>20.0000000000</FATORCONVERSAO><EBASE>0</EBASE><NCASASDECIMAIS>0</NCASASDECIMAIS><TRIBUTAVEL>0</TRIBUTAVEL></TUND><TUND><CODUND>SC200</CODUND><DESCRICAO>SACO COM 200 UNIDADES</DESCRICAO><CODUNDBASE>UN</CODUNDBASE><FATORCONVERSAO>200.0000000000</FATORCONVERSAO><EBASE>0</EBASE><NCASASDECIMAIS>0</NCASASDECIMAIS><TRIBUTAVEL>0</TRIBUTAVEL></TUND><TUND><CODUND>SC20K</CODUND><DESCRICAO>SACO COM 20 QUILOS</DESCRICAO><CODUNDBASE>KG</CODUNDBASE><FATORCONVERSAO>20.0000000000</FATORCONVERSAO><EBASE>0</EBASE><NCASASDECIMAIS>0</NCASASDECIMAIS><TRIBUTAVEL>0</TRIBUTAVEL></TUND><TUND><CODUND>SC24K</CODUND><DESCRICAO>SACO COM 24 QUILOS</DESCRICAO><CODUNDBASE>KG</CODUNDBASE><FATORCONVERSAO>24.0000000000</FATORCONVERSAO><EBASE>0</EBASE><NCASASDECIMAIS>0</NCASASDECIMAIS><RECCREATEDBY>barbara.marcolino</RECCREATEDBY><RECCREATEDON>2013-10-11T10:14:49-03:00</RECCREATEDON><RECMODIFIEDBY>barbara.marcolino</RECMODIFIEDBY><RECMODIFIEDON>2013-10-11T10:14:49-03:00</RECMODIFIEDON><TRIBUTAVEL>0</TRIBUTAVEL></TUND><TUND><CODUND>SC25</CODUND><DESCRICAO>SACO COM 25 UNIDADES</DESCRICAO><CODUNDBASE>UN</CODUNDBASE><FATORCONVERSAO>25.0000000000</FATORCONVERSAO><EBASE>0</EBASE><NCASASDECIMAIS>0</NCASASDECIMAIS><TRIBUTAVEL>0</TRIBUTAVEL></TUND><TUND><CODUND>SC250</CODUND><DESCRICAO>SACO COM 250 GRAMAS</DESCRICAO><CODUNDBASE>KG</CODUNDBASE><FATORCONVERSAO>0.2500000000</FATORCONVERSAO><EBASE>0</EBASE><NCASASDECIMAIS>0</NCASASDECIMAIS><RECCREATEDBY>romana.cabral</RECCREATEDBY><RECCREATEDON>2012-05-10T09:44:30-03:00</RECCREATEDON><RECMODIFIEDBY>danilo.custodio</RECMODIFIEDBY><RECMODIFIEDON>2021-09-08T11:03:46-03:00</RECMODIFIEDON><TRIBUTAVEL>0</TRIBUTAVEL></TUND><TUND><CODUND>SC25G</CODUND><DESCRICAO>SACO COM 25 GRAMAS</DESCRICAO><CODUNDBASE>KG</CODUNDBASE><FATORCONVERSAO>0.0250000000</FATORCONVERSAO><EBASE>0</EBASE><NCASASDECIMAIS>0</NCASASDECIMAIS><TRIBUTAVEL>0</TRIBUTAVEL></TUND><TUND><CODUND>SC25K</CODUND><DESCRICAO>SACO COM 25 QUILOS</DESCRICAO><CODUNDBASE>KG</CODUNDBASE><FATORCONVERSAO>25.0000000000</FATORCONVERSAO><EBASE>0</EBASE><NCASASDECIMAIS>0</NCASASDECIMAIS><TRIBUTAVEL>0</TRIBUTAVEL></TUND><TUND><CODUND>SC26K</CODUND><DESCRICAO>SACO COM 26 QUILOS</DESCRICAO><CODUNDBASE>KG</CODUNDBASE><FATORCONVERSAO>26.0000000000</FATORCONVERSAO><EBASE>0</EBASE><NCASASDECIMAIS>0</NCASASDECIMAIS><TRIBUTAVEL>0</TRIBUTAVEL></TUND><TUND><CODUND>SC2K</CODUND><DESCRICAO>SACO COM 2 QUILOS </DESCRICAO><CODUNDBASE>UN</CODUNDBASE><FATORCONVERSAO>1.0000000000</FATORCONVERSAO><EBASE>0</EBASE><NCASASDECIMAIS>0</NCASASDECIMAIS><RECCREATEDBY>danielle.marques</RECCREATEDBY><RECCREATEDON>2022-09-27T09:31:40-03:00</RECCREATEDON><RECMODIFIEDBY>danielle.marques</RECMODIFIEDBY><RECMODIFIEDON>2022-09-27T09:31:40-03:00</RECMODIFIEDON><TRIBUTAVEL>0</TRIBUTAVEL></TUND><TUND><CODUND>SC2KG</CODUND><DESCRICAO>SACO COM 2 QUILOS</DESCRICAO><CODUNDBASE>KG</CODUNDBASE><FATORCONVERSAO>2.0000000000</FATORCONVERSAO><EBASE>0</EBASE><NCASASDECIMAIS>0</NCASASDECIMAIS><TRIBUTAVEL>0</TRIBUTAVEL></TUND><TUND><CODUND>SC30K</CODUND><DESCRICAO>SACO COM 30 QUILOS</DESCRICAO><CODUNDBASE>KG</CODUNDBASE><FATORCONVERSAO>30.0000000000</FATORCONVERSAO><EBASE>0</EBASE><NCASASDECIMAIS>0</NCASASDECIMAIS><TRIBUTAVEL>0</TRIBUTAVEL></TUND><TUND><CODUND>SC35</CODUND><DESCRICAO>SACO COM 35 UNIDADES</DESCRICAO><CODUNDBASE>UN</CODUNDBASE><FATORCONVERSAO>35.0000000000</FATORCONVERSAO><EBASE>0</EBASE><NCASASDECIMAIS>0</NCASASDECIMAIS><TRIBUTAVEL>0</TRIBUTAVEL></TUND><TUND><CODUND>SC35K</CODUND><DESCRICAO>SACO COM 35 KILOS</DESCRICAO><CODUNDBASE>KG</CODUNDBASE><FATORCONVERSAO>35.0000000000</FATORCONVERSAO><EBASE>0</EBASE><NCASASDECIMAIS>0</NCASASDECIMAIS><RECCREATEDBY>danilo.custodio</RECCREATEDBY><RECCREATEDON>2021-09-08T11:03:46-03:00</RECCREATEDON><RECMODIFIEDBY>danilo.custodio</RECMODIFIEDBY><RECMODIFIEDON>2021-09-08T11:03:46-03:00</RECMODIFIEDON><TRIBUTAVEL>0</TRIBUTAVEL></TUND><TUND><CODUND>SC3KG</CODUND><DESCRICAO>SACO COM 3 QUILOS</DESCRICAO><CODUNDBASE>KG</CODUNDBASE><FATORCONVERSAO>3.0000000000</FATORCONVERSAO><EBASE>0</EBASE><NCASASDECIMAIS>0</NCASASDECIMAIS><RECCREATEDBY>daniel.lima</RECCREATEDBY><RECCREATEDON>2021-01-14T13:59:39-03:00</RECCREATEDON><RECMODIFIEDBY>daniel.lima</RECMODIFIEDBY><RECMODIFIEDON>2021-01-14T14:00:06-03:00</RECMODIFIEDON><TRIBUTAVEL>0</TRIBUTAVEL></TUND><TUND><CODUND>SC40K</CODUND><DESCRICAO>SACO COM 40 QUILOS</DESCRICAO><CODUNDBASE>KG</CODUNDBASE><FATORCONVERSAO>40.0000000000</FATORCONVERSAO><EBASE>0</EBASE><NCASASDECIMAIS>0</NCASASDECIMAIS><TRIBUTAVEL>0</TRIBUTAVEL></TUND><TUND><CODUND>SC40L</CODUND><DESCRICAO>SACO COM 40 LITROS</DESCRICAO><CODUNDBASE>UN</CODUNDBASE><FATORCONVERSAO>1.0000000000</FATORCONVERSAO><EBASE>0</EBASE><NCASASDECIMAIS>0</NCASASDECIMAIS><RECCREATEDBY>danielle.marques</RECCREATEDBY><RECCREATEDON>2022-02-01T11:31:07-03:00</RECCREATEDON><RECMODIFIEDBY>danielle.marques</RECMODIFIEDBY><RECMODIFIEDON>2022-02-01T11:31:07-03:00</RECMODIFIEDON><TRIBUTAVEL>0</TRIBUTAVEL></TUND><TUND><CODUND>SC45</CODUND><DESCRICAO>SACO COM 45 UNIDADES</DESCRICAO><CODUNDBASE>UN</CODUNDBASE><FATORCONVERSAO>45.0000000000</FATORCONVERSAO><EBASE>0</EBASE><NCASASDECIMAIS>0</NCASASDECIMAIS><TRIBUTAVEL>0</TRIBUTAVEL></TUND><TUND><CODUND>SC50</CODUND><DESCRICAO>SACO COM 50 UNIDADES</DESCRICAO><CODUNDBASE>UN</CODUNDBASE><FATORCONVERSAO>50.0000000000</FATORCONVERSAO><EBASE>0</EBASE><NCASASDECIMAIS>0</NCASASDECIMAIS><TRIBUTAVEL>0</TRIBUTAVEL></TUND><TUND><CODUND>SC50K</CODUND><DESCRICAO>SACO COM 50 QUILOS</DESCRICAO><CODUNDBASE>KG</CODUNDBASE><FATORCONVERSAO>50.0000000000</FATORCONVERSAO><EBASE>0</EBASE><NCASASDECIMAIS>0</NCASASDECIMAIS><TRIBUTAVEL>0</TRIBUTAVEL></TUND><TUND><CODUND>SC5KG</CODUND><DESCRICAO>SACO COM 5 QUILOS</DESCRICAO><CODUNDBASE>KG</CODUNDBASE><FATORCONVERSAO>5.0000000000</FATORCONVERSAO><EBASE>0</EBASE><NCASASDECIMAIS>0</NCASASDECIMAIS><TRIBUTAVEL>0</TRIBUTAVEL></TUND><TUND><CODUND>SC60</CODUND><DESCRICAO>SACO COM 60 UNIDADES</DESCRICAO><CODUNDBASE>UN</CODUNDBASE><FATORCONVERSAO>60.0000000000</FATORCONVERSAO><EBASE>0</EBASE><NCASASDECIMAIS>0</NCASASDECIMAIS><TRIBUTAVEL>0</TRIBUTAVEL></TUND><TUND><CODUND>SC70</CODUND><DESCRICAO>SACO COM 70 UNIDADES</DESCRICAO><CODUNDBASE>UN</CODUNDBASE><FATORCONVERSAO>70.0000000000</FATORCONVERSAO><EBASE>0</EBASE><NCASASDECIMAIS>0</NCASASDECIMAIS><TRIBUTAVEL>0</TRIBUTAVEL></TUND><TUND><CODUND>SC8KG</CODUND><DESCRICAO>SACO COM 8 QUILOS </DESCRICAO><CODUNDBASE>KG</CODUNDBASE><FATORCONVERSAO>1.0000000000</FATORCONVERSAO><EBASE>0</EBASE><NCASASDECIMAIS>0</NCASASDECIMAIS><RECCREATEDBY>danielle.marques</RECCREATEDBY><RECCREATEDON>2022-01-04T16:10:18-03:00</RECCREATEDON><RECMODIFIEDBY>danielle.marques</RECMODIFIEDBY><RECMODIFIEDON>2022-01-04T16:10:31-03:00</RECMODIFIEDON><TRIBUTAVEL>0</TRIBUTAVEL></TUND><TUND><CODUND>SPRY</CODUND><DESCRICAO>FRASCO SPRAY COM 350ML</DESCRICAO><CODUNDBASE>M3</CODUNDBASE><FATORCONVERSAO>0.0003000000</FATORCONVERSAO><EBASE>0</EBASE><NCASASDECIMAIS>0</NCASASDECIMAIS><RECCREATEDBY>danilo.custodio</RECCREATEDBY><RECCREATEDON>2021-09-08T11:03:46-03:00</RECCREATEDON><RECMODIFIEDBY>danilo.custodio</RECMODIFIEDBY><RECMODIFIEDON>2021-09-08T11:03:46-03:00</RECMODIFIEDON><TRIBUTAVEL>0</TRIBUTAVEL></TUND><TUND><CODUND>T200K</CODUND><DESCRICAO>TAMBOR COM 200 QUILOS</DESCRICAO><CODUNDBASE>KG</CODUNDBASE><FATORCONVERSAO>200.0000000000</FATORCONVERSAO><EBASE>0</EBASE><NCASASDECIMAIS>0</NCASASDECIMAIS><RECCREATEDBY>romana.cabral</RECCREATEDBY><RECCREATEDON>2012-09-19T14:34:55-03:00</RECCREATEDON><RECMODIFIEDBY>romana.cabral</RECMODIFIEDBY><RECMODIFIEDON>2012-09-19T14:34:55-03:00</RECMODIFIEDON><TRIBUTAVEL>0</TRIBUTAVEL></TUND><TUND><CODUND>T204K</CODUND><DESCRICAO>TAMBOR COM 204 QUILOS</DESCRICAO><CODUNDBASE>UN</CODUNDBASE><FATORCONVERSAO>204.0000000000</FATORCONVERSAO><EBASE>0</EBASE><NCASASDECIMAIS>0</NCASASDECIMAIS><RECCREATEDBY>barbara.marcolino</RECCREATEDBY><RECCREATEDON>2012-11-20T14:57:24-03:00</RECCREATEDON><RECMODIFIEDBY>barbara.marcolino</RECMODIFIEDBY><RECMODIFIEDON>2012-11-20T14:57:24-03:00</RECMODIFIEDON><TRIBUTAVEL>0</TRIBUTAVEL></TUND><TUND><CODUND>T230K</CODUND><DESCRICAO>TAMBOR COM 230 QUILOS</DESCRICAO><CODUNDBASE>KG</CODUNDBASE><FATORCONVERSAO>230.0000000000</FATORCONVERSAO><EBASE>0</EBASE><NCASASDECIMAIS>0</NCASASDECIMAIS><RECCREATEDBY>barbara.marcolino</RECCREATEDBY><RECCREATEDON>2012-11-19T11:26:29-03:00</RECCREATEDON><RECMODIFIEDBY>aldinei.franklin</RECMODIFIEDBY><RECMODIFIEDON>2012-12-17T09:47:06-03:00</RECMODIFIEDON><TRIBUTAVEL>0</TRIBUTAVEL></TUND><TUND><CODUND>TB10K</CODUND><DESCRICAO>TAMBOR COM 10 QUILOS</DESCRICAO><CODUNDBASE>KG</CODUNDBASE><FATORCONVERSAO>10.0000000000</FATORCONVERSAO><EBASE>0</EBASE><NCASASDECIMAIS>0</NCASASDECIMAIS><RECCREATEDBY>romana.cabral</RECCREATEDBY><RECCREATEDON>2012-08-13T15:43:42-03:00</RECCREATEDON><RECMODIFIEDBY>danilo.custodio</RECMODIFIEDBY><RECMODIFIEDON>2021-09-08T11:03:46-03:00</RECMODIFIEDON><TRIBUTAVEL>0</TRIBUTAVEL></TUND><TUND><CODUND>TB200</CODUND><DESCRICAO>TAMBOR COM 200 LITROS</DESCRICAO><CODUNDBASE>M3</CODUNDBASE><FATORCONVERSAO>0.2000000000</FATORCONVERSAO><EBASE>0</EBASE><NCASASDECIMAIS>0</NCASASDECIMAIS><TRIBUTAVEL>0</TRIBUTAVEL></TUND><TUND><CODUND>TB3MT</CODUND><DESCRICAO>TUBO DE 3 METROS</DESCRICAO><CODUNDBASE>M</CODUNDBASE><FATORCONVERSAO>3.0000000000</FATORCONVERSAO><EBASE>0</EBASE><NCASASDECIMAIS>0</NCASASDECIMAIS><TRIBUTAVEL>0</TRIBUTAVEL></TUND><TUND><CODUND>TB5MT</CODUND><DESCRICAO>TUBO DE 5 METROS</DESCRICAO><CODUNDBASE>M</CODUNDBASE><FATORCONVERSAO>5.0000000000</FATORCONVERSAO><EBASE>0</EBASE><NCASASDECIMAIS>0</NCASASDECIMAIS><TRIBUTAVEL>0</TRIBUTAVEL></TUND><TUND><CODUND>TB6M</CODUND><DESCRICAO>TUBO COM 6 METROS</DESCRICAO><CODUNDBASE>M</CODUNDBASE><FATORCONVERSAO>6.0000000000</FATORCONVERSAO><EBASE>0</EBASE><NCASASDECIMAIS>0</NCASASDECIMAIS><RECCREATEDBY>danilo.custodio</RECCREATEDBY><RECCREATEDON>2021-09-08T11:03:46-03:00</RECCREATEDON><RECMODIFIEDBY>danilo.custodio</RECMODIFIEDBY><RECMODIFIEDON>2021-09-08T11:03:46-03:00</RECMODIFIEDON><TRIBUTAVEL>0</TRIBUTAVEL></TUND><TUND><CODUND>TB6MT</CODUND><DESCRICAO>TUBO DE 6 METROS</DESCRICAO><CODUNDBASE>M</CODUNDBASE><FATORCONVERSAO>6.0000000000</FATORCONVERSAO><EBASE>0</EBASE><NCASASDECIMAIS>0</NCASASDECIMAIS><TRIBUTAVEL>0</TRIBUTAVEL></TUND><TUND><CODUND>TN-AR</CODUND><DESCRICAO>TONELADA DE ARGAMASSA USINADA TRACO 1:3 (1500KG/M3</DESCRICAO><CODUNDBASE>M3</CODUNDBASE><FATORCONVERSAO>0.6667000000</FATORCONVERSAO><EBASE>0</EBASE><NCASASDECIMAIS>0</NCASASDECIMAIS><RECCREATEDBY>Juliana</RECCREATEDBY><RECCREATEDON>2015-02-19T09:46:24-03:00</RECCREATEDON><RECMODIFIEDBY>Juliana</RECMODIFIEDBY><RECMODIFIEDON>2015-06-15T15:45:17-03:00</RECMODIFIEDON><TRIBUTAVEL>0</TRIBUTAVEL></TUND><TUND><CODUND>TN-BG</CODUND><DESCRICAO>TONELADA DE BRITA GRADUADA - BGS (1760KG/M3)</DESCRICAO><CODUNDBASE>M3</CODUNDBASE><FATORCONVERSAO>0.5682000000</FATORCONVERSAO><EBASE>0</EBASE><NCASASDECIMAIS>0</NCASASDECIMAIS><RECCREATEDBY>Juliana</RECCREATEDBY><RECCREATEDON>2015-04-24T17:44:00-03:00</RECCREATEDON><RECMODIFIEDBY>Juliana</RECMODIFIEDBY><RECMODIFIEDON>2015-05-11T14:50:09-03:00</RECMODIFIEDON><TRIBUTAVEL>0</TRIBUTAVEL></TUND><TUND><CODUND>TN-BI</CODUND><DESCRICAO>TONELADA DE BICA CORRIDA (1650KG/M3)</DESCRICAO><CODUNDBASE>M3</CODUNDBASE><FATORCONVERSAO>0.6061000000</FATORCONVERSAO><EBASE>0</EBASE><NCASASDECIMAIS>0</NCASASDECIMAIS><RECMODIFIEDBY>Juliana</RECMODIFIEDBY><RECMODIFIEDON>2016-05-06T17:55:28-03:00</RECMODIFIEDON><TRIBUTAVEL>0</TRIBUTAVEL></TUND><TUND><CODUND>TN-BR</CODUND><DESCRICAO>TONELADA DE BRITA (1500KG/M3)</DESCRICAO><CODUNDBASE>M3</CODUNDBASE><FATORCONVERSAO>0.7142000000</FATORCONVERSAO><EBASE>0</EBASE><NCASASDECIMAIS>0</NCASASDECIMAIS><RECMODIFIEDBY>Juliana</RECMODIFIEDBY><RECMODIFIEDON>2015-05-11T14:51:15-03:00</RECMODIFIEDON><TRIBUTAVEL>0</TRIBUTAVEL></TUND><TUND><CODUND>TN-CQ</CODUND><DESCRICAO>TONELADA DE CBUQ (2400KG/M3)</DESCRICAO><CODUNDBASE>M3</CODUNDBASE><FATORCONVERSAO>0.4167000000</FATORCONVERSAO><EBASE>0</EBASE><NCASASDECIMAIS>0</NCASASDECIMAIS><RECCREATEDBY>Juliana</RECCREATEDBY><RECCREATEDON>2015-04-24T14:33:43-03:00</RECCREATEDON><RECMODIFIEDBY>Juliana</RECMODIFIEDBY><RECMODIFIEDON>2015-05-11T14:51:27-03:00</RECMODIFIEDON><TRIBUTAVEL>0</TRIBUTAVEL></TUND><TUND><CODUND>TN-P</CODUND><DESCRICAO>TONELADA DE PÓ DE PEDRA (1530KG/M3)</DESCRICAO><CODUNDBASE>M3</CODUNDBASE><FATORCONVERSAO>0.6536000000</FATORCONVERSAO><EBASE>0</EBASE><NCASASDECIMAIS>0</NCASASDECIMAIS><RECMODIFIEDBY>Juliana</RECMODIFIEDBY><RECMODIFIEDON>2015-05-11T14:51:35-03:00</RECMODIFIEDON><TRIBUTAVEL>0</TRIBUTAVEL></TUND><TUND><CODUND>TN-PM</CODUND><DESCRICAO>TONELADA DE PEDRA DE MAO/RACHAO (1530KG/M3)</DESCRICAO><CODUNDBASE>M3</CODUNDBASE><FATORCONVERSAO>0.6993000000</FATORCONVERSAO><EBASE>0</EBASE><NCASASDECIMAIS>0</NCASASDECIMAIS><RECCREATEDBY>Juliana</RECCREATEDBY><RECCREATEDON>2015-04-24T17:40:25-03:00</RECCREATEDON><RECMODIFIEDBY>Juliana</RECMODIFIEDBY><RECMODIFIEDON>2015-05-11T14:51:43-03:00</RECMODIFIEDON><TRIBUTAVEL>0</TRIBUTAVEL></TUND><TUND><CODUND>TN-PP</CODUND><DESCRICAO>TONELADA DE PO DE PEDRA</DESCRICAO><CODUNDBASE>M3</CODUNDBASE><FATORCONVERSAO>0.6500000000</FATORCONVERSAO><EBASE>0</EBASE><NCASASDECIMAIS>0</NCASASDECIMAIS><RECCREATEDBY>danilo.custodio</RECCREATEDBY><RECCREATEDON>2021-09-08T11:03:46-03:00</RECCREATEDON><RECMODIFIEDBY>danilo.custodio</RECMODIFIEDBY><RECMODIFIEDON>2021-09-08T11:03:46-03:00</RECMODIFIEDON><TRIBUTAVEL>0</TRIBUTAVEL></TUND><TUND><CODUND>TN-PR</CODUND><DESCRICAO>TONELADA DE PEDRA DE MAO</DESCRICAO><CODUNDBASE>M3</CODUNDBASE><FATORCONVERSAO>0.6676000000</FATORCONVERSAO><EBASE>0</EBASE><NCASASDECIMAIS>0</NCASASDECIMAIS><RECCREATEDBY>danilo.custodio</RECCREATEDBY><RECCREATEDON>2021-09-08T11:03:46-03:00</RECCREATEDON><RECMODIFIEDBY>danilo.custodio</RECMODIFIEDBY><RECMODIFIEDON>2021-09-08T11:03:46-03:00</RECMODIFIEDON><TRIBUTAVEL>0</TRIBUTAVEL></TUND><TUND><CODUND>TON</CODUND><DESCRICAO>TONELADA</DESCRICAO><CODUNDBASE>KG</CODUNDBASE><FATORCONVERSAO>1000.0000000000</FATORCONVERSAO><EBASE>0</EBASE><NCASASDECIMAIS>0</NCASASDECIMAIS><TRIBUTAVEL>0</TRIBUTAVEL></TUND><TUND><CODUND>TXKM</CODUND><DESCRICAO>TONELADA POR KILOMETRO</DESCRICAO><CODUNDBASE>UN</CODUNDBASE><FATORCONVERSAO>1.0000000000</FATORCONVERSAO><EBASE>0</EBASE><NCASASDECIMAIS>0</NCASASDECIMAIS><TRIBUTAVEL>0</TRIBUTAVEL></TUND><TUND><CODUND>UN/DI</CODUND><DESCRICAO>UNIDADE/DIA</DESCRICAO><CODUNDBASE>UN</CODUNDBASE><FATORCONVERSAO>1.0000000000</FATORCONVERSAO><EBASE>0</EBASE><NCASASDECIMAIS>0</NCASASDECIMAIS><RECCREATEDBY>danilo.custodio</RECCREATEDBY><RECCREATEDON>2021-09-08T11:03:46-03:00</RECCREATEDON><RECMODIFIEDBY>danilo.custodio</RECMODIFIEDBY><RECMODIFIEDON>2021-09-08T11:03:46-03:00</RECMODIFIEDON><TRIBUTAVEL>0</TRIBUTAVEL></TUND><TUND><CODUND>UN/M</CODUND><DESCRICAO>UNIDADE POR MES </DESCRICAO><CODUNDBASE>UN</CODUNDBASE><FATORCONVERSAO>1.0000000000</FATORCONVERSAO><EBASE>0</EBASE><NCASASDECIMAIS>0</NCASASDECIMAIS><RECCREATEDBY>barbara.marcolino</RECCREATEDBY><RECCREATEDON>2013-11-06T15:08:15-03:00</RECCREATEDON><RECMODIFIEDBY>barbara.marcolino</RECMODIFIEDBY><RECMODIFIEDON>2013-11-06T15:08:15-03:00</RECMODIFIEDON><TRIBUTAVEL>0</TRIBUTAVEL></TUND><TUND><CODUND>UNI</CODUND><DESCRICAO>UNIDADE</DESCRICAO><CODUNDBASE>UN</CODUNDBASE><FATORCONVERSAO>1.0000000000</FATORCONVERSAO><EBASE>0</EBASE><NCASASDECIMAIS>0</NCASASDECIMAIS><RECCREATEDBY>danielle.marques</RECCREATEDBY><RECCREATEDON>2021-07-27T13:43:07-03:00</RECCREATEDON><RECMODIFIEDBY>danielle.marques</RECMODIFIEDBY><RECMODIFIEDON>2021-07-27T13:43:07-03:00</RECMODIFIEDON><TRIBUTAVEL>0</TRIBUTAVEL></TUND><TUND><CODUND>UNID</CODUND><DESCRICAO>UNIDADE</DESCRICAO><CODUNDBASE>UN</CODUNDBASE><FATORCONVERSAO>1.0000000000</FATORCONVERSAO><EBASE>0</EBASE><NCASASDECIMAIS>0</NCASASDECIMAIS><RECCREATEDBY>danielle.marques</RECCREATEDBY><RECCREATEDON>2021-07-27T13:51:10-03:00</RECCREATEDON><RECMODIFIEDBY>danielle.marques</RECMODIFIEDBY><RECMODIFIEDON>2021-07-27T13:51:10-03:00</RECMODIFIEDON><TRIBUTAVEL>0</TRIBUTAVEL></TUND><TUND><CODUND>VB</CODUND><DESCRICAO>VERBA</DESCRICAO><CODUNDBASE>UN</CODUNDBASE><FATORCONVERSAO>1.0000000000</FATORCONVERSAO><EBASE>0</EBASE><NCASASDECIMAIS>2</NCASASDECIMAIS><TRIBUTAVEL>0</TRIBUTAVEL></TUND></NewDataSet>